NSSitesModel,Site,w,SE,PosteriorProb,branch_id_1,branch_id_2,node1,node2,OCNany2spe
2,43,6.766,1.068,1,271,355,321,xiliense,1
2,43,6.766,1.068,1,271,355,321,xiliense,1
2,43,6.766,1.068,1,271,355,321,xiliense,1
2,43,6.766,1.068,1,271,355,321,xiliense,1
2,43,6.766,1.068,1,271,355,321,xiliense,1
2,43,6.766,1.068,1,271,355,321,xiliense,1
2,43,6.766,1.068,1,271,355,321,xiliense,1
2,43,6.766,1.068,1,271,355,321,xiliense,1
2,43,6.766,1.068,1,271,355,321,xiliense,1
2,43,6.766,1.068,1,271,355,321,xiliense,1
2,43,6.766,1.068,1,271,355,321,xiliense,1
2,43,6.766,1.068,1,271,355,321,xiliense,1
2,43,6.766,1.068,1,271,355,321,xiliense,1
2,43,6.766,1.068,1,271,355,321,xiliense,1
2,43,6.766,1.068,1,271,355,321,xiliense,1
2,43,6.766,1.068,1,271,355,321,xiliense,1
2,43,6.766,1.068,1,271,355,321,xiliense,1
2,43,6.766,1.068,1,271,355,321,xiliense,1
2,43,6.766,1.068,1,271,355,321,xiliense,1
2,43,6.766,1.068,1,271,355,321,xiliense,1
2,43,6.766,1.068,1,271,355,321,xiliense,1
2,43,6.766,1.068,1,271,355,321,xiliense,1
2,43,6.766,1.068,1,271,355,321,xiliense,1
2,43,6.766,1.068,1,271,355,321,xiliense,1
2,43,6.766,1.068,1,271,355,321,xiliense,1
2,43,6.766,1.068,1,271,355,321,xiliense,1
2,43,6.766,1.068,1,271,355,321,xiliense,1
2,43,6.766,1.068,1,271,355,321,xiliense,1
2,43,6.766,1.068,1,271,355,321,xiliense,1
2,43,6.766,1.068,1,271,355,321,xiliense,1
2,43,6.766,1.068,1,271,355,321,xiliense,1
2,43,6.766,1.068,1,271,355,321,xiliense,1
2,43,6.766,1.068,1,271,355,321,xiliense,1
2,43,6.766,1.068,1,271,355,321,xiliense,1
2,43,6.766,1.068,1,271,355,321,xiliense,1
2,43,6.766,1.068,1,271,355,321,xiliense,1
2,43,6.766,1.068,1,271,355,321,xiliense,1
2,43,6.766,1.068,1,271,355,321,xiliense,1
2,43,6.766,1.068,1,271,355,321,xiliense,1
2,43,6.766,1.068,1,271,355,321,xiliense,1
2,43,6.766,1.068,1,271,355,321,xiliense,1
2,43,6.766,1.068,1,271,355,321,xiliense,1
2,43,6.766,1.068,1,271,355,321,xiliense,1
2,43,6.766,1.068,1,271,355,321,xiliense,1
2,43,6.766,1.068,1,271,355,321,xiliense,1
2,43,6.766,1.068,1,271,355,321,xiliense,1
2,43,6.766,1.068,1,271,355,321,xiliense,1
2,43,6.766,1.068,1,271,355,321,xiliense,1
2,43,6.766,1.068,1,271,355,321,xiliense,1
2,43,6.766,1.068,1,271,355,321,xiliense,1
2,43,6.766,1.068,1,271,355,321,xiliense,1
2,43,6.766,1.068,1,271,355,321,xiliense,1
2,43,6.766,1.068,1,271,355,321,xiliense,1
2,43,6.766,1.068,1,271,355,321,xiliense,1
2,43,6.766,1.068,1,271,355,321,xiliense,1
2,43,6.766,1.068,1,271,355,321,xiliense,1
2,43,6.766,1.068,1,271,355,321,xiliense,1
2,43,6.766,1.068,1,271,355,321,xiliense,1
2,43,6.766,1.068,1,271,355,321,xiliense,1
2,43,6.766,1.068,1,271,355,321,xiliense,1
2,43,6.766,1.068,1,271,355,321,xiliense,1
2,43,6.766,1.068,1,271,355,321,xiliense,1
2,43,6.766,1.068,1,271,355,321,xiliense,1
2,43,6.766,1.068,1,271,355,321,xiliense,1
2,43,6.766,1.068,1,271,355,321,xiliense,1
2,43,6.766,1.068,1,271,355,321,xiliense,1
2,43,6.766,1.068,1,271,355,321,xiliense,1
2,43,6.766,1.068,1,271,355,321,xiliense,1
2,43,6.766,1.068,1,271,355,321,xiliense,1
2,43,6.766,1.068,1,271,355,321,xiliense,1
2,43,6.766,1.068,1,271,355,321,xiliense,1
2,43,6.766,1.068,1,271,355,321,xiliense,1
2,43,6.766,1.068,1,271,355,321,xiliense,1
2,43,6.766,1.068,1,271,355,321,xiliense,1
2,43,6.766,1.068,1,271,355,321,xiliense,1
2,43,6.766,1.068,1,271,355,321,xiliense,1
2,43,6.766,1.068,1,271,355,321,xiliense,1
2,43,6.766,1.068,1,271,355,321,xiliense,1
2,43,6.766,1.068,1,271,355,321,xiliense,1
2,43,6.766,1.068,1,271,355,321,xiliense,1
2,43,6.766,1.068,1,271,355,321,xiliense,1
2,43,6.766,1.068,1,271,355,321,xiliense,1
2,43,6.766,1.068,1,271,355,321,xiliense,1
2,43,6.766,1.068,1,271,355,321,xiliense,1
2,43,6.766,1.068,1,271,355,321,xiliense,1
2,43,6.766,1.068,1,271,355,321,xiliense,1
2,43,6.766,1.068,1,271,355,321,xiliense,1
2,43,6.766,1.068,1,271,355,321,xiliense,1
2,43,6.766,1.068,1,271,355,321,xiliense,1
2,43,6.766,1.068,1,271,355,321,xiliense,1
2,43,6.766,1.068,1,271,355,321,xiliense,1
2,43,6.766,1.068,1,271,355,321,xiliense,1
2,43,6.766,1.068,1,271,355,321,xiliense,1
2,43,6.766,1.068,1,271,355,321,xiliense,1
2,43,6.766,1.068,1,271,355,321,xiliense,1
2,43,6.766,1.068,1,271,355,321,xiliense,1
2,43,6.766,1.068,1,271,355,321,xiliense,1
2,43,6.766,1.068,1,271,355,321,xiliense,1
2,43,6.766,1.068,1,271,355,321,xiliense,1
2,43,6.766,1.068,1,271,355,321,xiliense,1
2,43,6.766,1.068,1,271,355,321,xiliense,1
2,43,6.766,1.068,1,271,355,321,xiliense,1
2,43,6.766,1.068,1,271,355,321,xiliense,1
2,43,6.766,1.068,1,271,355,321,xiliense,1
2,43,6.766,1.068,1,271,355,321,xiliense,1
2,43,6.766,1.068,1,271,355,321,xiliense,1
2,43,6.766,1.068,1,271,355,321,xiliense,1
2,43,6.766,1.068,1,271,355,321,xiliense,1
2,43,6.766,1.068,1,271,355,321,xiliense,1
2,43,6.766,1.068,1,271,355,321,xiliense,1
2,43,6.766,1.068,1,271,355,321,xiliense,1
2,43,6.766,1.068,1,271,355,321,xiliense,1
2,43,6.766,1.068,1,271,355,321,xiliense,1
2,43,6.766,1.068,1,271,355,321,xiliense,1
2,43,6.766,1.068,1,271,355,321,xiliense,1
2,43,6.766,1.068,1,271,355,321,xiliense,1
2,43,6.766,1.068,1,271,355,321,xiliense,1
2,43,6.766,1.068,1,271,355,321,xiliense,1
2,43,6.766,1.068,1,271,355,321,xiliense,1
2,43,6.766,1.068,1,271,355,321,xiliense,1
2,43,6.766,1.068,1,271,355,321,xiliense,1
2,43,6.766,1.068,1,271,355,321,xiliense,1
2,43,6.766,1.068,1,271,355,321,xiliense,1
2,43,6.766,1.068,1,271,355,321,xiliense,1
2,43,6.766,1.068,1,271,355,321,xiliense,1
2,43,6.766,1.068,1,271,355,321,xiliense,1
2,43,6.766,1.068,1,271,355,321,xiliense,1
2,43,6.766,1.068,1,271,355,321,xiliense,1
2,43,6.766,1.068,1,271,355,321,xiliense,1
2,43,6.766,1.068,1,271,355,321,xiliense,1
2,43,6.766,1.068,1,271,355,321,xiliense,1
2,43,6.766,1.068,1,271,355,321,xiliense,1
2,43,6.766,1.068,1,271,355,321,xiliense,1
2,43,6.766,1.068,1,271,355,321,xiliense,1
2,43,6.766,1.068,1,271,355,321,xiliense,1
2,43,6.766,1.068,1,271,355,321,xiliense,1
2,43,6.766,1.068,1,271,355,321,xiliense,1
2,43,6.766,1.068,1,271,355,321,xiliense,1
2,43,6.766,1.068,1,271,355,321,xiliense,1
2,43,6.766,1.068,1,271,355,321,xiliense,1
2,43,6.766,1.068,1,271,355,321,xiliense,1
2,43,6.766,1.068,1,271,355,321,xiliense,1
2,43,6.766,1.068,1,271,355,321,xiliense,1
2,43,6.766,1.068,1,271,355,321,xiliense,1
2,43,6.766,1.068,1,271,355,321,xiliense,1
2,43,6.766,1.068,1,271,355,321,xiliense,1
2,43,6.766,1.068,1,271,355,321,xiliense,1
2,43,6.766,1.068,1,271,355,321,xiliense,1
2,43,6.766,1.068,1,271,355,321,xiliense,1
2,43,6.766,1.068,1,271,355,321,xiliense,1
2,43,6.766,1.068,1,271,355,321,xiliense,1
2,43,6.766,1.068,1,271,355,321,xiliense,1
2,43,6.766,1.068,1,271,355,321,xiliense,1
2,43,6.766,1.068,1,271,355,321,xiliense,1
2,43,6.766,1.068,1,271,355,321,xiliense,1
2,43,6.766,1.068,1,271,355,321,xiliense,1
2,43,6.766,1.068,1,271,355,321,xiliense,1
2,43,6.766,1.068,1,271,355,321,xiliense,1
2,43,6.766,1.068,1,271,355,321,xiliense,1
2,43,6.766,1.068,1,271,355,321,xiliense,1
2,43,6.766,1.068,1,271,355,321,xiliense,1
2,43,6.766,1.068,1,271,355,321,xiliense,1
2,43,6.766,1.068,1,271,355,321,xiliense,1
2,43,6.766,1.068,1,271,355,321,xiliense,1
2,43,6.766,1.068,1,271,355,321,xiliense,1
2,43,6.766,1.068,1,271,355,321,xiliense,1
2,43,6.766,1.068,1,271,355,321,xiliense,1
2,43,6.766,1.068,1,271,355,321,xiliense,1
2,43,6.766,1.068,1,271,355,321,xiliense,1
2,43,6.766,1.068,1,271,355,321,xiliense,1
2,43,6.766,1.068,1,271,355,321,xiliense,1
2,43,6.766,1.068,1,271,355,321,xiliense,1
2,43,6.766,1.068,1,271,355,321,xiliense,1
2,43,6.766,1.068,1,271,355,321,xiliense,1
2,43,6.766,1.068,1,271,355,321,xiliense,1
2,43,6.766,1.068,1,271,355,321,xiliense,1
2,43,6.766,1.068,1,271,355,321,xiliense,1
2,43,6.766,1.068,1,271,355,321,xiliense,1
2,43,6.766,1.068,1,271,355,321,xiliense,1
2,43,6.766,1.068,1,271,355,321,xiliense,1
2,43,6.766,1.068,1,271,355,321,xiliense,1
2,43,6.766,1.068,1,271,355,321,xiliense,1
2,43,6.766,1.068,1,271,355,321,xiliense,1
2,43,6.766,1.068,1,271,355,321,xiliense,1
2,95,6.766,1.068,1,112,336,lanceolatu,251,1
2,95,6.766,1.068,1,112,336,lanceolatu,251,1
2,95,6.766,1.068,1,112,336,lanceolatu,251,1
2,95,6.766,1.068,1,112,336,lanceolatu,251,1
2,95,6.766,1.068,1,112,336,lanceolatu,251,1
2,95,6.766,1.068,1,112,336,lanceolatu,251,1
2,95,6.766,1.068,1,112,336,lanceolatu,251,1
2,95,6.766,1.068,1,112,336,lanceolatu,251,1
2,95,6.766,1.068,1,112,336,lanceolatu,251,1
2,95,6.766,1.068,1,112,336,lanceolatu,251,1
2,95,6.766,1.068,1,112,336,lanceolatu,251,1
2,95,6.766,1.068,1,112,336,lanceolatu,251,1
2,95,6.766,1.068,1,112,336,lanceolatu,251,1
2,95,6.766,1.068,1,112,336,lanceolatu,251,1
2,95,6.766,1.068,1,112,336,lanceolatu,251,1
2,95,6.766,1.068,1,112,336,lanceolatu,251,1
2,95,6.766,1.068,1,112,336,lanceolatu,251,1
2,95,6.766,1.068,1,112,336,lanceolatu,251,1
2,95,6.766,1.068,1,112,336,lanceolatu,251,1
2,95,6.766,1.068,1,112,336,lanceolatu,251,1
2,95,6.766,1.068,1,112,336,lanceolatu,251,1
2,95,6.766,1.068,1,112,336,lanceolatu,251,1
2,95,6.766,1.068,1,112,336,lanceolatu,251,1
2,95,6.766,1.068,1,112,336,lanceolatu,251,1
2,95,6.766,1.068,1,112,336,lanceolatu,251,1
2,95,6.766,1.068,1,112,336,lanceolatu,251,1
2,95,6.766,1.068,1,112,336,lanceolatu,251,1
2,95,6.766,1.068,1,112,336,lanceolatu,251,1
2,95,6.766,1.068,1,112,336,lanceolatu,251,1
2,95,6.766,1.068,1,112,336,lanceolatu,251,1
2,95,6.766,1.068,1,112,336,lanceolatu,251,1
2,95,6.766,1.068,1,112,336,lanceolatu,251,1
2,95,6.766,1.068,1,112,336,lanceolatu,251,1
2,95,6.766,1.068,1,112,336,lanceolatu,251,1
2,95,6.766,1.068,1,112,336,lanceolatu,251,1
2,95,6.766,1.068,1,112,336,lanceolatu,251,1
2,95,6.766,1.068,1,112,336,lanceolatu,251,1
2,95,6.766,1.068,1,112,336,lanceolatu,251,1
2,95,6.766,1.068,1,112,336,lanceolatu,251,1
2,95,6.766,1.068,1,112,336,lanceolatu,251,1
2,95,6.766,1.068,1,112,336,lanceolatu,251,1
2,95,6.766,1.068,1,112,336,lanceolatu,251,1
2,95,6.766,1.068,1,112,336,lanceolatu,251,1
2,95,6.766,1.068,1,112,336,lanceolatu,251,1
2,95,6.766,1.068,1,112,336,lanceolatu,251,1
2,95,6.766,1.068,1,112,336,lanceolatu,251,1
2,95,6.766,1.068,1,112,336,lanceolatu,251,1
2,95,6.766,1.068,1,112,336,lanceolatu,251,1
2,95,6.766,1.068,1,112,336,lanceolatu,251,1
2,95,6.766,1.068,1,112,336,lanceolatu,251,1
2,95,6.766,1.068,1,112,336,lanceolatu,251,1
2,95,6.766,1.068,1,112,336,lanceolatu,251,1
2,95,6.766,1.068,1,112,336,lanceolatu,251,1
2,95,6.766,1.068,1,112,336,lanceolatu,251,1
2,95,6.766,1.068,1,112,336,lanceolatu,251,1
2,95,6.766,1.068,1,112,336,lanceolatu,251,1
2,95,6.766,1.068,1,112,336,lanceolatu,251,1
2,95,6.766,1.068,1,112,336,lanceolatu,251,1
2,95,6.766,1.068,1,112,336,lanceolatu,251,1
2,95,6.766,1.068,1,112,336,lanceolatu,251,1
2,95,6.766,1.068,1,112,336,lanceolatu,251,1
2,95,6.766,1.068,1,112,336,lanceolatu,251,1
2,95,6.766,1.068,1,112,336,lanceolatu,251,1
2,95,6.766,1.068,1,112,336,lanceolatu,251,1
2,95,6.766,1.068,1,112,336,lanceolatu,251,1
2,95,6.766,1.068,1,112,336,lanceolatu,251,1
2,95,6.766,1.068,1,112,336,lanceolatu,251,1
2,95,6.766,1.068,1,112,336,lanceolatu,251,1
2,95,6.766,1.068,1,112,336,lanceolatu,251,1
2,95,6.766,1.068,1,112,336,lanceolatu,251,1
2,95,6.766,1.068,1,112,336,lanceolatu,251,1
2,95,6.766,1.068,1,112,336,lanceolatu,251,1
2,95,6.766,1.068,1,112,336,lanceolatu,251,1
2,95,6.766,1.068,1,112,336,lanceolatu,251,1
2,95,6.766,1.068,1,112,336,lanceolatu,251,1
2,95,6.766,1.068,1,112,336,lanceolatu,251,1
2,95,6.766,1.068,1,112,336,lanceolatu,251,1
2,95,6.766,1.068,1,112,336,lanceolatu,251,1
2,95,6.766,1.068,1,112,336,lanceolatu,251,1
2,95,6.766,1.068,1,112,336,lanceolatu,251,1
2,95,6.766,1.068,1,112,336,lanceolatu,251,1
2,95,6.766,1.068,1,112,336,lanceolatu,251,1
2,95,6.766,1.068,1,112,336,lanceolatu,251,1
2,95,6.766,1.068,1,112,336,lanceolatu,251,1
2,95,6.766,1.068,1,112,336,lanceolatu,251,1
2,95,6.766,1.068,1,112,336,lanceolatu,251,1
2,95,6.766,1.068,1,112,336,lanceolatu,251,1
2,95,6.766,1.068,1,112,336,lanceolatu,251,1
2,95,6.766,1.068,1,112,336,lanceolatu,251,1
2,95,6.766,1.068,1,112,336,lanceolatu,251,1
2,95,6.766,1.068,1,112,336,lanceolatu,251,1
2,95,6.766,1.068,1,112,336,lanceolatu,251,1
2,95,6.766,1.068,1,112,336,lanceolatu,251,1
2,95,6.766,1.068,1,112,336,lanceolatu,251,1
2,95,6.766,1.068,1,112,336,lanceolatu,251,1
2,95,6.766,1.068,1,112,336,lanceolatu,251,1
2,95,6.766,1.068,1,112,336,lanceolatu,251,1
2,95,6.766,1.068,1,112,336,lanceolatu,251,1
2,95,6.766,1.068,1,112,336,lanceolatu,251,1
2,95,6.766,1.068,1,112,336,lanceolatu,251,1
2,95,6.766,1.068,1,112,336,lanceolatu,251,1
2,95,6.766,1.068,1,112,336,lanceolatu,251,1
2,95,6.766,1.068,1,112,336,lanceolatu,251,1
2,95,6.766,1.068,1,112,336,lanceolatu,251,1
2,95,6.766,1.068,1,112,336,lanceolatu,251,1
2,95,6.766,1.068,1,112,336,lanceolatu,251,1
2,95,6.766,1.068,1,112,336,lanceolatu,251,1
2,95,6.766,1.068,1,112,336,lanceolatu,251,1
2,95,6.766,1.068,1,112,336,lanceolatu,251,1
2,95,6.766,1.068,1,112,336,lanceolatu,251,1
2,95,6.766,1.068,1,112,336,lanceolatu,251,1
2,95,6.766,1.068,1,112,336,lanceolatu,251,1
2,95,6.766,1.068,1,112,336,lanceolatu,251,1
2,95,6.766,1.068,1,112,336,lanceolatu,251,1
2,95,6.766,1.068,1,112,336,lanceolatu,251,1
2,95,6.766,1.068,1,112,336,lanceolatu,251,1
2,95,6.766,1.068,1,112,336,lanceolatu,251,1
2,95,6.766,1.068,1,112,336,lanceolatu,251,1
2,95,6.766,1.068,1,112,336,lanceolatu,251,1
2,95,6.766,1.068,1,112,336,lanceolatu,251,1
2,95,6.766,1.068,1,112,336,lanceolatu,251,1
2,95,6.766,1.068,1,112,336,lanceolatu,251,1
2,95,6.766,1.068,1,112,336,lanceolatu,251,1
2,95,6.766,1.068,1,112,336,lanceolatu,251,1
2,95,6.766,1.068,1,112,336,lanceolatu,251,1
2,95,6.766,1.068,1,112,336,lanceolatu,251,1
2,95,6.766,1.068,1,112,336,lanceolatu,251,1
2,95,6.766,1.068,1,112,336,lanceolatu,251,1
2,95,6.766,1.068,1,112,336,lanceolatu,251,1
2,95,6.766,1.068,1,112,336,lanceolatu,251,1
2,95,6.766,1.068,1,112,336,lanceolatu,251,1
2,95,6.766,1.068,1,112,336,lanceolatu,251,1
2,95,6.766,1.068,1,112,336,lanceolatu,251,1
2,95,6.766,1.068,1,112,336,lanceolatu,251,1
2,95,6.766,1.068,1,112,336,lanceolatu,251,1
2,95,6.766,1.068,1,112,336,lanceolatu,251,1
2,95,6.766,1.068,1,112,336,lanceolatu,251,1
2,95,6.766,1.068,1,112,336,lanceolatu,251,1
2,95,6.766,1.068,1,112,336,lanceolatu,251,1
2,95,6.766,1.068,1,112,336,lanceolatu,251,1
2,95,6.766,1.068,1,112,336,lanceolatu,251,1
2,95,6.766,1.068,1,112,336,lanceolatu,251,1
2,95,6.766,1.068,1,112,336,lanceolatu,251,1
2,95,6.766,1.068,1,112,336,lanceolatu,251,1
2,95,6.766,1.068,1,112,336,lanceolatu,251,1
2,95,6.766,1.068,1,112,336,lanceolatu,251,1
2,95,6.766,1.068,1,112,336,lanceolatu,251,1
2,95,6.766,1.068,1,112,336,lanceolatu,251,1
2,95,6.766,1.068,1,112,336,lanceolatu,251,1
2,95,6.766,1.068,1,112,336,lanceolatu,251,1
2,95,6.766,1.068,1,112,336,lanceolatu,251,1
2,95,6.766,1.068,1,112,336,lanceolatu,251,1
2,95,6.766,1.068,1,112,336,lanceolatu,251,1
2,95,6.766,1.068,1,112,336,lanceolatu,251,1
2,95,6.766,1.068,1,112,336,lanceolatu,251,1
2,95,6.766,1.068,1,112,336,lanceolatu,251,1
2,95,6.766,1.068,1,112,336,lanceolatu,251,1
2,95,6.766,1.068,1,112,336,lanceolatu,251,1
2,95,6.766,1.068,1,112,336,lanceolatu,251,1
2,95,6.766,1.068,1,112,336,lanceolatu,251,1
2,95,6.766,1.068,1,112,336,lanceolatu,251,1
2,95,6.766,1.068,1,112,336,lanceolatu,251,1
2,95,6.766,1.068,1,112,336,lanceolatu,251,1
2,95,6.766,1.068,1,112,336,lanceolatu,251,1
2,95,6.766,1.068,1,112,336,lanceolatu,251,1
2,95,6.766,1.068,1,112,336,lanceolatu,251,1
2,95,6.766,1.068,1,112,336,lanceolatu,251,1
2,95,6.766,1.068,1,112,336,lanceolatu,251,1
2,95,6.766,1.068,1,112,336,lanceolatu,251,1
2,95,6.766,1.068,1,112,336,lanceolatu,251,1
2,95,6.766,1.068,1,112,336,lanceolatu,251,1
2,95,6.766,1.068,1,112,336,lanceolatu,251,1
2,95,6.766,1.068,1,112,336,lanceolatu,251,1
2,95,6.766,1.068,1,112,336,lanceolatu,251,1
2,95,6.766,1.068,1,112,336,lanceolatu,251,1
2,95,6.766,1.068,1,112,336,lanceolatu,251,1
2,95,6.766,1.068,1,112,336,lanceolatu,251,1
2,95,6.766,1.068,1,112,336,lanceolatu,251,1
2,95,6.766,1.068,1,112,336,lanceolatu,251,1
2,95,6.766,1.068,1,112,336,lanceolatu,251,1
2,95,6.766,1.068,1,112,336,lanceolatu,251,1
2,95,6.766,1.068,1,112,336,lanceolatu,251,1
2,95,6.766,1.068,1,112,336,lanceolatu,251,1
2,95,6.766,1.068,1,112,336,lanceolatu,251,1
2,95,6.766,1.068,1,60,112,cythereum,lanceolatu,1
2,95,6.766,1.068,1,60,112,cythereum,lanceolatu,1
2,95,6.766,1.068,1,60,112,cythereum,lanceolatu,1
2,95,6.766,1.068,1,60,112,cythereum,lanceolatu,1
2,95,6.766,1.068,1,60,112,cythereum,lanceolatu,1
2,95,6.766,1.068,1,60,112,cythereum,lanceolatu,1
2,95,6.766,1.068,1,60,112,cythereum,lanceolatu,1
2,95,6.766,1.068,1,60,112,cythereum,lanceolatu,1
2,95,6.766,1.068,1,60,112,cythereum,lanceolatu,1
2,95,6.766,1.068,1,60,112,cythereum,lanceolatu,1
2,95,6.766,1.068,1,60,112,cythereum,lanceolatu,1
2,95,6.766,1.068,1,60,112,cythereum,lanceolatu,1
2,95,6.766,1.068,1,60,112,cythereum,lanceolatu,1
2,95,6.766,1.068,1,60,112,cythereum,lanceolatu,1
2,95,6.766,1.068,1,60,112,cythereum,lanceolatu,1
2,95,6.766,1.068,1,60,112,cythereum,lanceolatu,1
2,95,6.766,1.068,1,60,112,cythereum,lanceolatu,1
2,95,6.766,1.068,1,60,112,cythereum,lanceolatu,1
2,95,6.766,1.068,1,60,112,cythereum,lanceolatu,1
2,95,6.766,1.068,1,60,112,cythereum,lanceolatu,1
2,95,6.766,1.068,1,60,112,cythereum,lanceolatu,1
2,95,6.766,1.068,1,60,112,cythereum,lanceolatu,1
2,95,6.766,1.068,1,60,112,cythereum,lanceolatu,1
2,95,6.766,1.068,1,60,112,cythereum,lanceolatu,1
2,95,6.766,1.068,1,60,112,cythereum,lanceolatu,1
2,95,6.766,1.068,1,60,112,cythereum,lanceolatu,1
2,95,6.766,1.068,1,60,112,cythereum,lanceolatu,1
2,95,6.766,1.068,1,60,112,cythereum,lanceolatu,1
2,95,6.766,1.068,1,60,112,cythereum,lanceolatu,1
2,95,6.766,1.068,1,60,112,cythereum,lanceolatu,1
2,95,6.766,1.068,1,60,112,cythereum,lanceolatu,1
2,95,6.766,1.068,1,60,112,cythereum,lanceolatu,1
2,95,6.766,1.068,1,60,112,cythereum,lanceolatu,1
2,95,6.766,1.068,1,60,112,cythereum,lanceolatu,1
2,95,6.766,1.068,1,60,112,cythereum,lanceolatu,1
2,95,6.766,1.068,1,60,112,cythereum,lanceolatu,1
2,95,6.766,1.068,1,60,112,cythereum,lanceolatu,1
2,95,6.766,1.068,1,60,112,cythereum,lanceolatu,1
2,95,6.766,1.068,1,60,112,cythereum,lanceolatu,1
2,95,6.766,1.068,1,60,112,cythereum,lanceolatu,1
2,95,6.766,1.068,1,60,112,cythereum,lanceolatu,1
2,95,6.766,1.068,1,60,112,cythereum,lanceolatu,1
2,95,6.766,1.068,1,60,112,cythereum,lanceolatu,1
2,95,6.766,1.068,1,60,112,cythereum,lanceolatu,1
2,95,6.766,1.068,1,60,112,cythereum,lanceolatu,1
2,95,6.766,1.068,1,60,112,cythereum,lanceolatu,1
2,95,6.766,1.068,1,60,112,cythereum,lanceolatu,1
2,95,6.766,1.068,1,60,112,cythereum,lanceolatu,1
2,95,6.766,1.068,1,60,112,cythereum,lanceolatu,1
2,95,6.766,1.068,1,60,112,cythereum,lanceolatu,1
2,95,6.766,1.068,1,60,112,cythereum,lanceolatu,1
2,95,6.766,1.068,1,60,112,cythereum,lanceolatu,1
2,95,6.766,1.068,1,60,112,cythereum,lanceolatu,1
2,95,6.766,1.068,1,60,112,cythereum,lanceolatu,1
2,95,6.766,1.068,1,60,112,cythereum,lanceolatu,1
2,95,6.766,1.068,1,60,112,cythereum,lanceolatu,1
2,95,6.766,1.068,1,60,112,cythereum,lanceolatu,1
2,95,6.766,1.068,1,60,112,cythereum,lanceolatu,1
2,95,6.766,1.068,1,60,112,cythereum,lanceolatu,1
2,95,6.766,1.068,1,60,112,cythereum,lanceolatu,1
2,95,6.766,1.068,1,60,112,cythereum,lanceolatu,1
2,95,6.766,1.068,1,60,112,cythereum,lanceolatu,1
2,95,6.766,1.068,1,60,112,cythereum,lanceolatu,1
2,95,6.766,1.068,1,60,112,cythereum,lanceolatu,1
2,95,6.766,1.068,1,60,112,cythereum,lanceolatu,1
2,95,6.766,1.068,1,60,112,cythereum,lanceolatu,1
2,95,6.766,1.068,1,60,112,cythereum,lanceolatu,1
2,95,6.766,1.068,1,60,112,cythereum,lanceolatu,1
2,95,6.766,1.068,1,60,112,cythereum,lanceolatu,1
2,95,6.766,1.068,1,60,112,cythereum,lanceolatu,1
2,95,6.766,1.068,1,60,112,cythereum,lanceolatu,1
2,95,6.766,1.068,1,60,112,cythereum,lanceolatu,1
2,95,6.766,1.068,1,60,112,cythereum,lanceolatu,1
2,95,6.766,1.068,1,60,112,cythereum,lanceolatu,1
2,95,6.766,1.068,1,60,112,cythereum,lanceolatu,1
2,95,6.766,1.068,1,60,112,cythereum,lanceolatu,1
2,95,6.766,1.068,1,60,112,cythereum,lanceolatu,1
2,95,6.766,1.068,1,60,112,cythereum,lanceolatu,1
2,95,6.766,1.068,1,60,112,cythereum,lanceolatu,1
2,95,6.766,1.068,1,60,112,cythereum,lanceolatu,1
2,95,6.766,1.068,1,60,112,cythereum,lanceolatu,1
2,95,6.766,1.068,1,60,112,cythereum,lanceolatu,1
2,95,6.766,1.068,1,60,112,cythereum,lanceolatu,1
2,95,6.766,1.068,1,60,112,cythereum,lanceolatu,1
2,95,6.766,1.068,1,60,112,cythereum,lanceolatu,1
2,95,6.766,1.068,1,60,112,cythereum,lanceolatu,1
2,95,6.766,1.068,1,60,112,cythereum,lanceolatu,1
2,95,6.766,1.068,1,60,112,cythereum,lanceolatu,1
2,95,6.766,1.068,1,60,112,cythereum,lanceolatu,1
2,95,6.766,1.068,1,60,112,cythereum,lanceolatu,1
2,95,6.766,1.068,1,60,112,cythereum,lanceolatu,1
2,95,6.766,1.068,1,60,112,cythereum,lanceolatu,1
2,95,6.766,1.068,1,60,112,cythereum,lanceolatu,1
2,95,6.766,1.068,1,60,112,cythereum,lanceolatu,1
2,95,6.766,1.068,1,60,112,cythereum,lanceolatu,1
2,95,6.766,1.068,1,60,112,cythereum,lanceolatu,1
2,95,6.766,1.068,1,60,112,cythereum,lanceolatu,1
2,95,6.766,1.068,1,60,112,cythereum,lanceolatu,1
2,95,6.766,1.068,1,60,112,cythereum,lanceolatu,1
2,95,6.766,1.068,1,60,112,cythereum,lanceolatu,1
2,95,6.766,1.068,1,60,112,cythereum,lanceolatu,1
2,95,6.766,1.068,1,60,112,cythereum,lanceolatu,1
2,95,6.766,1.068,1,60,112,cythereum,lanceolatu,1
2,95,6.766,1.068,1,60,112,cythereum,lanceolatu,1
2,95,6.766,1.068,1,60,112,cythereum,lanceolatu,1
2,95,6.766,1.068,1,60,112,cythereum,lanceolatu,1
2,95,6.766,1.068,1,60,112,cythereum,lanceolatu,1
2,95,6.766,1.068,1,60,112,cythereum,lanceolatu,1
2,95,6.766,1.068,1,60,112,cythereum,lanceolatu,1
2,95,6.766,1.068,1,60,112,cythereum,lanceolatu,1
2,95,6.766,1.068,1,60,112,cythereum,lanceolatu,1
2,95,6.766,1.068,1,60,112,cythereum,lanceolatu,1
2,95,6.766,1.068,1,60,112,cythereum,lanceolatu,1
2,95,6.766,1.068,1,60,112,cythereum,lanceolatu,1
2,95,6.766,1.068,1,60,112,cythereum,lanceolatu,1
2,95,6.766,1.068,1,60,112,cythereum,lanceolatu,1
2,95,6.766,1.068,1,60,112,cythereum,lanceolatu,1
2,95,6.766,1.068,1,60,112,cythereum,lanceolatu,1
2,95,6.766,1.068,1,60,112,cythereum,lanceolatu,1
2,95,6.766,1.068,1,60,112,cythereum,lanceolatu,1
2,95,6.766,1.068,1,60,112,cythereum,lanceolatu,1
2,95,6.766,1.068,1,60,112,cythereum,lanceolatu,1
2,95,6.766,1.068,1,60,112,cythereum,lanceolatu,1
2,95,6.766,1.068,1,60,112,cythereum,lanceolatu,1
2,95,6.766,1.068,1,60,112,cythereum,lanceolatu,1
2,95,6.766,1.068,1,60,112,cythereum,lanceolatu,1
2,95,6.766,1.068,1,60,112,cythereum,lanceolatu,1
2,95,6.766,1.068,1,60,112,cythereum,lanceolatu,1
2,95,6.766,1.068,1,60,112,cythereum,lanceolatu,1
2,95,6.766,1.068,1,60,112,cythereum,lanceolatu,1
2,95,6.766,1.068,1,60,112,cythereum,lanceolatu,1
2,95,6.766,1.068,1,60,112,cythereum,lanceolatu,1
2,95,6.766,1.068,1,60,112,cythereum,lanceolatu,1
2,95,6.766,1.068,1,60,112,cythereum,lanceolatu,1
2,95,6.766,1.068,1,60,112,cythereum,lanceolatu,1
2,95,6.766,1.068,1,60,112,cythereum,lanceolatu,1
2,95,6.766,1.068,1,60,112,cythereum,lanceolatu,1
2,95,6.766,1.068,1,60,112,cythereum,lanceolatu,1
2,95,6.766,1.068,1,60,112,cythereum,lanceolatu,1
2,95,6.766,1.068,1,60,112,cythereum,lanceolatu,1
2,95,6.766,1.068,1,60,112,cythereum,lanceolatu,1
2,95,6.766,1.068,1,60,112,cythereum,lanceolatu,1
2,95,6.766,1.068,1,60,112,cythereum,lanceolatu,1
2,95,6.766,1.068,1,60,112,cythereum,lanceolatu,1
2,95,6.766,1.068,1,60,112,cythereum,lanceolatu,1
2,95,6.766,1.068,1,60,112,cythereum,lanceolatu,1
2,95,6.766,1.068,1,60,112,cythereum,lanceolatu,1
2,95,6.766,1.068,1,60,112,cythereum,lanceolatu,1
2,95,6.766,1.068,1,60,112,cythereum,lanceolatu,1
2,95,6.766,1.068,1,60,112,cythereum,lanceolatu,1
2,95,6.766,1.068,1,60,112,cythereum,lanceolatu,1
2,95,6.766,1.068,1,60,112,cythereum,lanceolatu,1
2,95,6.766,1.068,1,60,112,cythereum,lanceolatu,1
2,95,6.766,1.068,1,60,112,cythereum,lanceolatu,1
2,95,6.766,1.068,1,60,112,cythereum,lanceolatu,1
2,95,6.766,1.068,1,60,112,cythereum,lanceolatu,1
2,95,6.766,1.068,1,60,112,cythereum,lanceolatu,1
2,95,6.766,1.068,1,60,112,cythereum,lanceolatu,1
2,95,6.766,1.068,1,60,112,cythereum,lanceolatu,1
2,95,6.766,1.068,1,60,112,cythereum,lanceolatu,1
2,95,6.766,1.068,1,60,112,cythereum,lanceolatu,1
2,95,6.766,1.068,1,60,112,cythereum,lanceolatu,1
2,95,6.766,1.068,1,60,112,cythereum,lanceolatu,1
2,95,6.766,1.068,1,60,112,cythereum,lanceolatu,1
2,95,6.766,1.068,1,60,112,cythereum,lanceolatu,1
2,95,6.766,1.068,1,60,112,cythereum,lanceolatu,1
2,95,6.766,1.068,1,60,112,cythereum,lanceolatu,1
2,95,6.766,1.068,1,60,112,cythereum,lanceolatu,1
2,95,6.766,1.068,1,60,112,cythereum,lanceolatu,1
2,95,6.766,1.068,1,60,112,cythereum,lanceolatu,1
2,95,6.766,1.068,1,60,112,cythereum,lanceolatu,1
2,95,6.766,1.068,1,60,112,cythereum,lanceolatu,1
2,95,6.766,1.068,1,60,112,cythereum,lanceolatu,1
2,95,6.766,1.068,1,60,112,cythereum,lanceolatu,1
2,95,6.766,1.068,1,60,112,cythereum,lanceolatu,1
2,95,6.766,1.068,1,60,112,cythereum,lanceolatu,1
2,95,6.766,1.068,1,60,112,cythereum,lanceolatu,1
2,95,6.766,1.068,1,60,112,cythereum,lanceolatu,1
2,95,6.766,1.068,1,60,112,cythereum,lanceolatu,1
2,95,6.766,1.068,1,60,112,cythereum,lanceolatu,1
2,95,6.766,1.068,1,60,112,cythereum,lanceolatu,1
2,95,6.766,1.068,1,60,112,cythereum,lanceolatu,1
2,95,6.766,1.068,1,60,112,cythereum,lanceolatu,1
2,95,6.766,1.068,1,60,112,cythereum,lanceolatu,1
2,95,6.766,1.068,1,63,247,dendroides,207,0.9948
2,95,6.766,1.068,1,63,247,dendroides,207,0.9948
2,95,6.766,1.068,1,63,247,dendroides,207,0.9948
2,95,6.766,1.068,1,63,247,dendroides,207,0.9948
2,95,6.766,1.068,1,63,247,dendroides,207,0.9948
2,95,6.766,1.068,1,63,247,dendroides,207,0.9948
2,95,6.766,1.068,1,63,247,dendroides,207,0.9948
2,95,6.766,1.068,1,63,247,dendroides,207,0.9948
2,95,6.766,1.068,1,63,247,dendroides,207,0.9948
2,95,6.766,1.068,1,63,247,dendroides,207,0.9948
2,95,6.766,1.068,1,63,247,dendroides,207,0.9948
2,95,6.766,1.068,1,63,247,dendroides,207,0.9948
2,95,6.766,1.068,1,63,247,dendroides,207,0.9948
2,95,6.766,1.068,1,63,247,dendroides,207,0.9948
2,95,6.766,1.068,1,63,247,dendroides,207,0.9948
2,95,6.766,1.068,1,63,247,dendroides,207,0.9948
2,95,6.766,1.068,1,63,247,dendroides,207,0.9948
2,95,6.766,1.068,1,63,247,dendroides,207,0.9948
2,95,6.766,1.068,1,63,247,dendroides,207,0.9948
2,95,6.766,1.068,1,63,247,dendroides,207,0.9948
2,95,6.766,1.068,1,63,247,dendroides,207,0.9948
2,95,6.766,1.068,1,63,247,dendroides,207,0.9948
2,95,6.766,1.068,1,63,247,dendroides,207,0.9948
2,95,6.766,1.068,1,63,247,dendroides,207,0.9948
2,95,6.766,1.068,1,63,247,dendroides,207,0.9948
2,95,6.766,1.068,1,63,247,dendroides,207,0.9948
2,95,6.766,1.068,1,63,247,dendroides,207,0.9948
2,95,6.766,1.068,1,63,247,dendroides,207,0.9948
2,95,6.766,1.068,1,63,247,dendroides,207,0.9948
2,95,6.766,1.068,1,63,247,dendroides,207,0.9948
2,95,6.766,1.068,1,63,247,dendroides,207,0.9948
2,95,6.766,1.068,1,63,247,dendroides,207,0.9948
2,95,6.766,1.068,1,63,247,dendroides,207,0.9948
2,95,6.766,1.068,1,63,247,dendroides,207,0.9948
2,95,6.766,1.068,1,63,247,dendroides,207,0.9948
2,95,6.766,1.068,1,63,247,dendroides,207,0.9948
2,95,6.766,1.068,1,63,247,dendroides,207,0.9948
2,95,6.766,1.068,1,63,247,dendroides,207,0.9948
2,95,6.766,1.068,1,63,247,dendroides,207,0.9948
2,95,6.766,1.068,1,63,247,dendroides,207,0.9948
2,95,6.766,1.068,1,63,247,dendroides,207,0.9948
2,95,6.766,1.068,1,63,247,dendroides,207,0.9948
2,95,6.766,1.068,1,63,247,dendroides,207,0.9948
2,95,6.766,1.068,1,63,247,dendroides,207,0.9948
2,95,6.766,1.068,1,63,247,dendroides,207,0.9948
2,95,6.766,1.068,1,63,247,dendroides,207,0.9948
2,95,6.766,1.068,1,63,247,dendroides,207,0.9948
2,95,6.766,1.068,1,63,247,dendroides,207,0.9948
2,95,6.766,1.068,1,63,247,dendroides,207,0.9948
2,95,6.766,1.068,1,63,247,dendroides,207,0.9948
2,95,6.766,1.068,1,63,247,dendroides,207,0.9948
2,95,6.766,1.068,1,63,247,dendroides,207,0.9948
2,95,6.766,1.068,1,63,247,dendroides,207,0.9948
2,95,6.766,1.068,1,63,247,dendroides,207,0.9948
2,95,6.766,1.068,1,63,247,dendroides,207,0.9948
2,95,6.766,1.068,1,63,247,dendroides,207,0.9948
2,95,6.766,1.068,1,63,247,dendroides,207,0.9948
2,95,6.766,1.068,1,63,247,dendroides,207,0.9948
2,95,6.766,1.068,1,63,247,dendroides,207,0.9948
2,95,6.766,1.068,1,63,247,dendroides,207,0.9948
2,95,6.766,1.068,1,63,247,dendroides,207,0.9948
2,95,6.766,1.068,1,63,247,dendroides,207,0.9948
2,95,6.766,1.068,1,63,247,dendroides,207,0.9948
2,95,6.766,1.068,1,63,247,dendroides,207,0.9948
2,95,6.766,1.068,1,63,247,dendroides,207,0.9948
2,95,6.766,1.068,1,63,247,dendroides,207,0.9948
2,95,6.766,1.068,1,63,247,dendroides,207,0.9948
2,95,6.766,1.068,1,63,247,dendroides,207,0.9948
2,95,6.766,1.068,1,63,247,dendroides,207,0.9948
2,95,6.766,1.068,1,63,247,dendroides,207,0.9948
2,95,6.766,1.068,1,63,247,dendroides,207,0.9948
2,95,6.766,1.068,1,63,247,dendroides,207,0.9948
2,95,6.766,1.068,1,63,247,dendroides,207,0.9948
2,95,6.766,1.068,1,63,247,dendroides,207,0.9948
2,95,6.766,1.068,1,63,247,dendroides,207,0.9948
2,95,6.766,1.068,1,63,247,dendroides,207,0.9948
2,95,6.766,1.068,1,63,247,dendroides,207,0.9948
2,95,6.766,1.068,1,63,247,dendroides,207,0.9948
2,95,6.766,1.068,1,63,247,dendroides,207,0.9948
2,95,6.766,1.068,1,63,247,dendroides,207,0.9948
2,95,6.766,1.068,1,63,247,dendroides,207,0.9948
2,95,6.766,1.068,1,63,247,dendroides,207,0.9948
2,95,6.766,1.068,1,63,247,dendroides,207,0.9948
2,95,6.766,1.068,1,63,247,dendroides,207,0.9948
2,95,6.766,1.068,1,63,247,dendroides,207,0.9948
2,95,6.766,1.068,1,63,247,dendroides,207,0.9948
2,95,6.766,1.068,1,63,247,dendroides,207,0.9948
2,95,6.766,1.068,1,63,247,dendroides,207,0.9948
2,95,6.766,1.068,1,63,247,dendroides,207,0.9948
2,95,6.766,1.068,1,63,247,dendroides,207,0.9948
2,95,6.766,1.068,1,63,247,dendroides,207,0.9948
2,95,6.766,1.068,1,63,247,dendroides,207,0.9948
2,95,6.766,1.068,1,63,247,dendroides,207,0.9948
2,95,6.766,1.068,1,63,247,dendroides,207,0.9948
2,95,6.766,1.068,1,63,247,dendroides,207,0.9948
2,95,6.766,1.068,1,63,247,dendroides,207,0.9948
2,95,6.766,1.068,1,63,247,dendroides,207,0.9948
2,95,6.766,1.068,1,63,247,dendroides,207,0.9948
2,95,6.766,1.068,1,63,247,dendroides,207,0.9948
2,95,6.766,1.068,1,63,247,dendroides,207,0.9948
2,95,6.766,1.068,1,63,247,dendroides,207,0.9948
2,95,6.766,1.068,1,63,247,dendroides,207,0.9948
2,95,6.766,1.068,1,63,247,dendroides,207,0.9948
2,95,6.766,1.068,1,63,247,dendroides,207,0.9948
2,95,6.766,1.068,1,63,247,dendroides,207,0.9948
2,95,6.766,1.068,1,63,247,dendroides,207,0.9948
2,95,6.766,1.068,1,63,247,dendroides,207,0.9948
2,95,6.766,1.068,1,63,247,dendroides,207,0.9948
2,95,6.766,1.068,1,63,247,dendroides,207,0.9948
2,95,6.766,1.068,1,63,247,dendroides,207,0.9948
2,95,6.766,1.068,1,63,247,dendroides,207,0.9948
2,95,6.766,1.068,1,63,247,dendroides,207,0.9948
2,95,6.766,1.068,1,63,247,dendroides,207,0.9948
2,95,6.766,1.068,1,63,247,dendroides,207,0.9948
2,95,6.766,1.068,1,63,247,dendroides,207,0.9948
2,95,6.766,1.068,1,63,247,dendroides,207,0.9948
2,95,6.766,1.068,1,63,247,dendroides,207,0.9948
2,95,6.766,1.068,1,63,247,dendroides,207,0.9948
2,95,6.766,1.068,1,63,247,dendroides,207,0.9948
2,95,6.766,1.068,1,63,247,dendroides,207,0.9948
2,95,6.766,1.068,1,63,247,dendroides,207,0.9948
2,95,6.766,1.068,1,63,247,dendroides,207,0.9948
2,95,6.766,1.068,1,63,247,dendroides,207,0.9948
2,95,6.766,1.068,1,63,247,dendroides,207,0.9948
2,95,6.766,1.068,1,63,247,dendroides,207,0.9948
2,95,6.766,1.068,1,63,247,dendroides,207,0.9948
2,95,6.766,1.068,1,63,247,dendroides,207,0.9948
2,95,6.766,1.068,1,63,247,dendroides,207,0.9948
2,95,6.766,1.068,1,63,247,dendroides,207,0.9948
2,95,6.766,1.068,1,63,247,dendroides,207,0.9948
2,95,6.766,1.068,1,63,247,dendroides,207,0.9948
2,95,6.766,1.068,1,63,247,dendroides,207,0.9948
2,95,6.766,1.068,1,63,247,dendroides,207,0.9948
2,95,6.766,1.068,1,63,247,dendroides,207,0.9948
2,95,6.766,1.068,1,63,247,dendroides,207,0.9948
2,95,6.766,1.068,1,63,247,dendroides,207,0.9948
2,95,6.766,1.068,1,63,247,dendroides,207,0.9948
2,95,6.766,1.068,1,63,247,dendroides,207,0.9948
2,95,6.766,1.068,1,63,247,dendroides,207,0.9948
2,95,6.766,1.068,1,63,247,dendroides,207,0.9948
2,95,6.766,1.068,1,63,247,dendroides,207,0.9948
2,95,6.766,1.068,1,63,247,dendroides,207,0.9948
2,95,6.766,1.068,1,63,247,dendroides,207,0.9948
2,95,6.766,1.068,1,63,247,dendroides,207,0.9948
2,95,6.766,1.068,1,63,247,dendroides,207,0.9948
2,95,6.766,1.068,1,63,247,dendroides,207,0.9948
2,95,6.766,1.068,1,63,247,dendroides,207,0.9948
2,95,6.766,1.068,1,63,247,dendroides,207,0.9948
2,95,6.766,1.068,1,63,247,dendroides,207,0.9948
2,95,6.766,1.068,1,63,247,dendroides,207,0.9948
2,95,6.766,1.068,1,63,247,dendroides,207,0.9948
2,95,6.766,1.068,1,63,247,dendroides,207,0.9948
2,95,6.766,1.068,1,63,247,dendroides,207,0.9948
2,95,6.766,1.068,1,63,247,dendroides,207,0.9948
2,95,6.766,1.068,1,63,247,dendroides,207,0.9948
2,95,6.766,1.068,1,63,247,dendroides,207,0.9948
2,95,6.766,1.068,1,63,247,dendroides,207,0.9948
2,95,6.766,1.068,1,63,247,dendroides,207,0.9948
2,95,6.766,1.068,1,63,247,dendroides,207,0.9948
2,95,6.766,1.068,1,63,247,dendroides,207,0.9948
2,95,6.766,1.068,1,63,247,dendroides,207,0.9948
2,95,6.766,1.068,1,63,247,dendroides,207,0.9948
2,95,6.766,1.068,1,63,247,dendroides,207,0.9948
2,95,6.766,1.068,1,63,247,dendroides,207,0.9948
2,95,6.766,1.068,1,63,247,dendroides,207,0.9948
2,95,6.766,1.068,1,63,247,dendroides,207,0.9948
2,95,6.766,1.068,1,63,247,dendroides,207,0.9948
2,95,6.766,1.068,1,63,247,dendroides,207,0.9948
2,95,6.766,1.068,1,63,247,dendroides,207,0.9948
2,95,6.766,1.068,1,63,247,dendroides,207,0.9948
2,95,6.766,1.068,1,63,247,dendroides,207,0.9948
2,95,6.766,1.068,1,63,247,dendroides,207,0.9948
2,95,6.766,1.068,1,63,247,dendroides,207,0.9948
2,95,6.766,1.068,1,63,247,dendroides,207,0.9948
2,95,6.766,1.068,1,63,247,dendroides,207,0.9948
2,95,6.766,1.068,1,63,247,dendroides,207,0.9948
2,95,6.766,1.068,1,63,247,dendroides,207,0.9948
2,95,6.766,1.068,1,63,247,dendroides,207,0.9948
2,95,6.766,1.068,1,63,247,dendroides,207,0.9948
2,95,6.766,1.068,1,63,247,dendroides,207,0.9948
2,95,6.766,1.068,1,63,247,dendroides,207,0.9948
2,95,6.766,1.068,1,63,247,dendroides,207,0.9948
2,95,6.766,1.068,1,63,247,dendroides,207,0.9948
2,95,6.766,1.068,1,63,247,dendroides,207,0.9948
2,245,6.766,1.068,1,NA,NA,NA,NA,NA
2,309,6.655,1.307,0.982,139,193,mouretii,356,1
2,309,6.655,1.307,0.982,139,193,mouretii,356,1
2,309,6.655,1.307,0.982,139,193,mouretii,356,1
2,309,6.655,1.307,0.982,139,193,mouretii,356,1
2,309,6.655,1.307,0.982,139,193,mouretii,356,1
2,309,6.655,1.307,0.982,139,193,mouretii,356,1
2,309,6.655,1.307,0.982,139,193,mouretii,356,1
2,309,6.655,1.307,0.982,139,193,mouretii,356,1
2,309,6.655,1.307,0.982,139,193,mouretii,356,1
2,309,6.655,1.307,0.982,139,193,mouretii,356,1
2,309,6.655,1.307,0.982,139,193,mouretii,356,1
2,309,6.655,1.307,0.982,139,193,mouretii,356,1
2,309,6.655,1.307,0.982,139,193,mouretii,356,1
2,309,6.655,1.307,0.982,139,193,mouretii,356,1
2,309,6.655,1.307,0.982,139,193,mouretii,356,1
2,309,6.655,1.307,0.982,139,193,mouretii,356,1
2,309,6.655,1.307,0.982,139,193,mouretii,356,1
2,309,6.655,1.307,0.982,139,193,mouretii,356,1
2,309,6.655,1.307,0.982,139,193,mouretii,356,1
2,309,6.655,1.307,0.982,139,193,mouretii,356,1
2,309,6.655,1.307,0.982,139,193,mouretii,356,1
2,309,6.655,1.307,0.982,139,193,mouretii,356,1
2,309,6.655,1.307,0.982,139,193,mouretii,356,1
2,309,6.655,1.307,0.982,139,193,mouretii,356,1
2,309,6.655,1.307,0.982,139,193,mouretii,356,1
2,309,6.655,1.307,0.982,139,193,mouretii,356,1
2,309,6.655,1.307,0.982,139,193,mouretii,356,1
2,309,6.655,1.307,0.982,139,193,mouretii,356,1
2,309,6.655,1.307,0.982,139,193,mouretii,356,1
2,309,6.655,1.307,0.982,139,193,mouretii,356,1
2,309,6.655,1.307,0.982,139,193,mouretii,356,1
2,309,6.655,1.307,0.982,139,193,mouretii,356,1
2,309,6.655,1.307,0.982,139,193,mouretii,356,1
2,309,6.655,1.307,0.982,139,193,mouretii,356,1
2,309,6.655,1.307,0.982,139,193,mouretii,356,1
2,309,6.655,1.307,0.982,139,193,mouretii,356,1
2,309,6.655,1.307,0.982,139,193,mouretii,356,1
2,309,6.655,1.307,0.982,139,193,mouretii,356,1
2,309,6.655,1.307,0.982,139,193,mouretii,356,1
2,309,6.655,1.307,0.982,139,193,mouretii,356,1
2,309,6.655,1.307,0.982,139,193,mouretii,356,1
2,309,6.655,1.307,0.982,139,193,mouretii,356,1
2,309,6.655,1.307,0.982,139,193,mouretii,356,1
2,309,6.655,1.307,0.982,139,193,mouretii,356,1
2,309,6.655,1.307,0.982,139,193,mouretii,356,1
2,309,6.655,1.307,0.982,139,193,mouretii,356,1
2,309,6.655,1.307,0.982,139,193,mouretii,356,1
2,309,6.655,1.307,0.982,139,193,mouretii,356,1
2,309,6.655,1.307,0.982,139,193,mouretii,356,1
2,309,6.655,1.307,0.982,139,193,mouretii,356,1
2,309,6.655,1.307,0.982,139,193,mouretii,356,1
2,309,6.655,1.307,0.982,139,193,mouretii,356,1
2,309,6.655,1.307,0.982,139,193,mouretii,356,1
2,309,6.655,1.307,0.982,139,193,mouretii,356,1
2,309,6.655,1.307,0.982,139,193,mouretii,356,1
2,309,6.655,1.307,0.982,139,193,mouretii,356,1
2,309,6.655,1.307,0.982,139,193,mouretii,356,1
2,309,6.655,1.307,0.982,139,193,mouretii,356,1
2,309,6.655,1.307,0.982,139,193,mouretii,356,1
2,309,6.655,1.307,0.982,139,193,mouretii,356,1
2,309,6.655,1.307,0.982,139,193,mouretii,356,1
2,309,6.655,1.307,0.982,139,193,mouretii,356,1
2,309,6.655,1.307,0.982,139,193,mouretii,356,1
2,309,6.655,1.307,0.982,139,193,mouretii,356,1
2,309,6.655,1.307,0.982,139,193,mouretii,356,1
2,309,6.655,1.307,0.982,139,193,mouretii,356,1
2,309,6.655,1.307,0.982,139,193,mouretii,356,1
2,309,6.655,1.307,0.982,139,193,mouretii,356,1
2,309,6.655,1.307,0.982,139,193,mouretii,356,1
2,309,6.655,1.307,0.982,139,193,mouretii,356,1
2,309,6.655,1.307,0.982,139,193,mouretii,356,1
2,309,6.655,1.307,0.982,139,193,mouretii,356,1
2,309,6.655,1.307,0.982,139,193,mouretii,356,1
2,309,6.655,1.307,0.982,139,193,mouretii,356,1
2,309,6.655,1.307,0.982,139,193,mouretii,356,1
2,309,6.655,1.307,0.982,139,193,mouretii,356,1
2,309,6.655,1.307,0.982,139,193,mouretii,356,1
2,309,6.655,1.307,0.982,139,193,mouretii,356,1
2,309,6.655,1.307,0.982,139,193,mouretii,356,1
2,309,6.655,1.307,0.982,139,193,mouretii,356,1
2,309,6.655,1.307,0.982,139,193,mouretii,356,1
2,309,6.655,1.307,0.982,139,193,mouretii,356,1
2,309,6.655,1.307,0.982,139,193,mouretii,356,1
2,309,6.655,1.307,0.982,139,193,mouretii,356,1
2,309,6.655,1.307,0.982,139,193,mouretii,356,1
2,309,6.655,1.307,0.982,139,193,mouretii,356,1
2,309,6.655,1.307,0.982,139,193,mouretii,356,1
2,309,6.655,1.307,0.982,139,193,mouretii,356,1
2,309,6.655,1.307,0.982,139,193,mouretii,356,1
2,309,6.655,1.307,0.982,139,193,mouretii,356,1
2,309,6.655,1.307,0.982,139,193,mouretii,356,1
2,309,6.655,1.307,0.982,139,193,mouretii,356,1
2,309,6.655,1.307,0.982,139,193,mouretii,356,1
2,309,6.655,1.307,0.982,139,193,mouretii,356,1
2,309,6.655,1.307,0.982,139,193,mouretii,356,1
2,309,6.655,1.307,0.982,139,193,mouretii,356,1
2,309,6.655,1.307,0.982,139,193,mouretii,356,1
2,309,6.655,1.307,0.982,139,193,mouretii,356,1
2,309,6.655,1.307,0.982,139,193,mouretii,356,1
2,309,6.655,1.307,0.982,139,193,mouretii,356,1
2,309,6.655,1.307,0.982,139,193,mouretii,356,1
2,309,6.655,1.307,0.982,139,193,mouretii,356,1
2,309,6.655,1.307,0.982,139,193,mouretii,356,1
2,309,6.655,1.307,0.982,139,193,mouretii,356,1
2,309,6.655,1.307,0.982,139,193,mouretii,356,1
2,309,6.655,1.307,0.982,139,193,mouretii,356,1
2,309,6.655,1.307,0.982,139,193,mouretii,356,1
2,309,6.655,1.307,0.982,139,193,mouretii,356,1
2,309,6.655,1.307,0.982,139,193,mouretii,356,1
2,309,6.655,1.307,0.982,139,193,mouretii,356,1
2,309,6.655,1.307,0.982,139,193,mouretii,356,1
2,309,6.655,1.307,0.982,139,193,mouretii,356,1
2,309,6.655,1.307,0.982,139,193,mouretii,356,1
2,309,6.655,1.307,0.982,139,193,mouretii,356,1
2,309,6.655,1.307,0.982,139,193,mouretii,356,1
2,309,6.655,1.307,0.982,139,193,mouretii,356,1
2,309,6.655,1.307,0.982,139,193,mouretii,356,1
2,309,6.655,1.307,0.982,139,193,mouretii,356,1
2,309,6.655,1.307,0.982,139,193,mouretii,356,1
2,309,6.655,1.307,0.982,139,193,mouretii,356,1
2,309,6.655,1.307,0.982,139,193,mouretii,356,1
2,309,6.655,1.307,0.982,139,193,mouretii,356,1
2,309,6.655,1.307,0.982,139,193,mouretii,356,1
2,309,6.655,1.307,0.982,139,193,mouretii,356,1
2,309,6.655,1.307,0.982,139,193,mouretii,356,1
2,309,6.655,1.307,0.982,139,193,mouretii,356,1
2,309,6.655,1.307,0.982,139,193,mouretii,356,1
2,309,6.655,1.307,0.982,139,193,mouretii,356,1
2,309,6.655,1.307,0.982,139,193,mouretii,356,1
2,309,6.655,1.307,0.982,139,193,mouretii,356,1
2,309,6.655,1.307,0.982,139,193,mouretii,356,1
2,309,6.655,1.307,0.982,139,193,mouretii,356,1
2,309,6.655,1.307,0.982,139,193,mouretii,356,1
2,309,6.655,1.307,0.982,139,193,mouretii,356,1
2,309,6.655,1.307,0.982,139,193,mouretii,356,1
2,309,6.655,1.307,0.982,139,193,mouretii,356,1
2,309,6.655,1.307,0.982,139,193,mouretii,356,1
2,309,6.655,1.307,0.982,139,193,mouretii,356,1
2,309,6.655,1.307,0.982,139,193,mouretii,356,1
2,309,6.655,1.307,0.982,139,193,mouretii,356,1
2,309,6.655,1.307,0.982,139,193,mouretii,356,1
2,309,6.655,1.307,0.982,139,193,mouretii,356,1
2,309,6.655,1.307,0.982,139,193,mouretii,356,1
2,309,6.655,1.307,0.982,139,193,mouretii,356,1
2,309,6.655,1.307,0.982,139,193,mouretii,356,1
2,309,6.655,1.307,0.982,139,193,mouretii,356,1
2,309,6.655,1.307,0.982,139,193,mouretii,356,1
2,309,6.655,1.307,0.982,139,193,mouretii,356,1
2,309,6.655,1.307,0.982,139,193,mouretii,356,1
2,309,6.655,1.307,0.982,139,193,mouretii,356,1
2,309,6.655,1.307,0.982,139,193,mouretii,356,1
2,309,6.655,1.307,0.982,139,193,mouretii,356,1
2,309,6.655,1.307,0.982,139,193,mouretii,356,1
2,309,6.655,1.307,0.982,139,193,mouretii,356,1
2,309,6.655,1.307,0.982,139,193,mouretii,356,1
2,309,6.655,1.307,0.982,139,193,mouretii,356,1
2,309,6.655,1.307,0.982,139,193,mouretii,356,1
2,309,6.655,1.307,0.982,139,193,mouretii,356,1
2,309,6.655,1.307,0.982,139,193,mouretii,356,1
2,309,6.655,1.307,0.982,139,193,mouretii,356,1
2,309,6.655,1.307,0.982,139,193,mouretii,356,1
2,309,6.655,1.307,0.982,139,193,mouretii,356,1
2,309,6.655,1.307,0.982,139,193,mouretii,356,1
2,309,6.655,1.307,0.982,139,193,mouretii,356,1
2,309,6.655,1.307,0.982,139,193,mouretii,356,1
2,309,6.655,1.307,0.982,139,193,mouretii,356,1
2,309,6.655,1.307,0.982,139,193,mouretii,356,1
2,309,6.655,1.307,0.982,139,193,mouretii,356,1
2,309,6.655,1.307,0.982,139,193,mouretii,356,1
2,309,6.655,1.307,0.982,139,193,mouretii,356,1
2,309,6.655,1.307,0.982,139,193,mouretii,356,1
2,309,6.655,1.307,0.982,139,193,mouretii,356,1
2,309,6.655,1.307,0.982,139,193,mouretii,356,1
2,309,6.655,1.307,0.982,139,193,mouretii,356,1
2,309,6.655,1.307,0.982,139,193,mouretii,356,1
2,309,6.655,1.307,0.982,139,193,mouretii,356,1
2,309,6.655,1.307,0.982,139,193,mouretii,356,1
2,309,6.655,1.307,0.982,139,193,mouretii,356,1
2,309,6.655,1.307,0.982,139,193,mouretii,356,1
2,309,6.655,1.307,0.982,139,193,mouretii,356,1
2,309,6.655,1.307,0.982,139,193,mouretii,356,1
2,309,6.655,1.307,0.982,139,193,mouretii,356,1
2,309,6.655,1.307,0.982,139,193,mouretii,356,1
2,309,6.655,1.307,0.982,139,193,mouretii,356,1
2,340,6.766,1.068,1,NA,NA,NA,NA,NA
