branch_name	branch_id	S_sub	N_sub	N_sitewise	branch_length	is_fg	is_mg
aemula	0	0.0000	0.0000		0.0000	Y	N
affinis	1	1.0000	0.0000		0.0000	Y	N
aitonia466	2	8.6556	4.0482	S96L,E214G,L355F,L404S	0.0377	Y	N
alpestris	3	7.2896	1.0005	V245I	0.0224	Y	N
amurensis	4	0.0124	1.9884	A242V,A397G	0.0033	Y	N
anadroma	5	0.0000	0.0000		0.0000	Y	N
annamensis	6	3.8484	1.1252	E239D	0.0147	Y	N
antarctica	7	0.0000	0.0000		0.0000	Y	N
anthracini	8	0.1091	3.0042	Y9D,K10A,K336R	0.0084	Y	N
apiciflora	9	1.0013	0.0001		0.0030	Y	N
aquilinoid	10	9.4287	0.0622		0.0274	Y	N
ardechensi	11	0.9981	0.0000		0.0027	Y	N
arguta	12	7.1941	1.0394	V235A	0.0231	Y	N
athamantic	13	0.0000	0.9910	V242A	0.0000	Y	N
atrata	14	1.8970	0.0054		0.0035	Y	N
Node183	15	2.1037	0.9959	I306V	0.0081	Y	N
azorica460	16	0.0000	0.0000		0.0000	Y	N
barberiger	17	1.0013	1.0001	V245I	0.0039	Y	N
basisora	18	3.0000	0.0151		0.0084	Y	N
bernieri	19	0.0053	2.0000	V28E,W46R	0.0053	Y	N
bissetiana	20	0.9913	0.0000		0.0028	Y	N
bodinieri	21	1.0303	1.9959	S96L,I289M	0.0051	Y	N
bojeri568	22	0.0000	0.0000		0.0000	Y	N
Node145	23	3.2502	1.9073	V242A,S404L	0.0126	Y	N
campylopte	24	0.0000	0.0000		0.0000	Y	N
carthusian	25	0.0000	0.0000		0.0000	Y	N
caucasica	26	0.0000	0.0000		0.0000	Y	N
caudipinna	27	0.0000	0.0001		0.0000	Y	N
celsa	28	0.9840	0.0006		0.0027	Y	N
championii	29	0.0000	0.0000		0.0000	Y	N
chinensis	30	0.0000	0.0000		0.0000	Y	N
christense	31	4.0009	0.0124		0.0122	Y	N
chrysocoma	32	4.0079	2.0368	L96S,Y262H	0.0128	Y	N
cinnamomea	33	0.0000	0.0000		0.0000	Y	N
clarkei	34	3.0013	1.0001	N164H	0.0172	Y	N
clintonian	35	0.0000	0.0000		0.0000	Y	N
cochleata	36	5.0125	2.9990	L96S,V242A,T310P	0.0182	Y	N
cognata546	37	4.1796	0.0175		0.0114	Y	N
commixta	38	0.0000	0.0000		0.0000	Y	N
conjugata	39	2.0001	0.0000		0.0053	Y	N
coreano-mo	40	4.0000	4.9980	T45K,F97L,V242A,Y262H,I281L	0.0216	Y	N
corleyi	41	0.0000	2.0000	F20S,A418P	0.0056	Y	N
costalisor	42	0.0000	0.0000		0.0000	Y	N
crassirhiz	43	4.1390	0.9999	L355F	0.0122	Y	N
crinalis	44	2.0002	0.0000		0.0057	Y	N
crispifoli	45	0.0000	0.0000		0.0000	Y	N
Node110	46	0.0000	0.0000		0.0000	Y	N
Node109	47	0.0000	0.0000		0.0000	Y	N
cristata	48	0.0000	0.0000		0.0000	Y	N
Node115	49	0.0000	0.0000		0.0000	Y	N
cycadina	50	0.0000	0.0000		0.0000	Y	N
decipiens	51	1.0001	3.9999	L96S,F105S,D320E,I342V	0.0080	Y	N
diacalpe	52	0.9990	0.0001		0.0029	Y	N
dickinsii	53	0.0000	0.0000		0.0000	Y	N
diffracta	54	2.0303	2.1803	F20S,L355F	0.0123	Y	N
dilatata	55	0.0000	0.0000		0.0000	Y	N
dracomo635	56	1.0000	2.0090	L96S,V245I	0.0049	Y	N
Node155	57	0.0000	0.0096		0.0000	Y	N
emeiensis	58	0.0000	0.0000		0.0000	Y	N
erythrosor	59	0.0000	0.0000		0.0000	Y	N
expansa	60	3.0124	3.0116	I129L,I215V,L355F	0.0165	Y	N
Node118	61	0.9639	0.1206		0.0028	Y	N
exstipella	62	0.0000	0.0000		0.0000	Y	N
Node88	63	0.0000	0.0000		0.0000	Y	N
fadenii459	64	1.0053	2.0993	L96S,E203R	0.0063	Y	N
filix-mas	65	0.0000	1.0000	G130E	0.0027	Y	N
flaccisqua	66	0.0003	1.0000	K207N	0.0028	Y	N
formosana	67	1.0089	3.0028	S96L,E320D,S339N	0.0075	Y	N
fragrans	68	0.0000	0.0000		0.0623	Y	N
fuscipes	69	0.0000	0.0000		0.0000	Y	N
fuscoatra	70	10.0000	2.0000	T3N,I306V	0.0315	Y	N
futura	71	0.9989	0.0000		0.0029	Y	N
gamblei	72	0.0000	1.0000	R119Q	0.0026	Y	N
glabra	73	0.0000	0.0000		0.0000	Y	N
glandul457	74	4.0342	1.0003	V245I	0.0137	Y	N
goeringian	75	0.0000	0.0000		0.0000	Y	N
goldiana	76	0.9860	0.0000		0.0000	Y	N
guanchica	77	0.0000	0.0000		0.0000	Y	N
gymnophyll	78	0.0000	0.0000		0.0000	Y	N
Node133	79	9.9968	2.2174	L96S,D320E	0.0312	Y	N
gymnosora	80	0.0001	0.0029		0.0000	Y	N
hadanoi	81	0.0083	0.9957	K10Q	0.0029	Y	N
handeliana	82	0.0000	0.0000		0.0000	Y	N
hangchowen	83	0.0000	1.0000	Y5C	0.0027	Y	N
hasseltii	84	5.9607	5.2079	F105S,I289M,I306V,E320D,L355F,G397A	0.0320	Y	N
hawaiiensi	85	0.0000	0.0000		0.0000	Y	N
Node93	86	1.0000	0.0000		0.0028	Y	N
Node92	87	0.0000	0.0000		0.0000	Y	N
Node91	88	0.0000	0.0000		0.0000	Y	N
Node90	89	9.9995	0.0211		0.0282	Y	N
hendersoni	90	0.9972	0.0026		0.0029	Y	N
heterolaen	91	5.0149	2.0002	E239D,Q284P	0.0197	Y	N
hondoensis	92	0.0000	0.0000		0.0000	Y	N
huberi	93	0.9999	2.0000	K336R,H363P	0.0083	Y	N
Node103	94	0.0006	0.0000		0.0000	Y	N
inaequa632	95	140.1449	6.8402	L96M,I129M,S208A,F231L,V242A,Y262H,L355I	0.5886	Y	N
indusiata	96	3.9999	2.0029	E8Y,K10H	0.0184	Y	N
insularis	97	0.0000	2.0000	F105S,R340L	0.0033	Y	N
integrilob	98	1.0003	1.0000	K336R	0.0060	Y	N
intermedia	99	0.0000	0.0000		0.0000	Y	N
Node111	100	0.0000	0.0000		0.0000	Y	N
Node108	101	0.0000	0.0000		0.0000	Y	N
juxtaposit	102	2.9994	0.2236		0.0085	Y	N
karwinskya	103	4.9861	2.9980	W194G,F262H,I289M	0.0205	Y	N
katanga626	104	2.5191	0.0004		0.0069	Y	N
kawakamii	105	3.9683	1.0081	S96L	0.0111	Y	N
kilemen505	106	2.0934	2.9994	T180S,R193P,D196Y	0.0362	Y	N
Node19	107	4.2902	0.1341		0.0094	Y	N
kinkiensis	108	0.0000	0.0000		0.0000	Y	N
knoblochii	109	0.0000	0.0000		0.0000	Y	N
koidsumian	110	0.0000	0.9999	F105S	0.0000	Y	N
Node56	111	0.0000	0.0001		0.0000	Y	N
Node55	112	0.0000	0.0001		0.0000	Y	N
Node54	113	1.9998	2.0000	S96L,E320D	0.0075	Y	N
komarovii	114	4.0478	0.0011		0.0119	Y	N
labordei	115	0.0000	0.0000		0.0000	Y	N
lacera	116	5.9986	1.7655	A242V,L404S	0.0198	Y	N
lepidopoda	117	0.0000	0.0000		0.0000	Y	N
lewalle637	118	1.0000	0.9997	V242A	0.0031	Y	N
Node153	119	0.5807	0.0053		0.0000	Y	N
ludovician	120	0.0173	1.0001	K216Q	0.0029	Y	N
Node26	121	1.0547	1.9941	I289M,E320D	0.0063	Y	N
lunanensis	122	3.0000	0.0000		0.0082	Y	N
maderensis	123	0.0000	0.0000		0.0000	Y	N
Node112	124	0.0000	0.0000		0.0000	Y	N
Node107	125	8.1905	0.8995	S96L	0.0241	Y	N
mannian510	126	5.1477	1.3468	M192I	0.0187	Y	N
marginalis	127	4.0388	0.9606	Y262H	0.0118	Y	N
Node125	128	3.0101	0.0695		0.0084	Y	N
mauiensis	129	1.0679	1.1096	E413Q	0.0061	Y	N
maximowicz	130	6.0021	0.0000		0.0171	Y	N
maxonii	131	6.1942	1.9465	S96L,I289M	0.0211	Y	N
medioxima	132	0.0000	0.0000		0.0000	Y	N
Node45	133	0.0000	0.0000		0.0000	Y	N
melanocarp	134	2.9996	0.0000		0.0087	Y	N
monticola	135	0.0140	0.0000		0.0000	Y	N
Node22	136	2.9924	1.0026	S96L	0.0085	Y	N
munchii	137	0.0000	0.0000		0.0000	Y	N
namegatae	138	0.0000	0.0000		0.0000	Y	N
Node181	139	4.0000	1.0000	I215V	0.0134	Y	N
neolacera	140	8.9960	0.7655	A242V	0.0258	Y	N
Node135	141	0.0059	0.3532		0.0000	Y	N
Node134	142	0.0025	0.3472		0.0000	Y	N
nodosa	143	1.0000	0.0000		0.0030	Y	N
Node87	144	0.0000	0.0000		0.0000	Y	N
nubigena	145	2.0084	0.0000		0.0056	Y	N
Node105	146	2.8589	0.0535		0.0081	Y	N
Node104	147	1.3762	0.1012		0.0030	Y	N
occiden458	148	0.1448	1.9848	R195I,L404S	0.0060	Y	N
Node27	149	19.1699	5.0152	S96L,F97L,M231F,F262Y,I289M	0.0704	Y	N
odontoloma	150	0.0000	0.0000		0.0000	Y	N
oligodo640	151	9.1778	3.7459	A242V,V245I,L355F,V379I	0.0358	Y	N
oligodonta	152	0.0000	0.0000		0.0000	Y	N
Node24	153	1.0068	0.0021		0.0029	Y	N
oreades	154	1.0019	0.0000		0.0027	Y	N
Node167	155	0.0046	0.0000		0.0000	Y	N
pacifica	156	0.0000	0.0000		0.0000	Y	N
paleolata	157	0.0000	0.0000		0.0000	Y	N
Node86	158	1.0126	1.0000	S96L	0.0031	Y	N
pallida	159	2.0070	3.9979	V242A,I245V,F262Y,I379V	0.0135	Y	N
Node23	160	0.0148	0.0058		0.0000	Y	N
Node21	161	3.5818	0.0176		0.0104	Y	N
panda	162	0.0000	1.0000	E211V	0.0027	Y	N
Node137	163	1.0000	0.7766	A242V	0.0025	Y	N
patula	164	3.0003	3.0000	N95I,L96K,L173F	0.0146	Y	N
Node102	165	2.9327	0.0197		0.0082	Y	N
pentheri	166	1.0127	0.0006		0.0027	Y	N
Node154	167	0.0251	0.0016		0.0000	Y	N
peranema	168	0.0003	0.0000		0.0000	Y	N
polita	169	10.0084	0.7921		0.0322	Y	N
Node71	170	1.2152	0.9261		0.0034	Y	N
Node70	171	7.2146	0.8166		0.0236	Y	N
polylepis	172	0.0000	0.0000		0.0000	Y	N
Node175	173	1.8827	0.0001		0.0030	Y	N
Node174	174	2.1339	0.0001		0.0055	Y	N
protobisse	175	0.0000	0.0000		0.0000	Y	N
Node65	176	0.0002	0.0000		0.0000	Y	N
pseudocaen	177	1.0024	0.0001		0.0030	Y	N
Node84	178	2.0376	0.1254		0.0063	Y	N
Node83	179	0.0105	0.8913	I342V	0.0026	Y	N
pseudofili	180	0.0000	0.0000		0.0000	Y	N
Node164	181	0.0000	0.0000		0.0000	Y	N
pulcherrim	182	1.0032	0.0026		0.0027	Y	N
pycnoptero	183	0.0000	0.0000		0.0000	Y	N
reflexosqu	184	1.0006	0.7764	A242V	0.0030	Y	N
remota	185	0.0000	2.0000	Q189R,P190S	0.0058	Y	N
Node117	186	1.0000	0.0000		0.0028	Y	N
Node116	187	0.0000	0.0000		0.0000	Y	N
Node114	188	1.0315	0.8929	S96L	0.0030	Y	N
Node113	189	4.0048	1.1854	M231L	0.0140	Y	N
Node106	190	5.9019	0.1320		0.0167	Y	N
rosea	191	3.0000	1.0000	F191I	0.0112	Y	N
rossii	192	1.0000	0.0000		0.0028	Y	N
Node99	193	2.0000	0.0000		0.0056	Y	N
Node98	194	0.0000	0.0000		0.0000	Y	N
rosthornii	195	0.0000	0.0000		0.0000	Y	N
Node180	196	0.0000	0.0000		0.0000	Y	N
rubiginosa	197	2.1172	2.9596	S96L,V242A,I245V	0.0099	Y	N
rubrobrunn	198	4.0000	0.0159		0.0109	Y	N
ryo-itoana	199	0.0000	0.0000		0.0000	Y	N
sabaei	200	0.0000	0.0000		0.0000	Y	N
sacrosanct	201	0.0000	0.0000		0.0000	Y	N
Node68	202	5.1969	3.8876	A242V,V245I,L355F,A397G	0.0248	Y	N
saffordii	203	0.1075	1.9809	A242V,V245I	0.0049	Y	N
Node101	204	3.2404	0.0198		0.0084	Y	N
sandwicens	205	1.0000	0.0000		0.0029	Y	N
saxifraga	206	0.0000	0.0000		0.0000	Y	N
saxifragiv	207	0.0000	0.0000		0.0000	Y	N
Node66	208	1.0343	2.9812	A242V,V245I,L355F	0.0088	Y	N
schimpe639	209	0.0002	0.0010		0.0000	Y	N
Node148	210	0.0254	0.0016		0.0000	Y	N
schnell455	211	19.8473	2.3809	S96L,K336R	0.0707	Y	N
Node158	212	6.4483	3.4716	F231M,Y262F,M289I	0.0229	Y	N
Node157	213	11.4160	2.9040	L96S,L97F	0.0355	Y	N
Node156	214	3.8513	1.4799	S404L	0.0130	Y	N
scottii	215	1.0000	4.0000	F107V,V201M,F206L,A242V	0.0120	Y	N
setosa	216	15.0011	3.1126	G175R,I281L,V402F	0.0878	Y	N
shibipedis	217	1.0000	0.0000		0.0030	Y	N
Node46	218	0.0000	0.0000		0.0000	Y	N
Node44	219	1.0135	0.9915	V306I	0.0059	Y	N
shikokiana	220	3.3441	0.0028		0.0097	Y	N
Node81	221	4.8048	2.0382	I306V,I342V	0.0199	Y	N
Node80	222	2.9019	0.0580		0.0068	Y	N
shiroumens	223	8.0001	0.9682	Y262H	0.0242	Y	N
Node124	224	0.0022	0.0638		0.0000	Y	N
sieboldii	225	3.0189	1.0043	L404S	0.0112	Y	N
Node140	226	1.9824	0.0198		0.0054	Y	N
Node139	227	0.0000	0.0306		0.0000	Y	N
Node138	228	0.0000	1.2258	L96S	0.0000	Y	N
Node136	229	0.0000	0.4984		0.0000	Y	N
simasakii	230	0.0000	0.0000		0.0000	Y	N
Node53	231	0.0000	0.0000		0.0000	Y	N
Node52	232	0.0000	0.0000		0.0000	Y	N
Node51	233	1.0001	0.9970	S105F	0.0033	Y	N
Node50	234	0.0002	0.0059		0.0000	Y	N
Node49	235	1.0001	1.9970	F105S,I342V	0.0065	Y	N
Node48	236	0.0005	0.0000		0.0000	Y	N
Node47	237	0.9995	0.0016		0.0029	Y	N
sinofibril	238	1.0011	0.0027		0.0022	Y	N
Node173	239	1.0049	0.9973	A242V	0.0028	Y	N
sordidipes	240	1.9960	0.0057		0.0059	Y	N
Node69	241	4.1998	3.1168	M231L,I289M,E320D	0.0214	Y	N
Node67	242	0.3179	0.1996		0.0000	Y	N
sororia	243	3.0000	2.0000	F262I,I289M	0.0127	Y	N
Node100	244	0.0000	0.0000		0.0000	Y	N
Node97	245	1.0906	0.0001		0.0030	Y	N
Node96	246	6.0078	0.9468	S96L	0.0163	Y	N
Node95	247	5.5307	0.0564		0.0148	Y	N
Node94	248	8.8517	0.0035		0.0252	Y	N
sparsa	249	0.0004	0.0000		0.0000	Y	N
squamifera	250	1.9924	0.0001		0.0057	Y	N
Node85	251	5.0253	1.0310	T3N	0.0178	Y	N
Node82	252	0.0074	1.0004	I306V	0.0029	Y	N
Node79	253	0.0071	0.0248		0.0000	Y	N
Node78	254	0.0056	3.8416	A242V,V245I,I289M,V379I	0.0091	Y	N
squamis504	255	4.3580	0.9185	H262Y	0.0125	Y	N
stenolepis	256	3.0000	1.0000	I215V	0.0093	Y	N
Node182	257	0.0000	0.0000		0.0000	Y	N
stewartii	258	4.9968	0.2174		0.0129	Y	N
Node132	259	0.0038	0.3438		0.0000	Y	N
Node131	260	0.0011	0.3472		0.0000	Y	N
Node130	261	0.0006	0.4983		0.0000	Y	N
Node129	262	0.9987	1.5031	V242A,E320D	0.0043	Y	N
Node128	263	0.0028	0.0002		0.0000	Y	N
subbipinna	264	0.0000	0.0000		0.0000	Y	N
Node172	265	0.0000	0.0000		0.0000	Y	N
subcren638	266	6.0001	12.0004	L96S,L205R,K207L,S208F,Q209V,A210N,N221I,L270F,I273F,V326F,R330L,A358P	0.0556	Y	N
Node152	267	0.5805	0.0053		0.0000	Y	N
Node151	268	2.4762	0.0037		0.0066	Y	N
Node150	269	0.0253	0.0016		0.0000	Y	N
Node149	270	0.0254	0.0012		0.0000	Y	N
subexaltat	271	2.0004	0.0000		0.0056	Y	N
Node32	272	0.0009	0.0000		0.0000	Y	N
Node31	273	5.0019	0.0000		0.0141	Y	N
sublacera	274	6.9992	3.0000	M22I,I67L,L113I	0.0278	Y	N
Node30	275	0.0051	0.0000		0.0000	Y	N
Node29	276	0.9542	0.0010		0.0027	Y	N
subpycnopt	277	1.6965	0.9999	L220F	0.0073	Y	N
tetrapinna	278	0.0000	0.0000		0.0000	Y	N
tokyoensis	279	3.0113	0.0060		0.0086	Y	N
Node25	280	5.4885	1.0188	S96L	0.0165	Y	N
Node20	281	4.7956	3.9144	A242V,V245I,L355F,V379I	0.0219	Y	N
Node18	282	2.8200	0.0756		0.0073	Y	N
Node17	283	0.6800	0.0016		0.0000	Y	N
transmorri	284	1.9990	0.0001		0.0061	Y	N
Node75	285	0.0076	0.0001		0.0000	Y	N
Node74	286	2.0454	1.9966	A242V,V245I	0.0105	Y	N
Node73	287	1.2140	1.0031	A397G	0.0064	Y	N
Node72	288	0.0366	0.0004		0.0000	Y	N
tricell456	289	0.0003	0.0816		0.0000	Y	N
Node147	290	2.2536	2.8344	V242A,Y262H,S404L	0.0096	Y	N
Node146	291	4.9150	0.1755		0.0132	Y	N
Node144	292	0.8045	0.0932		0.0012	Y	N
Node143	293	0.0254	0.0012		0.0000	Y	N
Node142	294	7.0049	2.0422	F97L,L404S	0.0242	Y	N
Node141	295	0.0141	0.9639	I289M	0.0014	Y	N
Node127	296	0.0028	0.0012		0.0000	Y	N
tsugiwoi	297	0.0000	0.0000		0.0000	Y	N
Node43	298	3.0086	1.0085	I342V	0.0117	Y	N
Node42	299	0.9954	0.0116		0.0029	Y	N
Node41	300	0.0023	0.0032		0.0000	Y	N
tsutsuiana	301	1.0000	0.0000		0.0027	Y	N
Node179	302	4.0030	0.0002		0.0105	Y	N
Node178	303	1.3221	0.0003		0.0034	Y	N
Node177	304	0.0000	0.0000		0.0000	Y	N
Node176	305	0.0000	0.0000		0.0000	Y	N
tyrrhen494	306	0.0000	1.0000	E214G	0.0050	Y	N
Node166	307	1.0023	0.0000		0.0019	Y	N
Node165	308	0.0000	0.0000		0.0000	Y	N
Node163	309	0.0000	1.0000	F20S	0.0027	Y	N
Node162	310	0.0000	0.0020		0.0000	Y	N
Node161	311	2.0006	0.0338		0.0055	Y	N
unidentata	312	0.0000	1.0000	V101G	0.0029	Y	N
Node123	313	0.0000	0.0000		0.0000	Y	N
Node122	314	1.0021	0.0000		0.0029	Y	N
Node121	315	0.9486	0.8917	S96L	0.0028	Y	N
Node120	316	12.9992	2.3550	I289M,I306V	0.0447	Y	N
Node119	317	2.4228	2.9468	A242V,V245I,V379I	0.0116	Y	N
uniformis	318	0.9990	0.0000		0.0028	Y	N
Node1	319	0.0010	0.0000		0.0000	Y	N
Node2	320	0.0002	0.0000		0.0000	Y	N
Node3	321	4.9998	1.0000	I215V	0.0158	Y	N
Node4	322	0.0000	0.0000		0.0000	Y	N
Node5	323	0.0000	0.0000		0.0000	Y	N
Node6	324	0.0000	0.0000		0.0000	Y	N
Node7	325	0.0000	0.0000		0.0000	Y	N
Node8	326	1.0001	0.0000		0.0026	Y	N
varia	327	0.0000	0.0000		0.0000	Y	N
Node64	328	3.0087	0.0000		0.0082	Y	N
Node63	329	0.0180	0.0000		0.0000	Y	N
Node62	330	2.9952	0.0201		0.0085	Y	N
Node61	331	3.8237	0.9066	A397G	0.0136	Y	N
Node60	332	0.3190	0.1996		0.0000	Y	N
Node59	333	0.3186	0.1996		0.0000	Y	N
Node58	334	1.8223	1.1126	S96L	0.0057	Y	N
Node57	335	0.0364	0.0004		0.0000	Y	N
villari414	336	0.9637	0.1636		0.0032	Y	N
Node160	337	4.3597	2.8372	L96S,R195A,Y262H	0.0167	Y	N
Node159	338	0.7256	0.0034		0.0019	Y	N
Node126	339	2.0010	0.0338		0.0057	Y	N
wallichian	340	0.0000	0.0000		0.0000	Y	N
Node171	341	1.0001	0.0000		0.0026	Y	N
Node170	342	0.0003	0.0000		0.0000	Y	N
Node169	343	0.0003	0.0000		0.0000	Y	N
Node168	344	0.0003	0.0000		0.0000	Y	N
Node9	345	1.0008	4.9681	S208A,V242A,Y262H,I289M,V398A	0.0122	Y	N
Node10	346	0.0014	0.0625		0.0000	Y	N
Node11	347	0.0017	1.0596	S96L	0.0000	Y	N
Node12	348	10.6572	2.9907	M231F,A242V,F262Y	0.0372	Y	N
Node13	349	0.6797	0.0367		0.0000	Y	N
Node14	350	0.6787	0.0206		0.0000	Y	N
wattsii	351	13.0011	1.0016	S96L	0.0402	Y	N
Node40	352	1.9994	0.0117		0.0058	Y	N
Node39	353	3.9936	2.9973	F262Y,I289M,I306V	0.0192	Y	N
Node38	354	1.0197	0.6451	L262F	0.0031	Y	N
yakusilvic	355	0.0000	0.0000		0.0000	Y	N
Node34	356	0.0000	0.0000		0.0000	Y	N
Node33	357	4.0702	1.9990	S96L,E229D	0.0150	Y	N
Node28	358	6.8537	0.0019		0.0195	Y	N
Node16	359	0.6793	0.0009		0.0000	Y	N
Node15	360	0.6785	0.0001		0.0000	Y	N
zhuweiming	361	0.9999	0.0000		0.0020	Y	N
Node89	362	4.0019	2.8514	S96L,A242V,L404S	0.0165	Y	N
Node77	363	0.0040	0.2061		0.0000	Y	N
Node76	364	0.0037	0.3624		0.0000	Y	N
Node37	365	6.5733	0.6449	F262L	0.0194	Y	N
Node36	366	1.5726	0.0006		0.0026	Y	N
Node35	367	0.0000	0.0000		0.0097	Y	N
Root	368	0.0000	0.0000		0.0000	Y	N
