-7.766157663395093502e-01	4.118318079023252504e-03	1.589936560562124623e-01	3.895283916763307014e-02	1.072238817244459269e-02	1.142100336363919199e-03	9.553567326763808074e-04	2.975371008322703556e-02	8.023203373940374084e-02	0.000000000000000000e+00	4.032817780190175658e-03	1.044346289901207196e-02	2.192356037355849656e-03	3.867382613949746448e-04	5.323766236083543948e-03	5.114912482998434755e-03	4.316046891526185286e-02	1.144632458432700032e-03	2.464201617994263033e-03	1.789290652110537075e-02	1.223001397130443757e-02	1.151610130518525174e-04	0.000000000000000000e+00	5.823340620958268946e-03	3.049772139238271160e-02	1.529812252614208166e-03	7.972669635770227037e-05	4.302314265975284990e-02	6.755790654327973981e-03	1.287244175015254537e-05	3.711977012500970262e-07	7.376029633039279075e-04	1.104287577203518084e-01	6.636830941968813961e-04	2.555811896688622940e-03	2.582999570748338233e-02	2.591997581351705368e-02	4.903939289587248910e-05	3.076201227856682963e-06	9.681022632933779237e-03	2.150989605974533078e-02	8.598646927365081162e-06	1.434634534065355952e-05	2.245622203570508176e-03	2.146938914579215110e-02	1.068730271589090919e-05	9.600458371902004646e-07	5.181330498183630250e-03	4.917007701198390732e-04	9.864717347285006585e-03	8.147055030882111373e-03	2.492273925159700079e-04	1.292387445313232880e-07	3.008358301546233335e-03	1.701333747180975873e-05	8.042310266447235149e-04	1.316994333332461393e-03	5.002620626388354537e-03	9.510582539103749173e-05	1.229722140339613453e-04	4.091226747426326450e-03
1.344281184284948187e-02	-5.771687852646990580e-01	1.277064085097617818e-02	3.310215709071028245e-01	1.829537737058371805e-03	1.718568958575858799e-02	3.935238398435941982e-03	1.003123785618466671e-02	3.778303143350003526e-03	0.000000000000000000e+00	1.296098953049247028e-03	4.735460583762460610e-03	6.844819912343604832e-05	2.948266039551064414e-03	4.237474699796373381e-03	5.865608823422613968e-04	5.065832263048189281e-03	1.757917369665479637e-02	8.506419080813773514e-03	9.172069006623144449e-03	8.700503388877512279e-04	4.944025637952743912e-03	0.000000000000000000e+00	2.259181478387095168e-05	1.655059331346754137e-04	4.455827641387481199e-03	4.712778574037781651e-04	7.730110005148039002e-05	2.265329000367343425e-04	1.128546129733392451e-03	3.703068267670968296e-04	3.995420010674242735e-06	9.464032564116337670e-03	3.407351352364645924e-02	5.981862593702194295e-03	1.587249582883938290e-02	1.162779380186607743e-03	5.046314021543847096e-03	4.371843574884038091e-04	5.949797025197922005e-05	8.447765151251385857e-03	3.335920610214637531e-03	3.640899269510044015e-03	2.721198258174399587e-04	7.160464663057688410e-05	1.193278879198323176e-03	6.756136041822435802e-05	7.586323689518419277e-06	5.585639222095832059e-03	9.837771491399065031e-04	1.022450975279403729e-03	1.332861753936093532e-02	2.043706609491014630e-04	2.990792907215067105e-05	1.282788300915494546e-03	8.500046306119743303e-04	1.233371234302850748e-05	2.318976688365966473e-05	2.277939961258915874e-03	1.503987592111106272e-03	2.566191541739608639e-06
4.199374427133549803e-01	1.033349565040820629e-02	-7.237112542440392593e-01	9.848180043881653301e-03	1.803246521871852692e-03	7.956843380100038152e-03	5.478952122281087640e-03	9.859897783907790522e-03	1.652315546811257765e-02	0.000000000000000000e+00	1.579418803686790176e-02	3.139867405721865137e-03	1.848334606746832661e-04	1.955615435172981375e-03	9.620558234684384313e-03	9.567834270522854656e-04	6.192363131835629426e-03	4.559008401146345986e-03	1.973070962493000610e-02	6.457178762987561202e-03	1.408064099369047274e-04	2.821073152792649523e-03	0.000000000000000000e+00	5.201912589484095593e-03	3.434178471913837730e-04	1.404613650142774207e-02	2.769476484608290184e-02	1.363297271791565936e-02	1.057880599208683779e-05	1.344548465400907905e-04	1.410890645505797616e-03	4.765688559398774285e-04	1.510238458159330471e-02	5.326191644679171243e-03	2.509856457468173305e-02	8.032524443862950822e-03	1.229709000597976312e-04	3.334215071750132060e-03	4.844902054990247488e-03	1.202772286218001425e-02	5.302448882383180761e-05	5.292657897757540274e-04	9.217341047881045038e-03	9.976498067945400051e-04	1.588519679696117126e-05	3.109008347065778046e-04	1.551419149907076181e-03	1.855126163777896971e-03	1.612941578924153739e-03	1.538764640157505754e-03	2.415872897410365725e-05	2.999573070287620078e-03	2.164135157254614306e-04	1.380422963439903233e-03	1.371552511571243649e-04	1.659170944215619713e-03	1.520407951813889844e-04	5.062554742207391963e-07	6.917061273311799364e-04	8.270333588606813835e-03	3.620813485022273933e-04
6.738841176000520683e-02	1.754414325807645003e-01	6.450557928742482218e-03	-9.020387168535117794e-01	8.754960578816282230e-03	8.622809035129890259e-04	1.074103205799827997e-03	6.970999809491561228e-02	1.292532733313620993e-02	0.000000000000000000e+00	9.807860746667989866e-04	4.012779505253953605e-02	8.418731014998107618e-04	2.410982097862415482e-04	4.039376576083668520e-03	5.527086656254644875e-03	2.361790434132028313e-02	1.504490562649918014e-03	1.786093715428094036e-03	5.354819312410433879e-02	1.127483687766729723e-03	1.784001493138266908e-06	0.000000000000000000e+00	1.854790349523770254e-02	9.929759068389006017e-05	3.510188123072977905e-07	7.089547600335925149e-06	1.658458638821468795e-02	3.048690363080342001e-04	0.000000000000000000e+00	1.484790805000388105e-06	3.140400128389955140e-03	4.770460369200669321e-02	2.085131803674037960e-03	2.400615592553066984e-03	1.507283053392003691e-01	2.374668544742144106e-03	4.012313964207749276e-07	2.406712620383309482e-05	2.879361515971628691e-02	2.741188319644342550e-02	3.369780598150059128e-06	2.415389354918117890e-03	6.093244466890718192e-02	2.681081688403140462e-04	0.000000000000000000e+00	3.123879718940133913e-06	8.193101002922443046e-03	4.896397077887513745e-04	1.579310128637920890e-02	4.747282784734612598e-03	1.107332955413152959e-05	1.146142120891513093e-05	1.564301146126504533e-02	5.321595363054489015e-07	1.180353503060432374e-03	4.764597773132294919e-03	2.217954225026305161e-03	1.490985254629340479e-06	1.929645392814193731e-03	7.272724796577242044e-03
4.946595076887772002e-02	2.585746668375832422e-03	3.149670591536169253e-03	2.334656154351008941e-02	-1.854789098057234797e+00	1.068838115080025242e-01	9.314415816628765499e-02	1.081365516412604810e+00	1.816609751743213097e-02	0.000000000000000000e+00	1.105170904782053687e-03	1.935086841392038084e-02	7.425346837615481518e-03	8.215584039416615973e-04	1.650712648499998852e-02	6.834490573732027521e-03	2.229124835596200949e-02	1.748711901312720275e-04	1.124236294476400040e-05	1.639002191644940666e-03	1.194314525477576175e-02	2.437206206511288839e-04	0.000000000000000000e+00	8.681900142667604500e-03	3.587238629480378384e-03	0.000000000000000000e+00	0.000000000000000000e+00	1.431771947494400833e-05	1.471622531352804672e-02	7.148019450621338731e-07	7.423954025001940524e-07	1.037598469438735411e-05	5.696032817773705181e-02	4.186715877851979591e-05	1.344927640802437771e-05	3.970974459911259628e-03	7.677489741704615622e-02	1.753381202358786069e-04	3.181379228344396906e-04	1.451240107812045571e-02	1.406263673198862064e-02	0.000000000000000000e+00	7.557228547321823966e-06	2.460829584868974286e-05	1.176036595806780605e-01	1.392671830594074424e-05	5.687152360930342883e-05	1.446544771306478233e-03	6.110248287435371710e-04	4.393293733830233062e-03	3.108263267401771904e-02	4.883719761300672584e-03	9.850470113138414278e-05	1.780786029420115130e-02	2.413520883657312524e-04	9.526995953514527009e-04	5.502198765474977486e-03	7.116710825090663377e-03	1.671648255163682905e-04	2.758760086750202691e-04	2.206041735258045585e-03
2.905637620455265267e-03	1.339472864772360723e-02	7.664312373478711880e-03	1.268060152224984027e-03	5.894327840514845818e-02	-8.983510426378663594e-01	1.362753011491765753e-01	4.740594903080726508e-01	2.993614197455162808e-04	0.000000000000000000e+00	3.037272866150614379e-04	2.226659679282121194e-03	5.486170627060062632e-05	1.791369274767769595e-02	8.386379469402634179e-03	7.982353625356820338e-04	8.927719555479378616e-04	7.733478941048513647e-03	5.331608597024393298e-03	2.238448843189586504e-05	3.183806326335376761e-04	8.092741814969568043e-03	0.000000000000000000e+00	1.039482614534208236e-03	2.068326731107178132e-05	7.648705082217376570e-03	1.284501723224981814e-04	2.576703335049346108e-05	1.057880599208683779e-05	5.390988215746340267e-03	7.811802594565256256e-04	4.794504012809091959e-06	5.362417161530473424e-03	1.265032305246351942e-02	5.780877762607099235e-03	2.387162561933146531e-05	2.170399904501325774e-03	1.925311530601064511e-02	4.651899147663248087e-03	5.377694269855526517e-03	3.374285652425660392e-06	1.558457452515027040e-03	5.537837968283369185e-06	5.161290515080995446e-06	5.932696590010116120e-05	1.584941390169244263e-02	4.459139325556535599e-04	7.766338149947669479e-05	4.506226528266313834e-03	2.449623262358415336e-06	8.171235534285213294e-04	4.564714897084071188e-02	6.745848562673504179e-04	1.737862416642907415e-03	3.177469404364959091e-03	5.963655698413241517e-04	1.026927122123403751e-05	5.062554742207391963e-07	5.893214388194040199e-03	7.408561756226968013e-05	2.566191541739608639e-06
6.481439794235837985e-03	8.179122945768819639e-03	1.407338682389847918e-02	4.212169434509130048e-03	1.369767031857171136e-01	3.634008030644708120e-01	-1.178748002611052836e+00	4.105336931251981625e-01	1.212801438046345621e-03	0.000000000000000000e+00	1.652452500461236689e-03	4.548854290375031056e-03	5.073287095466039046e-04	5.237581825987659180e-03	2.661790313923694667e-02	2.093517868352773835e-03	3.830441168889813235e-05	8.223413448326424543e-04	1.525715581508690216e-02	1.530860240865070500e-03	9.793213688954441505e-04	4.044136259781138699e-03	0.000000000000000000e+00	1.877829760220981782e-03	2.896055370011060677e-05	7.352295505430650523e-05	2.157521334000252547e-02	1.116490416781287500e-04	6.356631582873975211e-06	3.574009725310669683e-06	7.776082770056391182e-03	3.196336008539394781e-06	1.693847848659684309e-04	1.188445612947684575e-03	2.322956453313033617e-02	1.818983708864800987e-03	8.940057397455493382e-03	4.444787912029820980e-03	1.829334540339482701e-02	4.857478758698266681e-03	5.633851937532128966e-06	1.939876371074085012e-05	8.875915373232450001e-03	1.723502368428832588e-05	7.663697996701877683e-05	5.702478930997128675e-05	1.538311788347510034e-02	1.251871990527988674e-04	2.035379204373160243e-03	8.894455360971905040e-04	2.812134843543962100e-03	1.862549526514525530e-02	1.385071616320539614e-03	3.186332535520420596e-03	6.831272838715680236e-04	5.718641564053228606e-03	7.129468012535599211e-04	5.062554742207391963e-07	5.787719250656384084e-04	1.454005816945015510e-02	2.216306501425003867e-04
2.851740634015665840e-02	2.945460423145636157e-03	3.577968447900056834e-03	3.862049755951003915e-02	2.246604258474940441e-01	1.785930489803265186e-01	5.799783476283963679e-02	-1.055689445645398239e+00	5.972852203585096546e-03	0.000000000000000000e+00	6.684456874085717296e-04	3.990124263060094295e-02	1.155909641692802079e-03	1.274757853958639973e-03	8.117092853448059850e-03	2.924501821934086601e-02	5.025192543849177004e-03	2.169934476081478098e-06	2.511657859733450811e-04	1.788359457391770074e-02	4.053903592871832551e-03	4.999385434286689363e-04	0.000000000000000000e+00	2.474411506968825919e-02	1.034660798629853266e-05	0.000000000000000000e+00	0.000000000000000000e+00	8.376740999635281376e-03	6.774175029984326555e-05	3.604043420481347108e-07	7.423954025001940524e-07	1.006379710355330588e-02	1.229423520939849392e-02	1.972275219739453566e-06	5.389500609282418982e-04	3.967084110906034244e-02	1.071423956166830255e-02	3.438018092130813328e-04	1.522911072595771248e-04	1.056262227913093849e-01	7.378237109634322238e-05	0.000000000000000000e+00	6.851061289621259712e-06	1.752875641413766464e-02	2.730798716546302212e-04	5.686974035865266047e-06	1.808169232220921706e-05	7.454632825173826416e-02	6.858757424008748170e-06	1.266902916407938728e-02	1.250835884357778469e-02	5.808634809828541051e-03	5.624222384018031306e-05	4.141184195299328630e-02	5.845871054377634857e-06	5.666750096379710765e-04	1.441912871596428940e-02	1.018471698379883614e-04	2.236477881944010824e-06	3.878221023694464848e-04	1.372203322974532499e-02
1.888454671689366871e-01	2.724490702007485981e-03	1.472471677770576838e-02	1.758547936481117194e-02	9.268417100730678287e-03	2.769602250706817417e-04	4.207678458528138488e-04	1.466802479928040921e-02	-1.295021354484461096e+00	0.000000000000000000e+00	9.480063621431002174e-02	1.327464980479815121e-02	2.562275898731731973e-03	2.071620113493237360e-04	5.910732948731798990e-03	2.679155214568536454e-03	1.667114293456479698e-02	2.037823759449458637e-04	2.495424647493699092e-06	8.180087965936772357e-03	5.789792514176134164e-03	3.568002986276533817e-06	0.000000000000000000e+00	2.711724504453999181e-04	3.178573878488013538e-01	5.748815760604127426e-03	1.748075027421095926e-02	4.241964470675345655e-01	6.378942113331513737e-03	3.604043420481347108e-07	0.000000000000000000e+00	5.747351148688070580e-05	3.267273090596094914e-02	8.962617770714730893e-06	6.580194901300709554e-06	1.301366581616291785e-03	1.295737807250349309e-02	0.000000000000000000e+00	0.000000000000000000e+00	6.201398675172430661e-04	2.827286833372039468e-02	2.465766373512654894e-06	8.618585546746513303e-04	1.735345686842902331e-03	1.699600859282806090e-02	1.135179822154215709e-06	5.123560685522832104e-07	8.259063444494018930e-04	6.974291418012500566e-04	8.960574071613665315e-03	5.959312826091559337e-03	2.436370894364353680e-05	3.238007760588709837e-08	4.225046381313557324e-04	1.217383922942309325e-04	2.290178128909183160e-03	1.910772594190128992e-03	3.460288827942250081e-03	1.998554703013796850e-04	4.256825785016030069e-05	3.877322265366482581e-03
1.085356775067102507e-02	4.106276219113044745e-02	1.142057125384992461e-02	1.208460161264721631e-02	3.104855250155457227e-03	5.998432840314937148e-02	1.374644555573302854e-02	2.110386556040217548e-02	5.572678087089627356e-03	-7.746977409833566419e-01	2.778189071866709551e-03	2.306834925122985824e-01	7.075422378075963651e-05	4.007377832551150751e-03	5.888827310027280881e-03	7.189728744789615879e-04	3.123151683398137351e-03	1.023157611813591515e-02	1.224729376396559155e-02	1.006804546359049642e-04	6.094728375455923507e-05	1.242881319408878533e-02	0.000000000000000000e+00	2.937642652292708935e-05	3.527248200482897833e-03	6.818411378035323447e-03	9.829545731568301026e-03	9.430272344362061396e-03	4.234638392708693080e-05	1.805103167365185038e-03	1.834777209036193846e-04	3.995420010674242735e-06	1.507896214742737023e-02	2.503209212342403372e-02	1.320280798583102488e-02	5.329906249640000435e-04	1.777858382356996975e-03	1.974713815004366588e-02	1.277740387599682901e-03	2.385291087302823115e-04	9.000244171735151399e-03	7.185879926753494309e-03	1.424532625610460540e-02	1.502465493825386016e-02	1.991712651832727078e-05	2.111362482193729264e-03	2.069321597259706532e-05	5.631880976286555319e-06	3.972010622394647750e-03	2.449623262358415336e-06	5.715118048477923866e-03	1.298401647720618668e-01	2.764493049881798156e-03	8.360280751431098866e-04	5.409724924189163002e-03	2.635380165304299863e-03	3.283242165872349728e-03	3.527457497796117779e-06	2.644214764449349508e-03	1.434634534065356020e-04	2.566191541739608639e-06
6.066760660633917224e-02	5.973325609705225359e-03	8.995820142737802338e-02	8.528574562319991489e-03	3.603818167767566718e-03	1.795952651289058457e-03	3.664133805370567952e-03	1.049169100671714858e-02	6.058997184131986735e-01	0.000000000000000000e+00	-1.400136674087221866e+00	1.192730539008744588e-02	1.042855304646578014e-03	1.047805326887192622e-03	1.751310379076768259e-02	2.159735408622704984e-03	5.081307030629583581e-05	1.348406856677366109e-03	9.915962715091165489e-03	2.804388402717065965e-03	1.082268898240248240e-04	3.088924251973361717e-04	0.000000000000000000e+00	1.423637696578612449e-03	1.520893572262422555e-01	2.109747983367710536e-02	1.339249002055535043e-01	1.652646228119170058e-01	1.481656038066948849e-05	5.718415560497070985e-06	4.276197518401117742e-04	1.157461069758962532e-04	2.161318559779389417e-04	1.121700324340425852e-04	1.919153966103993858e-02	6.731456791368905981e-04	1.240372839489515286e-04	1.576393575270955956e-05	1.198773919150988593e-03	2.031347556217685812e-03	4.988730699358998912e-03	3.672219908518786140e-05	1.931161794083360861e-02	2.186036947891939128e-03	6.251006831170597875e-05	1.141824777210728464e-05	1.563825130829109072e-03	1.329766819190874227e-03	3.085982826952583802e-03	4.234025986893103465e-03	5.041324673933617702e-05	3.422719678653249440e-04	1.448352424334562903e-04	5.645805348210060229e-04	2.780356190683868755e-04	7.831906211559533371e-03	1.616960275048585222e-03	2.016856486008428435e-06	9.004757860698116463e-04	1.255840417755127968e-02	2.298810939164804175e-03
4.201672282625786708e-02	5.836730486963033308e-03	4.782821280808887895e-03	9.332045361055708865e-02	1.687575733772126579e-02	3.521229260260099348e-03	2.697576381501472047e-03	1.674924254610109520e-01	2.269038978262009204e-02	0.000000000000000000e+00	3.189860743860596041e-03	-1.051015569153583407e+00	8.864792394225990638e-04	3.146154396674062377e-04	5.923512849158707461e-03	8.292961913101375496e-03	1.580651546090600448e-02	3.613898226709225721e-06	7.189327044116709548e-04	2.573177529404784697e-02	2.469332874814173222e-04	2.676002239707400469e-06	0.000000000000000000e+00	2.438255180242773074e-02	5.281555379205916077e-03	9.367040247247390293e-05	1.807148086585118481e-04	1.877466268039648667e-02	1.481967637654344307e-04	3.604043420481347108e-07	1.113593103750291290e-06	3.908331961774910712e-03	4.071259145529052687e-02	4.843308767461443225e-06	2.071926832605168380e-03	7.271737016499668638e-02	3.546624438922260474e-03	4.324382828090573673e-06	4.085858975256946671e-05	1.040024072314827824e-01	3.552197876204850335e-02	1.622570381595872947e-04	8.485999546888419245e-03	1.097903727584395861e-01	1.911377210016033880e-04	5.371338670680923877e-07	6.755141175669908079e-06	1.289561875271575710e-02	2.061062331087770288e-06	1.069535080764367693e-02	3.246743192226517888e-02	9.969095700638800316e-04	1.919082729933260713e-04	1.073601577391769396e-01	7.166178573563909736e-04	2.192434218818591334e-03	2.656999245014770444e-02	8.923977544771705594e-05	7.454926273146702393e-07	2.301609704133522193e-04	6.223814698984255281e-03
2.167300539786068403e-02	2.073002602024063038e-04	6.918052385252431574e-04	4.810703437141776277e-03	1.591145750917602811e-02	2.131769157943338468e-04	7.392504053393370717e-04	1.192238230431718650e-02	1.076155877467327264e-02	0.000000000000000000e+00	6.853049144820370486e-04	2.178206131152671862e-03	-1.269308715816278132e+00	9.718305786360514897e-02	4.312860644962117351e-02	3.790102449260905337e-01	5.235477590219764221e-03	2.169934476081478098e-06	4.144649933553549121e-07	7.980617302354766620e-04	5.637430170745824295e-03	0.000000000000000000e+00	0.000000000000000000e+00	4.744516681409394811e-05	1.212294150163853619e-03	0.000000000000000000e+00	0.000000000000000000e+00	0.000000000000000000e+00	6.856141301448787084e-02	8.178055060194906398e-04	5.184253152144927294e-04	1.525813369343060125e-02	1.767210433167308928e-02	0.000000000000000000e+00	1.251841956832817795e-06	5.000657173566573020e-05	2.761165353999006297e-02	0.000000000000000000e+00	4.978084974539860845e-07	8.036031347050614062e-05	5.854355479408052641e-03	0.000000000000000000e+00	9.663341421165609862e-07	7.188940360291387572e-06	3.416851869861656232e-01	8.539154869996837564e-04	4.532575370605441793e-03	6.628590184061526613e-02	2.914571143083784211e-04	1.210056874511881639e-02	2.196141690776815935e-03	0.000000000000000000e+00	0.000000000000000000e+00	3.740696733507930863e-06	4.784705519759657939e-05	2.681153769271550462e-03	9.204628347847080855e-04	4.212596710750579621e-02	1.030492872582542286e-03	2.640166109713984813e-02	2.966812672245574753e-02
7.475499354338615773e-04	1.745900559734149971e-03	1.431204592221567082e-03	2.693834746214990501e-04	3.442283815398024358e-04	1.361040342840316546e-02	1.492271916901512056e-03	2.570880364687536460e-03	1.701274618343608536e-04	0.000000000000000000e+00	1.346342040134381813e-04	1.511560212927203005e-04	1.900227388394514633e-02	-5.729769156047558321e-01	2.761489004606589026e-02	3.142172360428798217e-01	1.415008452824292266e-04	1.020339888074797609e-03	9.142838712798283425e-04	9.331844510719253849e-06	5.255896654868630467e-06	2.511298018523187674e-03	0.000000000000000000e+00	2.261537246352045186e-06	1.241592958355823987e-05	1.232896795774451578e-03	2.214309260696153939e-05	2.868405599394555164e-06	3.163000671716484965e-03	2.261955916062724503e-02	2.618798721754573774e-02	4.724160405954493797e-03	4.485958476790976343e-04	4.050279370562407852e-04	5.133193993248826590e-04	1.793574733473920230e-06	1.652895028188516892e-05	4.782339427711992594e-03	2.954301967582694154e-05	1.132655114653930898e-05	2.530714239319245294e-06	1.664617554834822146e-04	3.654725281081865355e-06	0.000000000000000000e+00	9.512292301056640004e-03	4.146350065952922326e-02	1.734719259045879730e-02	1.481058686641063479e-02	2.931002390001067291e-03	2.449623262358415336e-06	5.225862959697952619e-07	1.382378250850811773e-03	9.685866692543618302e-08	0.000000000000000000e+00	1.220588705927615723e-03	2.157792603966351714e-03	4.115648646654363123e-06	3.438617827481252613e-04	1.595742830312314037e-02	1.184425846872862696e-02	1.546282167914023566e-03
8.941859794586923954e-03	2.180448146497163120e-03	6.117927809435216337e-03	3.921724831149192569e-03	6.009876147451452023e-03	5.536638873003680607e-03	6.589869223791671761e-03	1.422461417521723136e-02	4.217853123609584080e-03	0.000000000000000000e+00	1.955346539745906123e-03	2.472922839940042659e-03	7.327675853090975973e-03	2.399546270993103969e-02	-4.566730942660309767e-01	2.666936831614963310e-02	5.953920182268367632e-03	1.303604091906507235e-03	7.209756714414184385e-03	6.438534971289172452e-03	4.928107028669904055e-04	7.856110741918775734e-05	0.000000000000000000e+00	1.923036947468372785e-03	1.551593251483768471e-04	1.537565638733113616e-04	2.953472286753603890e-03	6.985296890186605198e-04	2.547764424380818266e-02	8.617141676851182777e-03	2.372013763185180577e-02	1.477118885279633635e-02	1.662259346632139574e-03	1.420412640849066162e-04	4.212367938463148186e-03	2.522321229348502541e-03	1.453357764887470635e-02	1.509200690750356474e-03	5.343795519682273919e-03	2.019680760846981685e-02	1.136531713858086011e-03	5.587168312601209128e-05	5.081914086693221054e-03	1.266313411284916745e-03	1.725168750463258738e-02	1.940731111267582831e-03	6.962436461541551304e-03	1.106121996823871377e-02	3.439157307730757087e-03	6.216299142188982593e-03	1.339639082504070740e-03	5.039854899976203666e-04	1.483866330320915341e-04	8.248148073405425036e-04	1.279599285620152934e-03	5.071551335595767852e-03	3.944816143825869911e-03	1.158235770154830528e-02	1.269878485985914164e-02	7.588961473881020159e-02	1.874616717969503424e-02
7.194145199664464529e-03	2.527457460499175565e-04	5.095066217229650592e-04	4.493566387198899732e-03	2.083686150528057425e-03	4.413008508327348261e-04	4.340219970975262736e-04	4.291646982594331250e-02	1.600958603827540251e-03	0.000000000000000000e+00	2.019264812939927558e-04	2.899165546856578672e-03	5.392422183907792654e-02	2.286377449255101169e-01	2.233288566311717252e-02	-8.279273318824703631e-01	1.059290118065162522e-03	0.000000000000000000e+00	3.332125852829821754e-05	3.846709670721390126e-03	3.046777592119159135e-05	8.920007465691334542e-07	0.000000000000000000e+00	6.898984273754459572e-03	4.138643194519412726e-06	0.000000000000000000e+00	0.000000000000000000e+00	1.857997572746808868e-03	2.069926457109384776e-02	1.105300049671287949e-03	9.471692658069618201e-04	4.032702122307180170e-02	1.888073127380130844e-03	0.000000000000000000e+00	5.315513539782426800e-05	2.859726800043203496e-03	6.347790413858107688e-05	3.566501301517999533e-07	5.169549781252931520e-07	2.401103489931115040e-02	8.526096782468410028e-06	8.499535733301844029e-07	1.003500839890275017e-06	3.225576157170484490e-03	7.826351498408777585e-02	2.539602148273222872e-03	4.742293155558493026e-03	1.683434286181320627e-01	2.061062331087770288e-06	7.448776404784018638e-03	2.101232398378551617e-06	0.000000000000000000e+00	0.000000000000000000e+00	1.521007874874924027e-03	1.596478608916346493e-06	1.234799336508216657e-03	5.709714799006124566e-03	1.739773883015455908e-02	9.509948077293269280e-04	3.203608292403783975e-02	3.088841978419652398e-02
1.044302254872769148e-01	3.755092446735021176e-03	5.672724267625646986e-03	3.303203404380459368e-02	1.169121417270734507e-02	8.490698318497870087e-04	1.366101395897765746e-05	1.268597558272414536e-02	1.713746861105611835e-02	0.000000000000000000e+00	8.172731587725904728e-06	9.506016291174238311e-03	1.281410599004837239e-03	1.771234357031806520e-04	8.576975926904081837e-03	1.822275308000209475e-03	-8.648367782927268710e-01	5.998464751116057599e-03	1.547598901423484774e-01	4.921481482888895309e-02	1.234244088568748829e-02	6.954446653928474066e-04	0.000000000000000000e+00	1.025015843461450117e-02	4.701578258266255611e-02	7.688344397801312891e-04	2.167898379259500241e-03	2.830148847425681055e-02	1.878537316537083959e-02	4.312478222167297052e-04	3.539317053176639031e-04	6.405324180445924262e-03	1.506866410017195235e-01	1.515269092714889446e-03	5.509934225232077966e-03	3.018253183986105426e-02	3.575523442318330469e-02	1.677503887168991213e-04	7.435216660690944532e-06	1.221969223497195410e-02	1.661513319029629329e-02	4.863356258987870884e-05	3.752597585219312395e-05	1.972903299389710749e-03	1.839969612582365716e-02	3.741663443071237413e-05	2.318038135391882792e-06	3.878128670081815773e-03	9.072796381448365458e-04	1.026901077278372966e-02	1.125169122277341893e-02	9.581350371902633885e-04	6.135320791585041501e-07	4.484495460414975043e-03	1.270560457347942726e-04	8.697930815175547491e-04	2.159378946203147943e-03	4.707163399304431853e-03	2.637457746167731396e-04	1.860317112566958959e-04	3.485605543575777832e-03
4.659327419031929381e-03	2.192226366876950591e-02	7.026236477060838689e-03	3.539977794470394994e-03	1.542981089393576219e-04	1.237356630567761941e-02	4.934048068995854726e-04	9.215839363122510280e-06	3.524236383989063129e-04	0.000000000000000000e+00	3.648630318068166677e-04	3.656414676435216676e-06	8.935024313276672090e-07	2.148715764298691003e-03	3.159322858032240743e-03	0.000000000000000000e+00	1.009153481658348409e-02	-1.033917858303496695e+00	2.161493656222234286e-02	7.697418902349176806e-01	1.053936330335096842e-03	6.785765596082475072e-03	0.000000000000000000e+00	1.450752585855187527e-03	5.241989552319848561e-03	1.279338649459249924e-02	1.596000979307835368e-02	6.739902360306197944e-03	9.336614236933548326e-04	3.710326660951341737e-03	3.500245843707915083e-03	7.096592378959396723e-04	5.186626658761087083e-03	1.217976065399188623e-02	9.084424489665478969e-03	1.995949749234227511e-03	1.398085404148589406e-04	6.205854924693379390e-03	1.212846582444399197e-03	4.073976894605047193e-06	1.500954564320057083e-04	1.702186704123823113e-03	6.654573347390892527e-04	4.193548543503309699e-06	8.512525306463162363e-05	2.719082384349625747e-03	2.194276786017311889e-04	2.340187985580258216e-06	3.657236022913896989e-02	5.612298068482298764e-03	7.876899690294725221e-05	1.364429682882446586e-02	3.225365452027802101e-05	5.231681988137271554e-06	1.904248149335488732e-03	5.822582176299911927e-03	2.051207524859891464e-06	1.004345537566950254e-06	1.208286519578986515e-02	5.359437818969542346e-05	1.288614462357416546e-05
9.267540867674072674e-03	9.800874158328913566e-03	2.809481479201990026e-02	3.882812424843683045e-03	9.164969791927175526e-06	7.881508360818667222e-03	8.457771158363391190e-03	9.855527036562777756e-04	3.987254599799714384e-06	0.000000000000000000e+00	2.478990678772791372e-03	6.720457889065618428e-04	1.576768996460589161e-07	1.778878401729230840e-03	1.614358568662306245e-02	8.909814780392783548e-05	2.405506988082155573e-01	1.997032182379238421e-02	-5.998335083452815963e-01	2.201000091476101178e-02	2.162508175674040037e-03	4.920815035193058795e-03	0.000000000000000000e+00	2.530895755464433218e-03	6.141507732790202692e-03	1.047850002008759128e-02	3.409775371901871410e-02	8.284611701146251186e-03	1.642893244564896634e-03	2.538874394297118819e-03	7.464202461466057717e-03	9.579201085591982148e-04	2.623738044491284033e-02	1.158797822603360728e-02	4.873785056058110854e-02	5.588821573665056323e-03	6.227120657980168665e-05	5.661169929672297228e-03	9.858050617799495735e-03	1.831364536567128224e-03	8.706862085276926430e-06	1.009964091091004879e-03	7.857077076060888995e-03	1.556221256198974951e-04	4.395712854120934648e-06	3.838569037645378360e-04	2.365274380313945810e-03	2.468769743029722709e-04	3.806049303356947786e-03	1.944282877287407951e-03	1.155133458383235009e-05	5.046553727973428563e-03	4.277580006931942878e-04	4.344678097602159249e-04	4.162551892981220772e-04	3.902345589340312434e-03	7.663575984815247091e-04	0.000000000000000000e+00	1.700643159902644891e-03	6.212983422242140605e-03	2.693121445954685866e-04
2.920257385048328699e-02	4.586034503311572225e-03	3.990049141280049144e-03	5.051716332462673903e-02	5.798356810064647692e-04	1.435986050348036500e-05	3.682729824722574667e-04	3.045272472256740567e-02	5.672042127324082236e-03	0.000000000000000000e+00	3.042496852004364090e-04	1.043836167588733412e-02	1.317554743313286922e-04	7.879246072729936712e-06	6.256312283422497261e-03	4.463634806591801341e-03	3.319678547420340520e-02	3.086229276885283368e-01	9.551509830934024406e-03	-8.338448338629618206e-01	3.358283324217534432e-03	8.481068764983772969e-04	0.000000000000000000e+00	1.826318537899383754e-02	1.346909489262512749e-02	8.780012904077010320e-04	2.286375487679385369e-03	5.982268930826793035e-02	6.834126790599273811e-03	3.443543353489244142e-04	4.745179299809097013e-04	8.049754305505881988e-03	2.212378488288928649e-02	1.259859451758630179e-03	2.555314369757061277e-03	3.189112529429657256e-02	1.101883247569136097e-03	5.010934328632789272e-06	5.113642057692714595e-04	1.882893628937352612e-02	2.939063058363686285e-03	2.531840502888146457e-06	1.041410871619463012e-03	1.788737393903374120e-02	5.937547031780181402e-04	2.076548455160150693e-06	1.603575007953393302e-04	8.697450088342223093e-03	3.899312373838669053e-03	6.522081812889637953e-02	6.973859683644420375e-04	2.547223386133377730e-05	2.075985323375700959e-05	1.106280180542123376e-02	5.845871054377634857e-06	3.075850584465565120e-03	8.390960640324431757e-03	2.167998241295942890e-04	2.081034738376271175e-05	9.979258352242178966e-04	1.762383089185936766e-02
3.385267867257067687e-02	7.378026873768130968e-04	1.475651176138761316e-04	1.803973900426767600e-03	7.165887152865456529e-03	3.463981283052890137e-04	3.995631185093411982e-04	1.170767357621385271e-02	6.808795996671133943e-03	0.000000000000000000e+00	1.991374772762057068e-05	1.698901017872150648e-04	1.578480447808830759e-03	7.526444009771878605e-06	8.121520383248002689e-04	5.996058301290505856e-05	1.411975237322648721e-02	7.166767046278660043e-04	1.591606017296093778e-03	5.695648517872938313e-03	-1.389001715202889509e+00	1.433401807616946910e-01	0.000000000000000000e+00	9.640438805502926645e-01	6.233861157729442617e-03	8.785794390397365174e-06	7.443663637457698004e-05	1.541476307410228090e-03	1.672962604748589807e-02	9.976592861795781603e-05	4.339513240585777349e-04	7.950764747908088030e-04	4.355995751266505261e-02	4.583667472710932798e-05	2.874421723958432438e-05	6.314792299118785791e-03	3.469836380083003019e-02	1.165978437998771742e-04	1.137556238284595766e-04	1.553385005424472685e-02	1.675706408055144953e-02	2.703032565361010596e-07	1.553567966941240511e-05	1.155760411769922826e-04	2.219413609202297577e-02	2.973617387789336311e-06	3.566595156815407787e-06	2.372333424942624398e-04	2.962548094012993206e-04	6.787145832086161328e-04	1.699306923262382599e-02	1.653752302475044881e-03	4.268229203651147146e-05	4.301289544452650306e-03	4.040470553430259952e-05	1.108594746031510946e-03	3.698790343215095156e-05	2.131735651602163339e-03	1.040200138282895167e-04	1.371451147850042307e-04	6.958242162155668783e-04
4.024819244034439801e-04	5.293603208313037850e-03	3.732935181978151891e-03	3.604043420481347743e-06	1.846368338266127489e-04	1.111730188723092025e-02	2.083342921705434812e-03	1.823008224017671694e-03	5.297943828107578989e-06	0.000000000000000000e+00	7.176288666200738740e-05	2.324608006210468392e-06	0.000000000000000000e+00	4.540629750663135837e-03	1.634705871550775204e-04	2.216486703596028307e-06	1.004531183345224116e-03	5.826162380474852326e-03	4.572878618563246469e-03	1.816148058764201689e-03	1.809850767193114107e-01	-8.866339595049551603e-01	0.000000000000000000e+00	5.535131963320738535e-01	1.532263002140135796e-03	2.910353755294738283e-03	6.483221449346542563e-03	3.019896308677833940e-03	6.245546329967378548e-04	3.896986076437104762e-03	1.588418597540807928e-03	3.217039548594706868e-04	5.139830689039165748e-03	1.218535292803266459e-02	4.723199703130221555e-03	3.283949928670106943e-05	1.957487942211575630e-03	1.243721033369261236e-02	2.664966733838124331e-03	3.269075459570936187e-03	1.156897937974512086e-05	1.912894099332748243e-03	1.785240383064056960e-05	1.327188989592256141e-05	5.820530124077374780e-06	4.208969907420478072e-03	7.645546382183099525e-06	4.937539486059445655e-06	3.554370692038563446e-03	2.449623262358415336e-06	3.938558717292356469e-04	2.964572289983258974e-02	1.217828797052025031e-04	8.928619627781525601e-04	8.505840932181737805e-04	5.134590560074263083e-04	0.000000000000000000e+00	0.000000000000000000e+00	4.530612480915442719e-03	9.465119033039137291e-06	3.863084041328442466e-06
1.331431249035114083e-05	9.492813854198398765e-04	6.903949969829742059e-03	5.077571589792731163e-05	1.055942487317200815e-04	6.727996721974648445e-03	4.606140654398880457e-03	3.888271048940953180e-04	0.000000000000000000e+00	0.000000000000000000e+00	5.912084089593290428e-04	8.604278245209581895e-06	0.000000000000000000e+00	3.649485339827556124e-04	3.740373308153061190e-03	5.679747177964822564e-06	8.504545729077502654e-04	2.904912025151001886e-03	6.179983899673358386e-03	1.074873288515063681e-03	1.774754634599350900e-01	3.108416326620785930e-01	-8.635913227196062580e-01	2.424515399163998386e-01	9.060544510924676284e-04	4.121095069562969934e-03	8.415856696514976976e-03	1.086007530157213213e-03	2.561660207980732788e-04	7.101707492668152440e-04	5.251662654691944578e-03	9.659230559139126207e-05	2.645414798282012337e-04	8.041827380942069212e-03	1.589405955269544354e-02	1.347743299724688633e-03	2.452233941311126979e-03	8.659001514916504771e-03	1.244574215564822270e-02	6.055451810596468526e-04	4.940918276766145756e-06	1.188646557139435948e-03	8.710535957038682831e-03	6.046083174809166602e-05	2.485851407158045558e-06	1.752163899151400086e-04	2.996676132677813815e-03	6.326222466513664983e-06	4.279223413189564562e-04	8.820755488681984637e-05	3.534207570785727532e-04	4.422930984224658635e-03	5.843128602587361253e-04	1.891875017767549153e-04	1.807371462192950077e-05	3.402478282082376133e-03	2.051207524859891464e-06	0.000000000000000000e+00	1.255615784486310837e-03	2.799866454487930176e-03	1.121122175708390306e-04
8.027393844030122558e-03	9.540766402750282388e-06	2.714942427180942666e-03	1.477920597230095862e-02	2.594193269721395672e-03	5.632256397476188012e-04	3.815510668178089828e-04	3.558814956238032928e-02	1.588141442847561409e-04	0.000000000000000000e+00	1.304528566585979579e-04	8.354181095652528019e-03	6.615859914315888771e-06	1.612809430665402770e-06	1.578269367244959252e-03	6.761554308141820568e-03	5.839731697808261610e-03	4.912907163254619670e-04	9.276590020028999649e-04	1.542547928424977365e-02	4.801015341385919677e-01	2.183179539317741946e-01	0.000000000000000000e+00	-1.024662257800614151e+00	3.509957426751948630e-03	1.237857517518970891e-05	7.140135605639034782e-05	1.216478660442216544e-02	2.826379637452820521e-03	2.177683169435512577e-04	1.525940721596113310e-04	9.960013041942701248e-03	9.033969289608197867e-03	1.198344437310047699e-06	5.526882239416891583e-04	2.826058840046278761e-02	9.426945831056016481e-03	1.967103792852252487e-04	8.999484131536739486e-05	5.696521015488706374e-02	1.069226766112381242e-04	2.883234736385078110e-07	2.376190877666107951e-05	1.929963205622278050e-02	3.489286548340134745e-05	1.063192809041997275e-06	1.910143012855113957e-06	1.821733481368271318e-02	5.484715869950233798e-06	7.135140157434474197e-03	2.963902613665190741e-03	2.340513288041075161e-03	2.218063472592488665e-05	2.511451734729282237e-02	1.064319072610897803e-06	9.749635735814761754e-04	3.172291689172831476e-03	1.108862796760909328e-05	2.236477881944010824e-06	8.669751700681659025e-05	8.950434602268745460e-03
9.954916605438128563e-02	1.655059331346754137e-04	4.244126224723704572e-04	1.873539446865850279e-04	2.538140539726682979e-03	2.653702221043171923e-05	1.393385130854378212e-05	3.523703285899783223e-05	4.408022265450357580e-01	0.000000000000000000e+00	3.300052090758086309e-02	4.285035496336874784e-03	4.002858042993856177e-04	2.096652259865023580e-05	3.015360469864682450e-04	9.604775715582788344e-06	6.342695197472401902e-02	4.203482188181011277e-03	5.330365202044326685e-03	2.693818978525025498e-02	7.351251365246984186e-03	1.431075822753523049e-03	0.000000000000000000e+00	8.311314284101312122e-03	-2.030302588699571142e+00	6.544258974969559273e-02	2.209585135955212665e-01	9.625066984043046947e-01	1.430550589738166338e-02	6.751274337416683169e-04	4.451084663932949642e-04	5.140858498401086780e-03	2.152599937625346987e-02	1.245903732165790318e-04	1.669122609110423953e-05	3.019184134681099341e-04	8.041292218036247275e-03	3.709161353578718625e-06	3.982467979631888676e-06	8.376275571215432839e-05	7.448886215481984735e-03	2.685613022162017092e-05	1.777571654423414039e-03	1.935714357910510962e-03	7.734847914416511684e-03	1.036059242561238058e-05	4.138643194519412726e-06	9.625630362666929294e-05	5.918225980255694806e-04	9.274146966637458918e-04	3.032170892183494882e-03	4.873933751005793549e-05	9.041080799348126992e-07	5.384309472782759819e-05	6.549504219048172442e-04	2.309982347504727605e-03	3.079828547390920952e-03	1.115778899771634365e-03	2.541019550974684652e-04	3.783569833364073035e-05	8.311425314918146354e-04
9.623909807354837434e-03	8.587595090674056755e-03	3.345534330340062951e-02	1.276432044753810359e-06	0.000000000000000000e+00	1.891316165784660483e-02	6.817583105035695255e-05	0.000000000000000000e+00	1.536501666925103177e-02	0.000000000000000000e+00	8.822582475901336388e-03	1.464664475024137500e-04	0.000000000000000000e+00	4.012518662611396815e-03	5.758882210527662467e-04	0.000000000000000000e+00	1.998969543428341569e-03	1.977159730982477534e-02	1.752767276087379214e-02	3.384295883026047953e-03	1.996771452363038109e-05	5.238636759530530991e-03	0.000000000000000000e+00	5.649131579950212716e-05	1.261257184266860454e-01	-1.268928171159814378e+00	2.570094196112878149e-01	6.622637320783764103e-01	8.469276785417386160e-05	3.272639614490019128e-03	5.981119165891420411e-03	1.939836951849173657e-04	1.255618506289935552e-03	1.142802420916182518e-02	8.485113177459695233e-03	0.000000000000000000e+00	1.908265906906946763e-06	1.435737896941688754e-02	5.344676257793153605e-04	0.000000000000000000e+00	2.268604550246894563e-05	2.030424958644161740e-03	1.203767396394303350e-03	2.145622199840814168e-04	0.000000000000000000e+00	3.591171823428870868e-03	1.635062521680926776e-05	0.000000000000000000e+00	6.922203792767398639e-03	2.449623262358415336e-06	0.000000000000000000e+00	8.174620331730950498e-03	9.039954535779227735e-06	0.000000000000000000e+00	2.037686167583457452e-03	2.782618854193789643e-03	1.705281300989971722e-04	0.000000000000000000e+00	3.185093457884035761e-03	1.585779105011792643e-06	0.000000000000000000e+00
3.582524277891555920e-04	6.487721153870193175e-04	4.711706746541377555e-02	1.841440935152188746e-05	0.000000000000000000e+00	2.268730316345422566e-04	1.429007636805362108e-02	0.000000000000000000e+00	3.337234143258455826e-02	0.000000000000000000e+00	4.000354161984066154e-02	2.018373187614547714e-04	0.000000000000000000e+00	5.147550099540409556e-05	7.901497286639511120e-03	0.000000000000000000e+00	4.026096990053358582e-03	1.761819262872286324e-02	4.074017327467171351e-02	6.294955888156229633e-03	1.208386954132743260e-04	8.335570434874126772e-03	0.000000000000000000e+00	2.327498749370646700e-04	3.041766550795487745e-01	1.835781568652055384e-01	-1.132243253206525857e+00	3.128138267908410763e-01	6.372523161831160831e-04	3.847286317668667521e-03	8.424766661463845702e-03	4.773679399420122701e-04	4.195500733689402564e-05	1.878991594947599644e-03	3.485872693294322228e-02	1.571513099805720744e-05	3.451716272787564958e-06	1.825246203584374063e-04	2.175792022734852546e-02	0.000000000000000000e+00	3.138989483269906747e-04	2.113555223507081367e-03	7.319770515245566447e-03	5.423041676917247271e-04	0.000000000000000000e+00	2.783128676169311814e-05	3.488990622587406516e-03	0.000000000000000000e+00	9.381383213797340592e-04	7.840906183738617825e-05	0.000000000000000000e+00	5.759561722880899762e-05	5.359806670288356232e-04	7.499038262928635675e-07	7.219355107969542594e-04	1.791067670769547551e-02	3.164020691088718614e-04	0.000000000000000000e+00	4.338925706424000988e-04	3.164025759274778898e-03	2.577228924714833092e-05
5.747493189295167781e-02	3.163674365041282819e-05	6.895441799409078414e-03	1.280663041560979772e-02	4.146057763014674199e-06	1.353017967439038756e-05	2.198494643082844085e-05	1.167568919254183962e-02	2.407601456329249989e-01	0.000000000000000000e+00	1.467600897557564191e-02	6.234057878432809445e-03	0.000000000000000000e+00	1.982411591859557258e-06	5.555873202233360935e-04	1.764739007319362759e-03	1.562591834679043917e-02	2.211937068054157986e-03	2.942796434383996781e-03	4.896683449170965291e-02	7.439557468196082452e-04	1.154323299456006067e-03	0.000000000000000000e+00	1.178904030003847039e-02	3.939216603507965653e-01	1.406351554606590504e-01	9.299870526214193411e-02	-1.150229748382139316e+00	2.093855747423443818e-03	4.130113625090941066e-04	1.592862364307202092e-04	8.037780152807228254e-03	1.710375578822703182e-03	2.945930075053867031e-06	1.266446779662534251e-04	6.940493656139259948e-03	1.652895028188516892e-05	2.104235767895619550e-06	9.771087302590419473e-06	1.451531106161660020e-02	4.612527976664005367e-04	6.437722559834806440e-05	5.354730037251539346e-04	1.111506953898206036e-02	1.070128715520475881e-05	3.261565440238210471e-06	7.028729367615302151e-06	8.661987239637661609e-03	1.576712683282144336e-05	1.128463302433429551e-02	3.151848597567827213e-06	1.439890430720224941e-05	4.842933346271809151e-07	5.828270182744049038e-03	3.067406986489518497e-04	3.105604215428776796e-04	9.619607480521638609e-03	6.050569458025285728e-06	1.490985254629340479e-06	7.567139666728146070e-05	3.968822170231089963e-03
1.408134678552698006e-02	1.446535385776737364e-04	8.348334849176961136e-06	3.673120919373905986e-04	6.648896979003634730e-03	8.666973583878372086e-06	1.952941028473329780e-06	1.473179027605025007e-04	5.648822232889954241e-03	0.000000000000000000e+00	2.052896920213242361e-06	7.677663664956241264e-05	1.445571961148840387e-02	3.410705543597896284e-03	3.161683562785834456e-02	3.067481376198244458e-02	1.618258049787969777e-02	4.780796446622600040e-04	9.105191475901838229e-04	8.727920961488229434e-03	1.259760997551648970e-02	3.724753534137172236e-04	0.000000000000000000e+00	4.273622222895529649e-03	9.134841115195519237e-03	2.806085681915398327e-05	2.955929418439754894e-04	3.266919509534168837e-03	-1.351741327598656506e+00	5.290900926590056536e-02	8.823652529532617639e-02	2.595480169447469398e-01	1.532946972619999258e-02	1.696406344067036249e-05	2.182698796529015860e-06	5.280796465271071164e-04	2.079827430758058454e-02	1.212610442516119640e-06	0.000000000000000000e+00	1.825231186736788760e-04	4.994665826801211392e-03	0.000000000000000000e+00	0.000000000000000000e+00	1.253456267948241666e-05	6.206015952227144500e-02	2.422972112106334974e-04	8.611660902903724157e-04	1.427524957744553437e-02	1.371522477876073042e-04	3.516054079161001550e-04	2.700279601777427676e-03	2.217049835380478465e-06	3.238007760588709837e-08	5.981585814430135227e-06	8.505880351406647872e-05	2.697221045345484067e-04	2.732605431021412718e-04	2.222616266365117221e-01	3.149436704135027444e-03	4.103442787751676035e-01	2.859990120465611893e-02
6.959163821176218422e-05	1.869154527370931254e-03	2.752122640117483292e-04	0.000000000000000000e+00	8.376585293696881210e-07	1.145584995846097263e-02	2.848038999856939209e-06	2.032905741865259845e-06	8.278037231418092964e-07	0.000000000000000000e+00	2.055055592053634845e-06	4.842933346271810210e-07	4.472373861044089301e-04	6.326407952737930773e-02	2.773642477236474765e-02	4.248497065924012293e-03	9.635693527655054495e-04	4.927777596576000778e-03	3.649631941802108492e-03	1.140673735843312098e-03	1.948553293319488277e-04	6.028150336988647405e-03	0.000000000000000000e+00	8.540601180129900240e-04	1.118179812134637930e-03	2.812424668702359545e-03	4.628766350945115286e-03	1.671405357653990131e-03	1.372327427834295899e-01	-8.704635589844416099e-01	1.642187963301203757e-01	1.921971491808110444e-01	1.309993760554068636e-04	1.688354967378859293e-03	1.614715631755767023e-04	0.000000000000000000e+00	1.001839601126146860e-05	1.062384057944229347e-02	5.699269079825763070e-06	1.866866335220115309e-05	1.807653028085175240e-06	7.223253857023886546e-04	1.474279011690650974e-06	2.764977061650533063e-06	9.619032335259122130e-04	1.506274535986466649e-02	2.374939504985762364e-03	1.873847667662539504e-03	7.123134469355888940e-03	2.449623262358415336e-06	5.225862959697952619e-07	4.086201640947783806e-03	9.685866692543618302e-08	7.499038262928635675e-07	2.657549537394535491e-03	1.792802116665654592e-03	6.166856171514253740e-06	1.121782926387674892e-02	3.657846814418370257e-02	1.400342804253431606e-01	2.309130892246638936e-03
1.136587651615341316e-06	3.473674658169226964e-04	1.635634288152738825e-03	2.627948327434315233e-06	4.927403113939341327e-07	9.401815512043139658e-04	3.509559480290937433e-03	2.371723365509469607e-06	0.000000000000000000e+00	0.000000000000000000e+00	8.703764860462453144e-05	8.475133355975666279e-07	1.605742126770552452e-04	4.148362576938661311e-02	4.324202081558825572e-02	2.061979109632855120e-03	4.478958748710260679e-04	2.632928289514803715e-03	6.077049791636083241e-03	8.902460279287863730e-04	4.800346505072762516e-04	1.391623373066725768e-03	0.000000000000000000e+00	3.389478947970127765e-04	4.175353755547722505e-04	2.911164195787859389e-03	5.740770202944390534e-03	3.650896923500577922e-04	1.296217982214526165e-01	9.300887579759030410e-02	-7.835443800736685560e-01	5.813962064666029772e-02	6.845805392966390724e-06	1.958044879546396637e-04	2.829483807559305709e-03	2.096774271751654511e-05	9.850019607710856523e-06	9.252039351332917499e-04	9.726565352869405087e-03	3.456165013884721418e-05	2.108928532766037533e-06	1.419632703327602420e-04	2.292417140884156924e-03	8.064516429814054378e-06	6.223419943603354957e-04	6.009088232229708657e-03	1.125437360717335133e-02	2.977953502529603197e-04	3.536542502874653968e-03	1.016804828297911248e-04	0.000000000000000000e+00	1.218185447182176840e-05	7.516204396824624934e-05	0.000000000000000000e+00	1.048346402676752099e-03	7.960570561670718762e-03	3.492346231035647821e-05	8.540554346336493019e-03	2.127261625887885352e-02	3.086158306325041401e-01	2.029498794569335914e-03
1.978376940334566295e-03	3.283058303344726742e-06	4.839575203730538122e-04	4.868837408356520464e-03	6.032549240922879824e-06	5.054670897225088692e-06	1.263667724306272385e-06	2.816302910374219801e-02	6.549307122923615060e-05	0.000000000000000000e+00	2.063690279415204782e-05	2.605554641183273519e-03	4.139803715271867836e-03	6.555230330743056638e-03	2.358810002849647328e-02	7.690269163469505564e-02	7.100475641889667476e-03	4.676049241949990038e-04	6.831678293600484519e-04	1.322905358734300166e-02	7.704229406887681906e-04	2.468890816363379626e-04	0.000000000000000000e+00	1.937956025990401551e-02	4.224271324267558914e-03	8.270622662922832719e-05	2.849405532987204994e-04	1.613786867889202906e-02	3.339920218048681999e-01	9.535362439978221916e-02	5.092850490753963316e-02	-1.266192236587538655e+00	1.934429009612502947e-03	8.238618006506578725e-07	6.772785971582681900e-05	5.529847128262020857e-03	6.662093033819250685e-05	1.176945429500939788e-06	4.212225747687573910e-07	3.938510447512899582e-02	9.942091654468463081e-06	0.000000000000000000e+00	8.176673510217054988e-07	7.823825176597376876e-03	1.544850546135005318e-02	5.834325914243430325e-04	4.568624345642319207e-04	4.878777622905039468e-02	3.423653538862463086e-06	1.025186340994721848e-02	1.573202495159070964e-06	2.217049835380478465e-06	0.000000000000000000e+00	2.452000241620579633e-03	2.656855759036092978e-06	1.596005578217408690e-04	7.189019198741208871e-03	9.827662346700738460e-02	3.294316058558265699e-03	2.765576706899887660e-01	5.563550171369116559e-02
7.333656462810311805e-02	1.925503746250157005e-03	3.797336622243230580e-03	1.831270775125017417e-02	8.199663365317235927e-03	1.399786437558818474e-03	1.658085226135199669e-05	8.518654338949821839e-03	9.218601618380535892e-03	0.000000000000000000e+00	9.541329534534734663e-06	6.720312601065230561e-03	1.187185511724679881e-03	1.541241012179625362e-04	6.572464979006155958e-04	8.914894229088525524e-04	4.135928918089423062e-02	8.461866909686995399e-04	4.633088293535473322e-03	9.002384635647847286e-03	1.045104546848969577e-02	9.766664840976536227e-04	0.000000000000000000e+00	4.352257757565562366e-03	4.379569930677290265e-03	1.325508979768646024e-04	6.200644078581267458e-06	8.502634835222267883e-04	4.884245632532051642e-03	1.609205387244921377e-05	1.484790805000388105e-06	4.789661079462819533e-04	-6.730467794926676683e-01	1.114588899070264108e-02	2.083949972137754680e-01	1.169475636548683722e-01	2.541046881637289839e-02	1.253143729807871653e-03	1.452113769233501000e-03	2.248991937241009292e-02	1.925527069291562907e-02	9.185805667951833830e-05	1.696498697679686219e-03	4.108202918200362999e-03	1.422637602686018139e-02	2.357020933170448339e-04	2.737125502144599964e-04	7.110545470603909374e-03	5.006205898749355870e-04	5.429758900552763244e-03	6.888814207582585718e-03	1.021273279007523741e-03	6.135320791585041501e-07	2.915634899024610246e-03	1.435253979028251422e-05	1.571407981872623009e-04	3.821598122767996667e-04	2.346518619245749424e-03	1.025290285736601823e-04	1.355841134785082554e-04	2.343926242076033346e-03
1.726574064602413297e-03	2.715633408651522279e-02	5.246098537240386980e-03	3.135536546878253585e-03	2.360930006307507525e-05	1.293566868522585435e-02	4.557197463182850500e-04	5.353318453578516702e-06	9.906051220263651272e-06	0.000000000000000000e+00	1.939782515776676525e-05	3.131763563922436549e-06	0.000000000000000000e+00	5.451127874666699367e-04	2.200037624172237831e-04	0.000000000000000000e+00	1.629199099685933782e-03	7.784057560821883333e-03	8.015744336805203513e-03	2.008197020848343211e-03	4.307958151044109671e-05	9.070300299813790004e-03	0.000000000000000000e+00	2.261537246352045186e-06	9.929759068389006017e-05	4.725874672961657454e-03	1.087837239180189245e-03	5.736811198789110328e-06	2.117319196354346540e-05	8.124414880620075934e-04	1.663602040516863275e-04	7.990840021348486952e-07	4.366171551997049399e-02	-8.328308359650435921e-01	5.128857484316311222e-02	6.070265714872222773e-01	7.832870293174512685e-04	7.155435896222546617e-03	4.484067480258793238e-03	8.334640422732107713e-04	2.031530855613524617e-03	3.688149780437313674e-03	4.999181017448933902e-03	1.618433240086112083e-03	2.054162089622306973e-04	6.593013657820743839e-04	2.053403738819247241e-04	1.054627574600509681e-04	2.114924760006864531e-03	2.119557645197536018e-04	4.043511465066290721e-05	1.219546668102609345e-02	1.886795569071807990e-04	2.240889080922203940e-06	2.822889534363392703e-04	1.046722330610397496e-03	0.000000000000000000e+00	5.062554742207391963e-07	8.781903149766815027e-04	1.686872522956294222e-04	0.000000000000000000e+00
5.171408866983995614e-03	3.708055175043464997e-03	1.922755531744623630e-02	2.807737535149785850e-03	5.898805442115953948e-06	4.597657167921435223e-03	6.928115737951151890e-03	1.137783461959621448e-03	5.656658774802363967e-06	0.000000000000000000e+00	2.581318200022915746e-03	1.042021681894996594e-03	2.562249619248457321e-07	5.373343419833566609e-04	5.074548510663207807e-03	7.646879127406296919e-05	4.607722773147292575e-03	4.515649600126115520e-03	2.622153363493252495e-02	3.167992084143256715e-03	2.101185470729847966e-05	2.734484038654338978e-03	0.000000000000000000e+00	8.112558140898477096e-04	1.034660798629853266e-05	2.729129969358380734e-03	1.569661973003875707e-02	1.918185473290037193e-04	2.118877194291324929e-06	6.043380142243806521e-05	1.869775849439774549e-03	5.109294680316759019e-05	6.349344651951871477e-01	3.989111376690463590e-02	-8.980686975589622367e-01	4.659980464191297578e-02	4.422827180265724925e-03	8.368670476466432209e-03	7.987841532306883333e-03	4.757017174615917748e-03	1.619295582558699827e-03	7.199827574790757532e-04	1.199426326094333445e-02	1.392765028904401027e-03	1.607224195771928162e-03	1.356783535826359922e-03	1.802339316567103285e-03	1.281754390959244112e-03	1.562193644194259266e-03	9.041432756713410537e-04	5.775667291916175044e-06	3.378402521191181760e-03	2.897673435338380603e-04	3.738932253916653803e-04	5.209644764305787262e-05	2.170170240588567643e-03	1.910799061383998334e-04	0.000000000000000000e+00	5.460812802806269597e-04	3.963332761596269523e-03	3.028106019252738211e-04
1.964215058195439498e-02	3.697768259026317905e-03	2.312660883837464824e-03	6.625420014909906563e-02	6.545562296557021556e-04	7.135255130173799910e-06	2.038860860485820705e-04	3.147510690191381022e-02	4.204415109837249189e-04	0.000000000000000000e+00	3.402714422010655820e-05	1.374438205316420511e-02	3.846659364281979311e-06	7.056041259161135663e-07	1.141974007133607534e-03	1.546138006177204434e-03	9.485938578242047309e-03	3.728697333734272098e-04	1.130047439070736709e-03	1.485916167558433421e-02	1.734833049208457699e-03	7.145297646996497148e-06	0.000000000000000000e+00	1.558990700772782366e-02	7.033703698377945679e-05	0.000000000000000000e+00	2.659483707363527048e-06	3.950742542725424640e-03	1.926620248868127097e-04	0.000000000000000000e+00	5.207373466108504492e-06	1.567802812188572991e-03	1.339113860751349472e-01	1.774385362808803268e-01	1.751333317311454946e-02	-6.137972715248199984e-01	5.306382357897565863e-03	1.349920742624562760e-04	2.756965573463755108e-04	1.775183947500756296e-02	1.130075379792775010e-02	1.125092254788764585e-04	2.920645833353243109e-03	2.899737435340277517e-02	2.376140477371399898e-03	3.938243363493065363e-05	5.716003479353674638e-05	3.945351212876395917e-03	1.769307507776012771e-04	4.725302155647466071e-03	1.896814058938366479e-03	4.430523783929698025e-05	3.309328401089329093e-05	9.885779226865823791e-03	5.321595363054489015e-07	4.454214738101518558e-04	1.323161189503975878e-03	3.438617827481252613e-04	0.000000000000000000e+00	9.553575773740575214e-04	1.776935878638769700e-03
2.999435328253144059e-02	4.122227903002689776e-04	5.387688263489461276e-05	1.588407053339227146e-03	1.925791741230254914e-02	9.872053077330444557e-04	1.524892733345251409e-03	1.293592134368647985e-02	6.370349754709073858e-03	0.000000000000000000e+00	9.541329534534734663e-06	1.020099336947539754e-03	3.232133357523920072e-03	9.895257861061688851e-06	1.001310031996049954e-02	5.222596795348142168e-05	1.710032950673984198e-02	3.974490279352178146e-05	1.916037125532359537e-05	7.812683895807921068e-04	1.450600493345737159e-02	6.481314591269097007e-04	0.000000000000000000e+00	7.913589978578796508e-03	2.850759114086428691e-03	3.510188123072977905e-07	8.889035217546572674e-07	1.431771947494400833e-05	1.154686801022868602e-02	2.144405835186401725e-06	3.722582661108116387e-06	2.874280941012318861e-05	4.427710452618822956e-02	3.484186451478963925e-04	2.529442969315849610e-03	8.074929675061513420e-03	-1.711933557988622123e+00	6.015403755192318125e-02	7.378494573486174546e-02	1.092387792720723949e+00	5.103601023783718021e-02	8.401325550093727149e-05	8.326294246554771100e-03	2.696179824061565103e-02	1.035485041483011487e-01	5.116892266641967025e-04	2.067918835984641508e-03	1.848283042646436600e-02	3.977506788610881577e-04	3.734176136720484401e-03	2.384669596294444055e-02	6.657109317526867243e-03	1.423813956827145303e-04	1.703913829306731575e-02	1.172213433116204651e-03	4.961461324262889452e-04	1.067361054197319380e-02	8.502740328576553069e-03	2.622706509074058229e-04	4.808379579977945005e-04	3.034590481750682953e-03
1.786066309681250423e-04	5.630624066143661600e-03	4.597707098939656303e-03	8.446976766753157318e-07	1.384248317651673226e-04	2.756235454334155649e-02	2.386149300142325659e-03	1.306446875009709173e-03	0.000000000000000000e+00	0.000000000000000000e+00	3.816531813813893526e-06	3.914704454903045792e-06	0.000000000000000000e+00	9.010934290109965522e-03	3.272582550469194107e-03	9.235361264983451634e-07	2.525084798580691623e-04	5.552607037883550666e-03	5.482396142419488153e-03	1.118229555442264682e-05	1.534182155261542158e-04	1.296088234774282928e-02	0.000000000000000000e+00	5.197295284272793886e-04	4.138643194519412726e-06	8.312166771767671644e-03	1.479410080799966449e-04	5.736811198789110328e-06	2.118877194291324929e-06	7.157113653519019819e-03	1.100505733369073471e-03	1.598168004269697390e-06	6.872504033998960531e-03	1.001761025471156578e-02	1.506360685763958110e-02	6.465409872570275669e-04	1.893269181897371811e-01	-9.706491859671384503e-01	1.236424643710285071e-01	4.303511468193625400e-01	1.085254622961403072e-03	5.399070283116770216e-03	6.151732704311060028e-03	4.005668352164155031e-03	8.660766933060757644e-04	1.451276457968731816e-02	3.395373717634455474e-03	1.197944801453682982e-03	4.360154460723610938e-03	1.224811631179207668e-06	4.584497153540022046e-04	4.115333198999773789e-02	5.570634763409749134e-04	9.878262543806981717e-04	5.968453018084972188e-03	6.965850072563591414e-04	6.166856171514253740e-06	0.000000000000000000e+00	8.124331067839489495e-03	4.098247874514851334e-05	2.566191541739608639e-06
1.565243565938841556e-05	6.814932631436884007e-04	9.333561311819449369e-03	7.078566530539146093e-05	3.508874148909261700e-04	9.303798295326496173e-03	1.372000905254612026e-02	8.084866135398138679e-04	0.000000000000000000e+00	0.000000000000000000e+00	4.054676491245990831e-04	5.167409880472020412e-05	2.562249619248457321e-07	7.776765473489739107e-05	1.618855701550806631e-02	1.870160656159148712e-06	1.563582327174713272e-05	1.516058228055499430e-03	1.333736260055225914e-02	1.594253112104199307e-03	2.091096026258448077e-04	3.879878038970210972e-03	0.000000000000000000e+00	3.321868407376061551e-04	6.207964791779119936e-06	4.322899914391521649e-04	2.463764496332112447e-02	3.721634722604291214e-05	0.000000000000000000e+00	5.364017957483071823e-06	1.616326301285651162e-02	7.990840021348486952e-07	1.112575402603903016e-02	8.770308454035579196e-03	2.008707208859525362e-02	1.844734317538247867e-03	3.244367466871126982e-01	1.727357958124662585e-01	-9.673120949813649450e-01	2.301155853703162613e-01	1.403582321207202336e-03	4.198947851052617884e-03	1.890720710235782934e-02	3.850322724250422862e-03	2.481637585870302004e-03	5.362207394940765766e-03	1.100067278961700673e-02	1.389943081677223833e-03	1.215877920840094904e-03	5.709100422229290315e-04	8.197473721228697467e-04	1.504993026370123055e-02	1.311717788512162903e-03	9.115566240477357939e-04	2.310404133211281259e-03	7.032626239563697160e-03	3.780441636301453095e-04	0.000000000000000000e+00	1.187252524407029488e-03	5.473613914530391956e-03	1.623599035655468687e-04
7.022293146740224770e-03	1.322177116710649184e-05	3.303211100514846787e-03	1.207279461623324453e-02	2.281824068886863666e-03	1.533262936478724725e-03	5.193530748293744264e-04	7.993934261564504540e-02	1.911122862160056851e-04	0.000000000000000000e+00	9.794757608596808926e-05	1.875095811720653774e-02	5.896459059680745168e-06	4.250424853732780320e-06	8.722311042651535035e-03	1.238304944492776144e-02	3.663345890148825019e-03	7.259707254537297331e-07	3.532191558997396178e-04	8.368416128610455668e-03	4.070715423020106714e-03	6.784873595335905866e-04	0.000000000000000000e+00	2.997540408569528483e-02	1.861394571381207411e-05	0.000000000000000000e+00	0.000000000000000000e+00	7.881479171821173871e-03	6.351957589063038942e-05	2.504810177234536330e-06	8.187560724716425980e-06	1.065131756245627122e-02	2.456446120131165409e-02	2.323914415562620722e-04	1.705345779579291567e-03	1.693309635456696077e-02	6.847462264643531249e-01	8.570934789903446316e-02	3.280473753706814044e-02	-1.345396503763039320e+00	1.984022721280399165e-02	6.671685045214386441e-05	2.959794755008221707e-03	7.247963403967419560e-02	2.008622504453614482e-02	7.305518963755294314e-04	7.571677570357842084e-04	6.687352047215933126e-02	4.797695092920976612e-06	7.819978798798985289e-03	9.939362717841017728e-03	9.199219185491543799e-03	7.054492646753899232e-05	3.524033637775601108e-02	4.625057658868023607e-05	5.654293621307673184e-04	2.514204764011572502e-02	7.260683349630343212e-05	3.711601591311336823e-06	8.828329611182839792e-04	1.334317505912075742e-02
2.318512160956973447e-02	2.789604691690489389e-03	2.163927737047342231e-05	1.707905495105509902e-02	3.285662787847809085e-03	1.429603890124267534e-06	8.950979713836094294e-07	8.297643603046700846e-05	1.294738830235793968e-02	0.000000000000000000e+00	3.574479940350684995e-04	9.516791817869692249e-03	6.383253637983858642e-04	1.411208251832227133e-06	7.293630313232576977e-04	6.534018094975791512e-06	7.401757153309563957e-03	3.974490279352178146e-05	2.495424647493699092e-06	1.941063452875706370e-03	6.525336479965518355e-03	3.568002986276533817e-06	0.000000000000000000e+00	8.360620507607717175e-05	2.459756818819596770e-03	3.887017142167577782e-06	7.529663246472985871e-05	3.721634722604291756e-04	2.582911299841125254e-03	3.604043420481347108e-07	7.423954025001940524e-07	3.995420010674242735e-06	3.125232408414032464e-02	8.417246224193108278e-04	8.626154037929524782e-04	1.601820242385397844e-02	4.753821514365519363e-02	3.211812747082034235e-04	2.973320805049525632e-04	2.948220679285827248e-02	-1.560463898571446739e+00	1.566163798358871304e-02	3.176620314260364952e-01	9.756357506739438135e-01	9.843244006080350758e-03	5.411762147274708137e-05	8.376275571215432839e-05	2.065974529643529924e-03	3.415180282612435164e-04	1.738451170923550069e-03	9.368007144521291879e-03	2.325518402595329968e-05	4.842933346271809151e-07	1.069362856293623327e-04	2.424164074383421705e-04	1.161794931972091362e-03	2.615501331747315059e-03	1.642162111798085291e-03	2.905042014737911778e-04	2.680957799410562114e-05	3.145405806821932604e-03
9.297286990213492132e-05	1.105023702133598774e-02	2.166681826894492711e-03	2.106112873843786913e-05	0.000000000000000000e+00	6.623444173188864324e-03	3.091677966399323146e-05	0.000000000000000000e+00	1.132711427832375786e-05	0.000000000000000000e+00	2.639408059247877453e-05	4.360657900538907647e-04	0.000000000000000000e+00	9.311454447357285806e-04	3.596739601237027885e-04	6.534018094975791512e-06	2.173312328235204693e-04	4.521433432828905578e-03	2.903646761886639460e-03	1.677344333163397023e-05	1.055872095844144797e-06	5.918016119810689916e-03	0.000000000000000000e+00	2.261537246352045186e-06	8.896093135911682507e-05	3.489792897669652394e-03	5.085742256563914078e-03	5.210531696866296022e-04	0.000000000000000000e+00	1.444650771404777309e-03	5.013077983625595369e-04	0.000000000000000000e+00	1.495563985313407788e-03	1.532887252494258452e-02	3.847407860278811466e-03	1.599740549777774407e-03	7.849988560868825576e-04	1.602848990300290849e-02	8.922764183486812245e-03	9.944980520522695225e-04	1.571058060228742448e-01	-1.145401077662282940e+00	2.313655059215004861e-01	6.422097013718125469e-01	4.720086147493996311e-05	1.115671341600804655e-03	2.539296367714267261e-04	5.271852055428054068e-05	1.458636712403382730e-03	1.224811631179207668e-06	1.573202495159070964e-06	1.048964946628792166e-02	1.002481571360420184e-04	7.499038262928635675e-07	1.219528328777495785e-03	1.660416591722823580e-03	1.006812054782842293e-04	0.000000000000000000e+00	2.742286698804383312e-03	4.732559516519568645e-06	0.000000000000000000e+00
3.760481430201615115e-05	2.923752443697459798e-03	9.147512706609217323e-03	3.659680840785028196e-03	4.293879856432854449e-06	5.705651240049532375e-06	3.429330939657992440e-03	1.873661458752481142e-05	9.597970267967709376e-04	0.000000000000000000e+00	3.364903126054341262e-03	5.528757280548514570e-03	2.562249619248457321e-07	4.956028979648893993e-06	7.930865923172754003e-03	1.870160656159148712e-06	4.065314050654255659e-05	4.285141928244136193e-04	5.476144628769711274e-03	1.672568975631258869e-03	1.471181786876174809e-05	1.338930287298043059e-05	0.000000000000000000e+00	4.518362956774190335e-05	1.427443904309711343e-03	5.015697484976262875e-04	4.269866133893246950e-03	1.050662939127385400e-03	0.000000000000000000e+00	7.148019450621338731e-07	1.962448006969012924e-03	7.990840021348486952e-07	6.696028950690276205e-03	5.037053600914456752e-03	1.553802286076750444e-02	1.006737768314943521e-02	1.886031802818088216e-02	4.427383385678413698e-03	9.740076386063122732e-03	1.069562195559789139e-02	7.724963036951341122e-01	5.608860749612133711e-02	-1.627248045618215011e+00	6.443141714963858124e-01	2.259578298584538104e-03	3.556546070121893808e-04	1.374288205780102795e-03	8.274750418902852281e-04	1.639002567066130515e-04	1.678414283553852145e-04	1.837761807493779861e-05	3.544895812054593167e-05	6.090762989140419094e-04	2.467624708401340458e-05	7.251245260922957632e-04	6.018069996481095578e-03	1.401226177821062987e-03	0.000000000000000000e+00	5.081880486496749127e-04	4.357448424788731844e-03	5.180119764847062160e-04
1.582454750377588039e-03	5.874684630682004368e-05	2.661754067007835703e-04	2.481973306269131749e-02	3.758904661205153911e-06	1.429603890124267534e-06	1.790195942767218859e-06	1.288774147760427154e-02	5.195434133725186383e-04	0.000000000000000000e+00	1.024009160926977623e-04	1.923008565626436323e-02	5.124499238496914642e-07	0.000000000000000000e+00	5.312842418018183998e-04	1.616072779356291607e-03	5.745930179485307697e-04	7.259707254537297331e-07	2.915933922002152823e-05	7.723265326018641762e-03	2.942363573752349617e-05	2.676002239707400469e-06	0.000000000000000000e+00	9.866003352570096308e-03	4.178935273696826103e-04	2.403446456033498142e-05	8.504566377242932446e-05	5.863142587772615308e-03	4.237754388582649859e-06	3.604043420481347108e-07	1.855988506250485131e-06	2.055546736824973107e-03	4.359213279801199374e-03	4.383943399825924710e-04	4.850566597610033023e-04	2.687129395274595253e-02	1.641869180029344177e-02	7.750274815796226067e-04	5.332422510163517624e-04	7.041300496318654567e-02	6.378392585872422194e-01	4.185480742138085464e-02	1.732168444756067571e-01	-1.090623841722481835e+00	2.198493047542787997e-03	9.289647169004451273e-05	1.237762723668588594e-04	4.221159082605498332e-03	1.374041554058513525e-06	2.765117844596645755e-03	6.354322742557728335e-05	2.325518402595329968e-05	2.001651927828272897e-06	8.612292549055280966e-03	1.775599566914269644e-04	6.198751955785513842e-04	5.570007716167764932e-03	6.050569458025285728e-06	2.236477881944010824e-06	9.616263603985573092e-05	4.543511108293572104e-03
2.299816917784545944e-02	2.349873852272801273e-05	6.442603035300041143e-06	1.660112500559220476e-04	2.730735129582307491e-02	2.497977511583206984e-05	1.210057578426612087e-05	3.052069153787043457e-04	7.735025582494504427e-03	0.000000000000000000e+00	4.451181334889280509e-06	5.089115791373959106e-05	3.702471066413558914e-02	5.271518024424576288e-03	1.100262422896072095e-02	5.960626837797396854e-02	8.145995498429668691e-03	2.240138238542937571e-05	1.252029667427634515e-06	3.897089692685443900e-04	8.589061955117249444e-03	1.784001493138266908e-06	0.000000000000000000e+00	2.711488927657503781e-05	2.538371142192415164e-03	0.000000000000000000e+00	0.000000000000000000e+00	8.580908276154898854e-06	3.189469498667819869e-02	1.905938295531219105e-04	2.177233602560926329e-04	6.169836546483457168e-03	2.294718857583329455e-02	8.458314486680086023e-05	8.508833977616091096e-04	3.347194790105222952e-03	9.585449764811777851e-02	2.547284392076693297e-04	5.224500180779583338e-04	2.966293915245739668e-02	9.782295126785732833e-03	4.676246338074547759e-06	9.234189950871796084e-04	3.341981691465972099e-03	-1.224281785269838663e+00	3.121749494640385994e-02	6.937026087706739397e-02	6.509824100812240388e-01	6.919444259312997796e-04	4.987496314487484782e-03	4.429572091213976152e-03	3.325574753070717698e-06	3.238007760588709837e-08	1.196317162886027045e-05	3.428920698153020002e-04	9.242389149653390317e-04	9.981215516759036482e-03	1.877671341864485532e-02	7.518848300552620186e-04	1.889121303341587121e-02	1.560592134941401685e-02
6.267469050336024966e-05	2.143856969407157385e-03	6.903052431620626409e-04	0.000000000000000000e+00	1.770345547365348988e-05	3.653424221407072098e-02	4.929261448828027527e-05	3.479656994826035729e-05	2.828329387401181983e-06	0.000000000000000000e+00	4.451181334889280509e-06	7.829408909806091372e-07	5.065600346608294113e-04	1.257960443738259659e-01	6.776112015612237999e-03	1.058884963517309902e-02	9.068777497613339077e-05	3.917322079147766457e-03	5.985565279040250524e-04	7.461496143965288629e-06	6.300036838536729881e-06	7.062508827705548525e-03	0.000000000000000000e+00	4.523074492704090372e-06	1.861394571381207411e-05	3.347702547264201113e-03	3.632218780763338630e-05	1.431771947494400833e-05	6.817175773044944435e-04	1.633924920392099481e-02	1.150893169901622166e-02	1.275640750741360548e-03	2.081369332511531778e-03	1.486221722864676130e-03	3.932372620784874845e-03	3.037119882015838421e-04	2.593136928349064514e-03	2.336801076390330675e-02	6.180171234846984669e-03	5.906326348663178995e-03	2.944365507246069478e-04	6.051098801902669681e-04	7.957018326374406614e-04	7.730875864374890574e-04	1.709025570794651949e-01	-8.595223539436710469e-01	9.324106939217961798e-02	2.817719288175833947e-01	6.673273264557131809e-03	2.449623262358415336e-06	5.225862959697952619e-07	4.730862518887127451e-03	3.550545900958576800e-07	7.499038262928635675e-07	5.021646596857790891e-03	1.451321255102184810e-03	1.438491986788840148e-05	4.891081113842301475e-05	1.500717898802112274e-02	3.490374143526502829e-03	7.267564820036324881e-04
6.267469050336024628e-06	1.351227208364487160e-04	3.834639785619376341e-03	1.178822535449107278e-05	8.047857114524070514e-05	1.144231977878658151e-03	1.480262286900434383e-02	1.231602061946703399e-04	1.421063058060105957e-06	0.000000000000000000e+00	6.786410945107453768e-04	1.096117247372852856e-05	2.993210150399820257e-03	5.858768818287027336e-02	2.706154549202942350e-02	2.201139842013942124e-02	6.254329308698854273e-06	3.519123147386255305e-04	4.105759301677038009e-03	6.414300031813573210e-04	8.411781030225018205e-06	1.428130361954956393e-05	0.000000000000000000e+00	9.046148985408180744e-06	8.277286389038825452e-06	1.696762994197188227e-05	5.068910904513778369e-03	3.434794162664835994e-05	2.697237188456638648e-03	2.867851477718656554e-03	2.399517391718091613e-02	1.111985925637470332e-03	2.690646012485540476e-03	5.152881080433205233e-04	5.815094776093862605e-03	4.907135062464004207e-04	1.166618362187561708e-02	6.086047229722136090e-03	1.411407074894257402e-02	6.814509813322057116e-03	5.073178223321043968e-04	1.533160071072765124e-04	3.422755531376859596e-03	1.146682070417503639e-03	4.227659294960899872e-01	1.037966621535584277e-01	-1.024835228045551494e+00	2.271427862130097064e-01	1.331778325924930532e-03	2.033609656595822496e-04	4.202464796757103233e-06	1.661595414258272872e-05	1.272393451306328056e-04	2.240889080922203940e-06	2.090314774762820973e-03	4.368785393873282977e-03	1.678602369569858832e-03	2.016774831899683024e-04	5.885775323466155978e-03	2.747367254992633817e-02	1.901934240833182913e-03
6.542848001355969570e-03	2.934855149959680166e-06	8.869398812222791754e-04	5.980365695563826661e-03	3.959520359415542369e-04	3.854824775156507661e-05	2.330126697698080873e-05	9.821614780612231144e-02	4.430957395403724210e-04	0.000000000000000000e+00	1.116227621948544008e-04	4.047529973480127469e-03	8.467177242414360497e-03	9.675529376231764914e-03	8.316099684150273300e-03	1.511404505111696717e-01	2.023986860663137301e-03	7.259707254537297331e-07	8.289299867107097523e-05	6.729413936965514785e-03	1.082268898240248240e-04	1.784001493138266908e-06	0.000000000000000000e+00	1.668814247530788636e-02	3.723784008914943222e-05	0.000000000000000000e+00	0.000000000000000000e+00	8.187790857905672195e-03	8.648508868087441404e-03	4.376870464613230420e-04	1.228134108707463795e-04	2.296942749469890743e-02	1.352041675249867139e-02	5.119177643133860034e-05	7.999270104161706118e-04	6.551586868097663933e-03	2.016922006391549602e-02	4.153458253215323772e-04	3.449493779344934815e-04	1.164185009679562094e-01	2.420357021954645717e-03	6.156907509988968885e-06	3.986376114215971884e-04	7.564193830508392398e-03	7.673989724680122526e-01	6.067351751911465030e-02	4.393637835507122058e-02	-1.483963289413009479e+00	4.110674315891720272e-06	1.206872364270815748e-02	1.207936448705182862e-05	2.217049835380478465e-06	3.238007760588709837e-08	4.975788335412277899e-03	1.701333747180975873e-05	6.112029660980181339e-04	2.115819238533284824e-02	6.109327754678388692e-03	1.045355140493049902e-03	1.312279287214438220e-02	2.383991942276096621e-02
1.394495626733313837e-03	4.853096373296377636e-03	1.731929072451345161e-03	8.026880455553300937e-04	3.756300176702072639e-04	5.023334490526382493e-03	8.508552411723865026e-04	2.029517565628817489e-05	8.403449495474077467e-04	0.000000000000000000e+00	5.817836477041756632e-04	1.452880003881542851e-06	8.361474590814132676e-05	4.300405145985171200e-03	5.807101683545375960e-03	4.155912569242553447e-06	1.063450723399275667e-03	2.548074278259682482e-02	2.870135540236386663e-03	6.775854288965555902e-03	3.035397637308394976e-04	2.884284414031293171e-03	0.000000000000000000e+00	1.128412855211072617e-05	5.142065195959865873e-04	3.120665644280384149e-03	5.921036946413074393e-04	3.347283483361273556e-05	1.866169928913345428e-04	3.736726279006367599e-03	3.275650023154391775e-03	3.620092676338177883e-06	2.137896125613454341e-03	2.305614697384532168e-03	2.189632075059166731e-03	6.598646852771194700e-04	9.748151883562733650e-04	3.395202244006090015e-03	6.777024476813642805e-04	1.875820130592873288e-05	8.985843202611405386e-04	3.825932360402314967e-04	1.773347039776468673e-04	5.529954123301066125e-06	1.831951226031227871e-03	3.227238709908776624e-03	5.785594366723058194e-04	9.232170184871568675e-06	-7.295672898271264861e-01	5.105725480675440409e-01	3.854563857429711519e-04	6.247265008173520998e-03	6.024580926172908414e-05	6.139330289890327372e-04	2.477253886494249976e-03	2.242159205890972146e-02	7.259951278310558575e-04	2.737780612120510192e-04	7.111525404378619963e-02	4.406310243461907840e-03	1.327361195291940944e-02
1.516974312071383071e-02	4.634683458170226161e-04	8.959029682694810487e-04	1.403831225455929796e-02	1.464431244610077832e-03	1.480661171914420067e-06	2.016076548486965049e-04	2.032675345881181789e-02	5.854241726787594996e-03	0.000000000000000000e+00	4.328115453268505846e-04	4.088000753143804754e-03	1.882310693685149139e-03	1.948811395387361530e-06	5.691367214626357612e-03	8.143995535897194035e-03	6.526526846702547860e-03	2.120201492537757484e-03	7.949956653797401844e-04	6.145250419256015340e-02	3.770636573381200979e-04	1.077834235437702867e-06	0.000000000000000000e+00	7.959645242293568457e-03	4.369153682060314338e-04	5.987967974653904108e-07	2.683332338434993677e-05	1.298986645912258986e-02	2.594066565069894537e-04	6.967817279597271217e-07	5.106619804340620028e-05	5.877735021703073617e-03	1.257290838750217514e-02	1.252894074716765437e-04	6.871488895102192268e-04	9.555611025864876526e-03	4.962305177241888021e-03	5.171426887201098714e-07	1.725417016495962939e-04	1.657835505345385194e-02	2.480190337184264623e-03	1.741954319899317804e-07	9.846697130182598600e-05	6.034101607542014141e-03	7.159828042575366869e-03	6.423456554628733228e-07	4.790280524425714800e-05	1.469702345823126720e-02	2.768437816188462075e-01	-7.092052036969074269e-01	1.860575965477211362e-03	5.615930268492002600e-04	1.636911471039871694e-05	6.071300779248631728e-03	2.693988668902739321e-04	1.797597071183891157e-02	1.089123704356236011e-02	6.520750147002359574e-03	7.984654300262192597e-03	8.357031105613631564e-03	1.191480249418531007e-01
4.860139725319329029e-02	1.868617299648565877e-03	5.456540509668240539e-05	1.636994063701591173e-02	4.019305949226429503e-02	1.916013849418601910e-03	2.472739258978312159e-03	7.785375073330311202e-02	1.510377561095619346e-02	0.000000000000000000e+00	1.999145991387469673e-05	4.814136457439319172e-02	1.325257916848078619e-03	1.612809430665402770e-06	4.758028465445492995e-03	8.912123620709030424e-06	2.774123870442412459e-02	1.154373230474227554e-04	1.832280658125131826e-05	2.549065953332098691e-03	3.662299403582721519e-02	6.722712293309369459e-04	0.000000000000000000e+00	1.282654406948212020e-02	5.541553699507767959e-03	0.000000000000000000e+00	0.000000000000000000e+00	1.407463425465633433e-05	7.728386446466430949e-03	5.766469472770156220e-07	0.000000000000000000e+00	3.499019342681382469e-06	6.188055520949185123e-02	9.272190083686493748e-05	1.702826046409769152e-05	1.488017925546477639e-02	1.229338291882825784e-01	7.509090165281071330e-04	9.610831259371577836e-04	8.174268993810632211e-02	5.184707402398853332e-02	8.679737904325910484e-07	4.182492389468602770e-05	5.379262873441111644e-04	2.466813423210542644e-02	5.315964045209986376e-07	3.840183348760801858e-06	5.706458395607244311e-05	8.107875700110773890e-04	7.217751590213320606e-03	-1.280224375228345091e+00	1.905062410677767770e-01	4.906066613758306924e-03	3.169162296393721601e-01	4.806662028035372375e-04	3.087834028838665635e-03	9.951400222865426637e-03	9.674484954482202165e-03	8.989848008151822036e-04	1.516121280044297782e-02	7.673464578950192107e-03
6.789974630750048598e-04	1.112467290686818509e-02	3.094047812658884140e-03	1.743831425847485199e-05	2.884086473209058425e-03	4.888198629948296847e-02	7.479529594664630424e-03	1.651115879014254662e-02	2.820051350169763263e-05	0.000000000000000000e+00	6.198626189686988551e-05	6.750726222479817417e-04	0.000000000000000000e+00	1.948391392931458910e-03	8.174882751142503951e-04	0.000000000000000000e+00	1.078844963135493478e-03	9.132009688583306653e-03	3.655771204516184737e-03	4.252057935907685990e-05	1.627708959128981161e-03	2.310965800853091723e-02	0.000000000000000000e+00	4.625738860616613463e-03	4.068007697689874925e-05	3.540189907442536921e-03	3.492017737494718625e-05	2.936469461075104037e-05	2.897876162780782643e-06	2.059188228509120037e-03	1.083897287650283367e-05	2.251964006016391652e-06	4.189632900495431252e-03	1.277163046123204991e-02	4.548872686013324083e-03	1.587313639124419376e-04	1.567303689716955176e-02	3.078398849645499341e-02	8.058230377414833320e-03	3.455139804314540791e-02	5.877885096323628311e-05	2.643061282844200686e-03	3.684458639300836410e-05	8.990783745466983845e-05	8.457957836549935399e-06	2.197802272553862294e-03	6.934217083125075277e-06	4.783241377120087104e-06	6.001309692891100209e-03	9.949482759139373703e-04	8.700285025142560913e-02	-5.979392988647016516e-01	9.955910063761194348e-03	2.086946176741417969e-01	5.218179026499130020e-03	1.282102406402034229e-03	4.545250903941632295e-03	9.479225484239612416e-05	1.040523713806240300e-02	3.936523183602163786e-03	8.298456389922257304e-04
1.490553520261261939e-05	7.221096686868253012e-03	9.450056853345149832e-03	7.640947472610089232e-04	2.462617528284603841e-03	3.058118015078655633e-02	2.354621747744917518e-02	6.767814268768364803e-03	1.586623802688467880e-06	0.000000000000000000e+00	1.110403525323165217e-03	5.501370492475348047e-03	0.000000000000000000e+00	5.779233793217692289e-06	1.018921546820362144e-02	0.000000000000000000e+00	2.924502910655537395e-05	9.138535447412109679e-04	1.311791202125796134e-02	1.467029628518828682e-03	1.778428834854644917e-03	4.018835030271683713e-03	0.000000000000000000e+00	1.855779772069048993e-03	3.194515215769672052e-05	1.657324998226191706e-04	1.375683712040678443e-02	4.181065788947995534e-05	1.791697627525753249e-06	2.066318227742639277e-06	2.831103656137275767e-03	0.000000000000000000e+00	1.065500710805268960e-04	8.364793689551681954e-03	1.651673858142877274e-02	5.019148074985482419e-03	1.419067910304388190e-02	1.764034341746420487e-02	2.973226987294236290e-02	1.121664330833870016e-02	5.181938680510835590e-05	1.069313676117781674e-03	2.679935715221784184e-02	3.276036988545606883e-04	3.486255022233844706e-06	6.982740271885200405e-06	2.247895097307846431e-03	2.957380421337689028e-06	2.449996243310316631e-03	1.227683603279903926e-03	9.485062119932725910e-02	4.214668593658906226e-01	-9.241508105574239851e-01	1.015543140920380366e-01	1.944073392263592423e-03	6.465478199226788042e-03	1.898319779474689096e-03	8.318920598969176768e-05	3.144979609916401676e-03	1.719804694963656538e-02	9.419578565630647203e-04
1.107331885462762254e-02	3.372596257072310003e-05	1.923780938410928759e-03	3.328300310907457427e-02	1.420839917090517372e-02	2.514354134717398156e-03	1.728754886292994388e-03	1.590390951598997515e-01	6.607253383543542193e-04	0.000000000000000000e+00	1.381420457540759360e-04	9.822312303797040012e-02	1.392812613540187154e-06	0.000000000000000000e+00	1.807572875661188870e-03	3.980509970417355110e-03	6.822157987652568804e-03	4.730776265868809600e-06	4.252238138078709363e-04	2.495014875265214385e-02	5.719799926133843464e-03	9.403546203727352953e-04	0.000000000000000000e+00	6.706110483160104829e-02	6.071668128882687354e-05	0.000000000000000000e+00	6.142829215377712393e-07	1.605874443968838966e-02	1.056322601271704796e-05	5.105728179015242707e-07	0.000000000000000000e+00	3.364979054989944603e-03	1.616006151480661387e-02	3.170619657049501265e-06	6.801674632124978404e-04	4.785137817259521587e-02	5.419896116624604160e-02	9.983350443209181805e-04	6.594239408004897232e-04	1.788259622573363516e-01	3.651760392236734509e-04	2.552864089507621354e-07	3.465175122435924625e-05	4.498548554878876310e-02	4.110749400129646452e-05	4.706843165029675448e-07	1.263480013711455454e-06	1.450389365854217252e-02	7.968066971985320350e-04	1.453236888649938295e-02	1.955440565859955793e-01	2.819597494108086466e-01	3.241095130596957988e-03	-1.366082765245808961e+00	5.449471328667442440e-04	1.099922516550977695e-03	2.397600894701602120e-02	2.038960253245776164e-03	8.343490038724741360e-04	6.813646813862388532e-03	2.135554248232520921e-02
1.401574944106232477e-04	3.237513330881962477e-03	4.277937595615068870e-04	2.534093030025947513e-06	4.309858720816629003e-04	1.028894854746748543e-02	8.295117018440468625e-04	5.024665358643633499e-05	4.260843730298082910e-04	0.000000000000000000e+00	1.522576009184023211e-04	1.467360374586895591e-03	3.987254599799715401e-05	5.202032818120075688e-03	6.276129829470274667e-03	9.350803280795743773e-06	4.325955842875138535e-04	3.853835540321823641e-03	9.117970813196960922e-04	2.950773008400139660e-05	1.202520998044720327e-04	2.004948219728552514e-03	0.000000000000000000e+00	6.360573505365127588e-06	1.652970112426443506e-03	2.668398552787860836e-03	1.323548436461082899e-03	1.891567641668536696e-03	3.361847948413103967e-04	4.049599295077387952e-03	2.820551035773166248e-03	8.160342688468000404e-06	1.780398388270759225e-04	8.939150192150743107e-04	2.121069654038784940e-04	5.765061643309029766e-06	8.345043250041553340e-03	1.350007230281124494e-02	3.740654310913502784e-03	5.252744055428684375e-04	1.852753971135900381e-03	9.291644409733302353e-04	2.278962796290072770e-03	2.075760446083110399e-03	2.637003298817679545e-03	7.054217838443087307e-03	2.637778168153083382e-03	1.109917730303779587e-04	7.195832717911868938e-03	1.443208215483610633e-03	6.637771372048846584e-04	1.577877943727117732e-02	1.388623851616851382e-04	1.219643583082713261e-03	-8.964630308918507540e-01	3.313028176913166822e-03	7.521761848672962048e-01	3.267144199116163591e-04	8.908161050052447807e-03	5.962331212456213614e-03	1.267946962736309123e-03
1.656332947732585279e-03	5.363124455051743612e-04	1.293758295787179576e-03	1.405182741738610248e-03	4.253123193533270502e-04	4.827721279667861664e-04	1.736016189087587550e-03	1.217676657614926057e-03	2.003905862795535373e-03	0.000000000000000000e+00	1.072225255153983880e-03	1.122317516776183324e-03	5.585737019315730129e-04	2.299076643511767468e-03	6.218687947218620032e-03	1.808099028458460059e-03	7.403595872441091387e-04	2.945949315389836867e-03	2.136998775114932938e-03	3.881430499444642277e-03	8.248472812734458041e-04	3.025740865758048005e-04	0.000000000000000000e+00	1.456642005767562606e-03	1.457488862116078235e-03	9.109764105991570785e-04	8.209060157693759754e-03	4.787806498786030735e-04	2.665111270996133150e-04	6.829722349202493837e-04	5.354431389695185617e-03	1.225504283274081528e-04	4.873235467593074353e-04	8.286551783998980176e-04	2.208923280599078050e-03	1.206349824902494625e-03	8.830219856872643415e-04	3.939022362461554075e-04	2.846539192204353488e-03	1.605415510335571555e-03	2.219858173589531105e-03	3.162698269948235235e-04	4.728483568663717149e-03	1.811659053744456988e-03	1.776959342463122144e-03	5.096902026846957760e-04	1.378247773067166901e-03	9.968429328027202194e-04	1.628234661420824986e-02	2.407496077478425353e-02	1.066037938527634446e-03	9.692083667443948843e-04	1.154549678433354872e-04	6.154328366416185730e-04	8.282570442282917054e-04	-1.836371824617456516e-01	3.501027470624732199e-03	2.213414256580067442e-03	1.876955338571617213e-02	1.568303323718592615e-02	2.171249144774395345e-02
3.231773328603061279e-03	9.272152541567531167e-06	1.412577600621415272e-04	6.758294713662829981e-03	2.926701470997327813e-03	9.905112667289568099e-06	2.578743749215004258e-04	3.691706004583764772e-02	1.992082066283326104e-03	0.000000000000000000e+00	2.637594774901947563e-04	1.620581099796242902e-02	2.284836823933672912e-04	5.224830551426460662e-06	5.763348408710136650e-03	9.961630074861749576e-03	2.190008434801774245e-03	1.236543543355253898e-06	5.000347451085125454e-04	1.261619614006226874e-02	3.279069453204871732e-05	0.000000000000000000e+00	0.000000000000000000e+00	5.647129177180004907e-03	2.315332099457004938e-03	6.651806493223293279e-05	1.727869455417243671e-04	1.767005913088726468e-02	3.217109940067762572e-04	2.799140389907179796e-06	2.798830667425731552e-05	6.577187777571744803e-03	1.412094058129167518e-03	0.000000000000000000e+00	2.317352053167828112e-04	4.269775469675950869e-03	2.263411029822684148e-02	4.154974016268468580e-06	1.823191711124104691e-04	8.505501222932766725e-02	5.954439202063035314e-03	2.284963528585174047e-05	1.311786209023973809e-03	1.939626800452746297e-02	2.286477029725651408e-02	6.019221788690891479e-06	6.309640112567554276e-04	4.111591995447659575e-02	6.281659971304171626e-04	1.737963358015270215e-02	4.093483779618402145e-03	4.093949395748845525e-03	4.038978254201466334e-05	1.598400596467734400e-02	2.240524805987690604e-01	4.171436986276276515e-03	-6.448940891130667818e-01	5.271352463679947718e-03	1.219943169192040612e-03	9.810571099946549870e-03	2.024220166161434797e-02
1.989547973253300017e-02	2.825419873181522537e-05	7.622927255507682091e-07	5.098745344888059097e-03	6.135095538871261980e-03	7.913878677473624608e-07	2.967704504052609228e-07	4.226072219714230413e-04	5.846694916178284650e-03	0.000000000000000000e+00	5.331919445769409638e-07	8.821403090234100858e-05	1.694722814669773550e-02	7.074857369185566600e-04	2.742489294849369263e-02	4.919360634733358634e-02	7.737061679316481477e-03	9.812571344044920802e-07	0.000000000000000000e+00	5.282938243157931334e-04	3.062838579888166150e-03	0.000000000000000000e+00	0.000000000000000000e+00	3.199132896402163772e-05	1.359454751445899603e-03	0.000000000000000000e+00	0.000000000000000000e+00	1.801261482331665756e-05	4.240854025478270617e-01	8.252196240093242000e-03	1.109290392110372225e-02	1.457205106579764764e-01	1.405214023709236253e-02	7.739307824294058674e-07	0.000000000000000000e+00	1.798357599429850585e-03	2.922206158901597545e-02	0.000000000000000000e+00	0.000000000000000000e+00	3.980857422728360860e-04	6.059011929737763771e-03	0.000000000000000000e+00	0.000000000000000000e+00	3.414746671138408843e-05	6.971124637037114102e-02	3.316940065709147507e-05	1.228609955065324325e-04	1.924087131933194250e-02	3.839186605502325871e-04	1.686400900086817284e-02	6.449656636321467532e-03	1.383749007469460795e-04	2.868593309989371460e-06	2.203014526495436325e-03	1.577242027159527307e-04	4.274179254085647833e-03	8.543226406653709956e-03	-1.441316350977636551e+00	2.408702540398961669e-03	4.594286020790154246e-01	6.610901238616853637e-02
1.947137016881596207e-04	1.428767076292574529e-03	5.361745720732814802e-04	1.764479591277326191e-06	7.418557345400960160e-05	4.742468383398754268e-03	1.746589833038317036e-04	4.777328493383361080e-06	1.738387818597799609e-04	0.000000000000000000e+00	1.225499590509211256e-04	3.793631121246250590e-07	2.134156836709407443e-04	1.690165482993515739e-02	1.547899219604132078e-02	1.384288300008369504e-03	2.231695015988080391e-04	6.077180719775968597e-03	9.257939095328008043e-04	2.610528784235322577e-05	7.693788005050999023e-05	2.654027429648691833e-03	0.000000000000000000e+00	3.321632830579566592e-06	1.593775576350985675e-04	1.036568876826165359e-03	1.976906978666556711e-04	2.285001070704137222e-06	3.093529543706595615e-03	1.385220095401039700e-02	1.422370199558171781e-02	2.514596281384711991e-03	3.160806147152482636e-04	6.911201887094593375e-04	5.525437806389776798e-04	0.000000000000000000e+00	4.640173054515641065e-04	4.566931665353558475e-03	4.777110749093372178e-04	1.047594058612726542e-05	5.517860868229997095e-04	5.192495524363329546e-04	3.969279433240063544e-04	6.497696094878754412e-06	1.437034320164790741e-03	5.239192664457078923e-03	1.845834864755658330e-03	1.694836144941394736e-03	5.133763901385750283e-02	1.063045690863309578e-02	3.085273280904175276e-04	7.819320216177072166e-03	5.582804041271718053e-05	4.640757773018495589e-04	2.213862509480490383e-03	1.865849093964684624e-02	1.017822407432412719e-03	1.239982964584080511e-03	-6.575671812729710908e-01	1.673831967597423989e-02	4.418134991666832767e-01
1.611681289990554147e-04	6.038738059233987598e-04	4.103839773134442502e-03	1.461852570313783208e-03	7.837386610085804147e-05	3.816531813813893188e-05	2.808874873643780416e-03	5.303173445279173561e-04	2.370277993929380402e-05	0.000000000000000000e+00	1.094103394256361632e-03	7.497667975586472353e-05	3.500220221211722618e-03	8.030766158721303408e-03	5.921689634922311374e-02	2.985180454285344537e-02	1.007671769307102961e-04	1.725576570501557739e-05	2.165130586538928023e-03	8.013646858618720097e-04	6.493613389441489983e-05	3.549419637389677331e-06	0.000000000000000000e+00	8.242832109360213714e-05	1.519160614911332678e-05	3.303706468774567565e-07	9.228408464551438994e-04	7.423822627585569456e-05	2.580195086237796476e-01	3.394770434553773253e-02	1.320969275055794145e-01	1.351361345416990378e-01	2.675731936450864105e-04	8.498259301257087288e-05	2.567158720579402944e-03	1.646544309489379656e-03	5.445854145505323474e-04	1.474748288177692730e-05	1.409870250712373521e-03	1.595118645656899443e-03	3.259800960646932886e-05	5.736435777599477948e-07	2.178724212394365922e-03	1.788479329377620005e-04	2.311311291588381833e-02	7.800457366214532231e-04	5.515547898280666848e-03	1.361986835972561066e-02	2.036249430690730434e-03	7.122469692284344629e-03	3.330872509188229687e-03	1.893706228475283389e-03	1.954323517004155034e-04	2.426071214026759553e-03	9.485526928907613356e-04	9.980112060027405974e-03	5.239736837471453343e-03	1.514026075033118590e-01	1.071506070166532848e-02	-9.571003605300884010e-01	3.323234602627255646e-02
4.814845083705812136e-03	9.252255218516957434e-07	1.613355668496319300e-04	4.947431834406287518e-03	5.627657487903178464e-04	1.187081801621043479e-06	3.844613318798476096e-05	1.684916325149000971e-02	1.938661132683241290e-03	0.000000000000000000e+00	1.798389510230969518e-04	1.820571646641652762e-03	3.531919847911398763e-03	9.414439049544565639e-04	1.313506952046658918e-02	2.584541247249097159e-02	1.695379567113388698e-03	3.725586030625184744e-06	8.427454864892216515e-05	1.270834064310947739e-02	2.958436293433532624e-04	1.300834422079986204e-06	0.000000000000000000e+00	7.641357432549168022e-03	2.996636338031712760e-04	0.000000000000000000e+00	6.749885279015039937e-06	3.496343340441675131e-03	1.614824353732284209e-02	5.026679493326017233e-04	7.800454550555610935e-04	2.441149564988490464e-02	4.153692422182358145e-03	0.000000000000000000e+00	1.761245337728633892e-04	2.750019812179048655e-03	3.086199163413109407e-03	8.292115526029347974e-07	3.755263075665709894e-05	2.164862075918572160e-02	3.434269605407620080e-03	0.000000000000000000e+00	2.325768057686436116e-04	7.587972633238585819e-03	1.714528093830179623e-02	1.458456885653548231e-04	3.428656964767302700e-04	2.221815619672281097e-02	5.508097477061796310e-03	9.118471296570389295e-02	1.513812740065003650e-03	3.584707352109274591e-04	9.611814862888416378e-06	6.827962562376086592e-03	1.811352803909013266e-04	1.240713797013940321e-02	9.707994674447698383e-03	1.956287101223354308e-02	2.539676236706444601e-01	2.984129030930597615e-02	-6.568751764042282115e-01
