Run,Genus,Site,Substitution,totalenergy,SD,HBond,BackboneHbond,SidechainHbond,Clashes,VanderWaalsclashes,torsionalclash,backboneclash,VanderWaals,Electrostatics,SolvationPolar,SolvationHydrophobic
1,Viburnum,157,V157S,5.92,0.46,-11.14,0.48,-11.620000000000001,-1.34,-1.29,-0.05,0,7.0600000000000005,1.2,-5.98,15.65
1,Viburnum,219,L219C,24.02,0.16,-1.6800000000000002,-0.56,-1.12,-0.29000000000000004,-0.26,-0.03,0,8.11,0.01,-5.42,17.75
1,Viburnum,219,L219V,9.69,0.29,0.76,0.15,0.61,-0.79,-0.79,0,0,4.7700000000000005,0.29,-3.1,9.13
1,Viburnum,226,Y226F,10.92,0.21,20.62,6.13,14.49,0.77,0.77,-0,0,1.09,-0.1,-5.34,-2.99
2,Viburnum,230,A230T,-2.5,0.04,-10.870000000000001,-5.26,-5.61,0.6900000000000001,0.81,-0,-0.12,-3.69,-0.6900000000000001,8.46,-3.08
2,Viburnum,251,M251I,7.5,0.18,0.34,0.34,-0,0.09,-0.06,0.15,0,5.26,0.02,0.08,8.700000000000001
2,Viburnum,255,V255I,-8.61,0.21,-1.37,-1.37,0,0.56,0.23,0.33,0,-4.62,-0.1,2.56,-8.39
2,Viburnum,262,V262A,18.44,0.18,1.1400000000000001,1.1400000000000001,0,0,0,0,0,10.14,0,-6.44,19.34
2,Viburnum,262,V262T,6.53,0.06,-10.219999999999999,-5.17,-5.05,0,0,0,0,3.08,0,2.22,10.17
2,Viburnum,279,T279S,11.47,0.58,3.6100000000000003,-1.26,4.87,-0.16999999999999998,-0.05,-0.12,0,4.96,-0.19,-5.41,9.85
2,Viburnum,309,M309I,-1.35,0.07,-0.07,-0.07,0,-0.01,-0.02,0.01,0,4,0,0.65,4.34
3,Viburnum,317,A317G,19.14,0,1.1300000000000001,1.08,0.05,0,0,0,0,5.53,0,-2.2,11.1
3,Viburnum,461,V461I,-5.88,0.63,-0.1,-0.05,-0.05,-1.4100000000000001,-1.3800000000000001,-0.03,0,-3.63,0,2.74,-6.82
3,Viburnum,472,M472V,-0.24,0.37,1.61,0.22,1.3900000000000001,1.57,1.62,-0.05,0,5.3500000000000005,0.05,-4.3,5.07
5,Dryopteris,375,L375F,-1.28,0.37,-0.69,-0.61,-0.08,8.16,8.09,0.07,0,-5.95,-4.28,5.7,-4.14
5,Dryopteris,375,L375I,-2.18,0.08,-0.21999999999999997,-0.42,0.2,0.5700000000000001,0.07,0.5,0,0.03,0.5,-0.67,-0.36
5,Dryopteris,424,L424S,38.94,0.05,-11.64,-3.35,-8.290000000000001,0.09,0.09,-0,0,13.81,0.21,3.06,35.21
6,Limonium,95,N95S,14.540000000000001,0.09,3.69,1.94,1.75,0.33,0.08,0.25,0,4.76,0,-5.86,5.48
6,Limonium,245,G245A,-4.42,0,-0.26,0.12,-0.38,2.88,2.88,0,0,-4.8,-0.24,6.5600000000000005,-6.99
6,Limonium,340,D340E,-2.77,0.37,0.28,0.28,-0,-0.01,-0,-0.01,0,0.32,-1.6300000000000001,-4.29,-0.48
6,Pinus,50,P50A,15.81,0.04,0.4,0.4,0,2.67,-0.14,0,2.81,2.39,0,0.46,4.05
7,Pinus,143,A143S,3.54,0.06,-9.18,-4.28,-4.9,-0.11,-0.11,-0,0,-2.25,-0.05,6.13,2.85
7,Pinus,251,M251I,7.3,0.17,0.37,0.37,0,0.12,-0.09,0.21,0,5.24,0.01,-0.06,8.6
7,Pinus,251,M251V,19.43,0.07,1.18,1.18,-0,0.2,0.04,0.16,0,10.42,0.01,-1.53,19.330000000000002
7,Pinus,254,A254V,-18.8,0.5,-1.3,-1.3,0,5.010000000000001,4.98,0.03,0,-9.96,0,2.1,-20.76
7,Pinus,255,V255I,-8.57,0.2,-1.3800000000000001,-1.3800000000000001,0,0.63,0.3,0.33,0,-4.63,-0.1,2.57,-8.42
8,Pinus,265,V265I,-8.82,0.08,-0.02,-0.02,0,0.07,0.03,0.04,0,-4.49,0,-0.29,-10.53
8,Pinus,375,L375M,3.27,0.3,-0.47,-0.5,0.03,0,-0,-0,0,-4.41,-0.8300000000000001,2.7800000000000002,-3.33
8,Pinus,418,V418A,17.95,0.17,1,0.75,0.25,-0.04,-0.04,0,0,9.36,0.14,-4.76,17.89
1,Viburnum,76,S76N,-12.85,0.53,-7.96,-1.79,-6.17,0.42000000000000004,0.02,0.4,-0,-3.99,-0.31,4.83,-6.9
1,Viburnum,225,I225L,-1.7,0.2,0.67,0.67,-0,-0.05,-0.05,-0,-0,-0.74,-0,0.41000000000000003,-1.3
2,Viburnum,249,E249D,6.57,0.71,10.090000000000002,8.71,1.3800000000000001,2.54,2.54,-0,-0,3.14,-0.6900000000000001,-4.5,3.97
6,Viburnum,340,E340D,2.77,0.37,-0.28,-0.28,0,0.01,0,0.01,-0,-0.32,1.6300000000000001,4.29,0.48
4,Dryopteris,116,L116M,2.96,0.15,-0.01,-0.02,0.01,0.02,0.01,0.01,-0,-2.82,0,0.25,-2.7
4,Dryopteris,262,A262V,-18.490000000000002,0.04,-1.18,-1.18,-0,-0,-0,-0,-0,-10.16,-0,6.47,-19.36
4,Dryopteris,282,F282H,6.640000000000001,0.16,-11.23,-0.08,-11.15,0.02,0.01,0.01,-0,2.63,-0.23,3.38,6.93
5,Limonium,43,T43S,6.79,0.41000000000000003,-1.6,0.58,-2.18,-0.7000000000000001,-0.5700000000000001,-0.13,-0,4.69,0.01,-4.59,9.290000000000001
6,Limonium,309,I309M,1.25,0.13,0.1,0.1,-0,-0.01,0,-0.01,-0,-4.08,-0,-0.59,-4.5200000000000005
6,Pinus,95,S95N,-14.64,0.11,-4.859999999999999,-1.94,-2.92,-0,-0,-0,-0,-4.93,-0,6.11,-5.62
7,Pinus,226,N226Y,-23.59,1.05,-1.1700000000000004,-4.73,3.56,-2.92,-3.14,-0.13,0.35000000000000003,-8.27,2.41,-3.5,-16.9
8,Pinus,471,V471A,8.44,0.1,0.44,0.05,0.39,-0.6799999999999999,-0.61,-0.07,-0,9.47,0.66,-11.040000000000001,15.39
0,Viburnum,95,S95T,3,0.13,4.4,2.04,2.36,0.64,0.02,0.62,0,-2.0100000000000002,0.06,1.8100000000000005,-3.7100000000000004
0,Viburnum,449,C449A,5.609999999999999,0.61,6.42,1.4400000000000004,4.98,0.27,0.27,0,0,5.56,0,-0.6900000000000004,7.46
0,Viburnum,449,C449S,0.10999999999999943,0.43000000000000005,-9.370000000000001,-5.42,-3.95,-0.010000000000000009,-0.010000000000000009,0,0,3.9,0,3.3999999999999995,9.83
0,Viburnum,475,L475I,3.66,0.48,0.32999999999999996,0.07,0.26,0.36,0.32,0.04,0,1.38,0.14,0.040000000000000036,2.67
0,Dryopteris,116,L116S,32.96,0.22999999999999998,-10.87,-3.86,-7.010000000000001,0.06999999999999999,0.06999999999999999,0,0,11.57,0,3.92,30.56
0,Dryopteris,116,L116P,31.310000000000002,0.28,10.030000000000001,10.780000000000001,-0.75,4.26,9.85,0,-5.59,7.17,0,-0.5700000000000001,16.59
0,Dryopteris,116,L116K,16.27,1.69,-20.98,-6.92,-14.06,0.6100000000000001,0.5700000000000001,0.04,0,-2.0599999999999996,2.97,23.04,3.7
NA,Dryopteris,282,F282Y,NA,0.16,NA,NA,NA,NA,NA,NA,NA,NA,NA,NA,NA
NA,Dryopteris,282,F282Y,NA,1.22,NA,NA,NA,NA,NA,NA,NA,NA,NA,NA,NA
NA,Dryopteris,282,F282L,NA,0.16,NA,NA,NA,NA,NA,NA,NA,NA,NA,NA,NA
NA,Dryopteris,282,F282L,NA,0.9500000000000001,NA,NA,NA,NA,NA,NA,NA,NA,NA,NA,NA
NA,Dryopteris,282,F282I,NA,0.16,NA,NA,NA,NA,NA,NA,NA,NA,NA,NA,NA
NA,Dryopteris,282,F282I,NA,0.89,NA,NA,NA,NA,NA,NA,NA,NA,NA,NA,NA
0,Pinus,95,S95T,2.960000000000001,0.14,3.530000000000001,2.2600000000000002,1.2700000000000005,0.81,0.02,0.79,0,-2.26,-0.04,2.39,-3.91
NA,Pinus,95,S95A,NA,0.11,NA,NA,NA,NA,NA,NA,NA,NA,NA,NA,NA
NA,Pinus,95,S95A,NA,0.04,NA,NA,NA,NA,NA,NA,NA,NA,NA,NA,NA
0,Pinus,449,C449A,5.609999999999999,0.61,6.42,1.4400000000000004,4.98,0.27,0.27,0,0,5.56,0,-0.6900000000000004,7.46
0,Pinus,449,C449S,0.3700000000000001,0.78,-9.24,-5.67,-3.5700000000000003,0.12000000000000002,0.12000000000000002,0,0,3.96,0,3.2299999999999995,9.96
NA,Viburnum,328,A328S,NA,NA,NA,NA,NA,NA,NA,NA,NA,NA,NA,NA,NA
NA,Viburnum,328,A328G,NA,NA,NA,NA,NA,NA,NA,NA,NA,NA,NA,NA,NA
NA,Pinus,4,K4Q,NA,NA,NA,NA,NA,NA,NA,NA,NA,NA,NA,NA,NA
