Species,ShortName,MeanTempAnnual_n,MeanTempAnnual_mean,MeanTempAnnual_se,MeanTempAnnual_median,MeanTempAnnual_q10,MeanTempAnnual_q90,MaxTempWarmestMonth_n,MaxTempWarmestMonth_mean,MaxTempWarmestMonth_se,MaxTempWarmestMonth_median,MaxTempWarmestMonth_q10,MaxTempWarmestMonth_q90,GrowingSeasonTemp_n,GrowingSeasonTemp_mean,GrowingSeasonTemp_se,GrowingSeasonTemp_median,GrowingSeasonTemp_q10,GrowingSeasonTemp_q90,PrecAnnual_n,PrecAnnual_mean,PrecAnnual_se,PrecAnnual_median,PrecAnnual_q10,PrecAnnual_q90
Limonium aegaeum Erben & Bruno,aegaeum,34,17.37927756590002,0.014410450452608125,17.30221939086914,17.114017486572266,17.785606384277344,34,29.687042853411505,0.044094446942276364,28.855749130249023,28.157777786254883,31.48785972595215,34,11.616357046015123,0.033063946118197136,11.114916801452637,10.627923393249512,12.981481552124023,34,488.79411764705884,3.279592845785643,437,403,639
Limonium algarvense Erben,algarvense,252,17.64891411009289,0.0014088248570783436,17.725711822509766,17.17346954345703,18.05612564086914,252,30.38586219151815,0.00631239075063008,31.359580993652344,28.149999618530273,31.740524291992188,252,13.026938480044167,0.0015474883683967548,12.87220573425293,12.686411221822103,13.511224428812662,252,548.0595238095239,0.3578206384982918,507,476,660
Limonium ammophilon (Papatsou & Phitos) Domina,ammophilon,7,12.706693376813616,0.6729053821893124,8.930021286010742,8.930021286010742,17.74225616455078,7,26.106564930507115,0.522818968442292,23.172250747680664,23.172250747680664,30.018983840942383,7,14.119360787527903,0.4019188418769842,16.37512469291687,11.111675580342611,16.37512469291687,7,651.2857142857143,14.126665643942431,572,572,757
Limonium amopicum Erben & Bruno,amopicum,12,18.344367027282715,0.07011641280954958,18.28972816467285,17.542505264282227,19.25550651550293,12,28.879963397979736,0.056580418124752334,28.68607234954834,28.290565490722656,29.85714340209961,12,12.3358158270518,0.07965177184141913,12.32792107264201,11.420754750569662,13.266666412353516,12,655,3.1388330199729846,656.5,616,691
Limonium anthericoides (Schltr.) RA.Dyer,anthericoi,238,16.70083027527112,0.0013913082343964722,16.661001205444336,16.454364776611328,17.207475662231445,238,25.66649397681741,0.0025889538317645762,25.428098678588867,25.29774284362793,26.563072204589844,238,13.551435250194134,0.0028623558115452026,13.471074422200521,12.981999715169271,14.790937662124634,238,511.42016806722694,0.25758984132974183,512,452,541.1000000000004
Limonium aphroditae R.Artelari & Georgiou,aphroditae,12,16.71181869506836,0.026856862158687305,16.88996696472168,16.1773738861084,16.88996696472168,12,28.802305698394775,0.04609935345829752,28.496517181396484,28.496517181396484,29.71967124938965,12,11.452367703119913,0.10835962912543662,12.171144167582193,9.296038309733072,12.171144167582193,12,557.75,0.414578098794425,555,555,566
Limonium aragonense (Debeaux ex Willk.) Pignatti,aragonense,70,12.042165728977748,0.02385890406435907,11.447187423706055,10.182656288146973,14.980135917663574,70,30.42745339529855,0.017327061087152217,30.436250686645508,28.804774856567384,32.42900085449219,70,14.498585769108363,0.0298686813579267,14.267499923706055,11.754666646321615,17.888166745503742,70,448.2857142857143,0.8753218628277117,428,385,531.9000000000001
"Limonium arboreum (Willd.) Erben, A.Santos & Reyes-",arboreum,102,16.72817075953764,0.016931384727067966,16.948957443237305,15.627674102783203,18.30608367919922,102,25.389639405643237,0.015656006767808765,24.88510799407959,24.542762756347656,27.170162200927734,102,14.343490450989966,0.018405876552338107,14.444145997365316,12.475820859273275,16.482499599456787,102,358.3235294117647,0.8626073840476498,362,303,394
Limonium articulatum (Loisel.) Kuntze,articulatu,1138,14.817183546525522,6.461122894014731e-4,14.699614524841309,14.310956954956055,15.5472993850708,1138,27.1558171592404,7.980364990924379e-4,26.984302520751953,26.479999542236328,28.336362838745117,1138,12.834728877448029,6.480080128342278e-4,12.80310090382894,12.178558667500814,13.58148161570231,1138,671.9586994727589,0.08202564656585482,657,559,776
Limonium asparagoides (Batt.)Maire,asparagoid,51,17.39728764926686,0.018405368682092717,17.998775482177734,15.919926643371582,18.18724250793457,51,31.012525782865637,0.010186021719018994,30.93822479248047,30.832311630249023,31.19499969482422,51,12.81432050817153,0.02746736735169241,13.074749946594238,10.978000005086264,14.221879005432129,51,360.94117647058823,2.5494461536469735,313,303,393
Limonium aucheri (Girard) Greuter & Burdet,aucheri,24,16.886240482330322,0.05303317513410467,16.430928707122803,15.636213302612305,18.529077148437498,24,29.250247478485107,0.042721261412679595,29.452177047729492,27.524423027038576,30.1914644241333,24,10.785844167073568,0.05192840007015076,10.487844467163086,9.534901936848959,12.480278078715006,24,558.375,2.7933780310361436,529,498.70000000000005,674.5999999999999
Limonium aureum (L.) Hill ex Kuntze,aureum,591,1.090688769798565,0.006526776407329113,-0.37043753266334534,-2.6087498664855957,6.899677276611328,591,25.12464557202334,0.006680791931052104,25.30150032043457,20.292999267578125,29.553499221801758,591,17.353799887720097,0.005987162201226272,17.48700014750163,13.01574993133545,21.641666412353516,591,271.51438240270727,0.21467804658822415,293,83,400
Limonium auriculae-ursifolium (Pourr.) Druce,auriculae-,7279,14.779942736420633,6.221367463230967e-5,14.802408218383789,14.802408218383789,14.960721969604492,7279,27.512132021797477,1.0421096723381173e-4,27.49447250366211,27.49447250366211,27.59866714477539,7279,10.679047651024929,5.7279712670840986e-5,10.696482499440512,10.696482499440512,10.730280876159668,7279,564.3934606401983,0.006780368791168757,556,556,566
Limonium australe (R. Br.) Kuntze,australe,1617,14.496902661037494,0.0016416722547346679,14.118749618530273,11.994214057922363,17.24386978149414,1617,24.12909982878261,0.001690338067114134,24.108333587646484,21.196874618530273,25.88556671142578,1617,13.80412884206778,0.0030041847350914218,12.001449267069498,9.725385665893555,20.007047398885113,1617,898.3209647495364,0.12287052720302091,902,635,1093
Limonium avei (De Not.) Brullo & Erben,avei,39,16.22713096325214,0.06394400048719584,14.502586364746094,14.502586364746094,20.037792205810547,39,28.957097567044773,0.08951607401890405,26.222414016723633,26.222414016723633,33.90987777709961,39,12.973088142199394,0.05829843334075283,11.63706906636556,11.63706906636556,16.214706103007,39,603.3846153846155,6.301637415648038,802,225,802
Limonium axillare (Forssk.) Kuntze,axillare,209,26.257406709296852,0.010325626581642851,26.336238861083984,24.63597297668457,28.647520065307617,209,37.112462605015516,0.014270377420276498,37.1016845703125,33.53679656982422,40.999627685546876,209,24.787648223803945,0.017066764548890678,25.566752433776855,19.202150344848633,28.68004322052002,209,88.49282296650716,0.7809528797258647,63,7,122
Limonium beaumierianum (Coss. exMaire)Maire,beaumieria,4358,16.419071164684816,5.716385924335516e-4,17.14737319946289,12.835031509399414,18.572221755981445,4358,28.83609083236056,7.436745256824538e-4,29.399999618530273,24.173192405700686,32.209144592285156,4358,12.69898945577322,6.601022948028063e-4,12.838672637939453,9.183250427246094,16.0287504196167,4358,505.190683799909,0.056464993066765334,463,246,789
Limonium bellidifolium (Gouan) Dumort.,bellidifol,5176,12.993029756267033,7.056367956799604e-4,14.802408218383789,9.46740436553955,15.087735176086426,5176,27.40382693245016,4.359744247675735e-4,27.66259479522705,24.95924949645996,28.97483253479004,5176,12.660451661213804,7.018102088542366e-4,10.773758888244629,10.696482499440512,19.356083552042644,5176,550.728168469864,0.024070251775239325,556,379,661
Limonium benmageci Marrero Rodr.,benmageci,9,17.990875244140625,0.0207977294921875,17.8660888671875,17.8660888671875,18.240447998046875,9,27.12488047281901,0.06418683793809679,26.73975944519043,26.73975944519043,27.895122528076172,9,14.652225176493328,0.007097774081759983,14.609638532002768,14.609638532002768,14.737398465474447,9,276,1,282,264,282
Limonium biflorum (Pignatti) Pignatti,biflorum,144,16.690895517667133,0.004839998277948803,16.52024269104004,16.107627868652344,17.741249084472656,144,29.88412137826284,0.008205450415785853,29.365081787109375,28.86958122253418,31.49986591339112,144,15.095752199490864,0.009738995770801865,14.639166514078775,14.147619247436523,17.64264157613119,144,541.9375,0.9644846311966759,556,329.40000000000003,695
Limonium binervosum (G.E.Sm.) C.E.Salmon,binervosum,3605,12.051039155412415,6.988442161329365e-4,10.86643123626709,9.521638870239258,16.463197708129883,3605,22.535198101091336,0.0010659244465322036,20.816667556762695,19.132558822631836,29.288009643554688,3605,9.689740081898211,5.858319244521337e-4,9.593083063761393,7.0825300216674805,12.275555610656738,3605,828.4404993065172,0.07046583433472149,880,425,1118.1999999999998
Limonium bocconei (Lojac.) Litard.,bocconei,60,17.305402088165284,0.007612355417072564,17.43049430847168,16.617595672607422,17.721096992492676,60,29.19034023284912,0.004575868587608402,29.183446884155273,28.955978393554688,29.64375038146973,60,15.65236177444458,0.009927312057823344,15.774800459543863,14.81204922993978,16.174079291025798,60,489.9,0.30341279148035,485,470,521
Limonium bollei (Webb ex Wangerin) Erben,bollei,115,19.79848103730575,0.004401011464090936,19.880952835083008,19.880952835083008,19.880952835083008,115,25.800974539051886,8.144038133731051e-4,25.78571319580078,25.78571319580078,25.78571319580078,115,18.10205497741699,0.006941991871623743,18.23214292526245,18.23214292526245,18.23214292526245,115,135.08695652173913,0.2714595118924317,130,130,130
Limonium bonduellei (T.Lestib.) Kuntze,bonduellei,4481,16.423523951457348,5.81756241786117e-4,17.172773361206055,12.735114097595215,18.75,4481,28.99973061477945,7.87517642059233e-4,29.538461685180664,24.11284065246582,32.47850036621094,4481,12.72054638114526,6.407287299025926e-4,12.854249954223633,9.183250427246094,16.0287504196167,4481,498.3019415309074,0.05558022559977085,460,238,789
Limonium bonifaciense Arrigoni & Diana,bonifacien,84,16.522617306028092,0.007237237184244836,16.647525787353516,16.56918716430664,16.647525787353516,84,29.316304411206925,0.008390095307874565,29.542499542236328,28.614011764526367,29.542499542236328,84,14.351743959245228,0.007170681056866238,14.454374631245932,14.454374631245932,14.532533295949301,84,513.7142857142857,0.49556322981974404,507,499.3,507
Limonium bourgeaui (Webb ex Webb) Kuntze,bourgeaui,75,19.232676162719727,0.011009576626449809,19.42117691040039,19.028547286987305,19.633211135864258,75,26.97485534667969,0.020588922596957708,27.182706832885742,25.502439498901367,27.287302017211914,75,16.773059946695962,0.01397734620086465,16.613964080810547,16.612698872884113,17.96545473734538,75,161.92000000000002,0.7486484639151563,150,129,158
Limonium brasiliense (Boiss.) Kuntze,brasiliens,415,15.81426725732275,0.008269768370111478,16.27309226989746,10.910705947875979,20.02471923828125,415,27.449897366259467,0.0060278861327783175,27.662750244140625,24.29425048828125,30.473876953125,415,17.18811591274767,0.012500742038371135,17.831167856852215,10.973383363087974,23.945132573445637,415,855.19759036144535,1.105704701436142,939,202,1504
Limonium brassicifolium (Webb & Berthel.) Kuntze,brassicifo,124,18.115351723086448,0.005579257016830419,18.411211013793945,16.984050750732422,19.053779792785647,124,25.559772245345577,0.010708026422770345,25.010713577270508,24.91428565979004,26.422222137451172,124,15.92034165320858,0.010011474640751163,16.730059146881104,13.741092046101889,16.785643084843954,124,301.19354838709677,0.1583747678365891,300,277.4,317
Limonium braunii (Bolle) A.Chev.,braunii,27,21.49064064025879,0.026014821890238463,21.91206169128418,20.75608253479004,22.233735275268558,27,26.65729734632704,0.01305542768337545,26.478946685791016,26.382549285888672,27.148275756835936,27,23.84003554450141,0.022590927466471313,24.213158289591473,23.190397262573242,24.485057576497397,27,285.1111111111111,1.549790338467793,297,239.20000000000002,308
Limonium brevipetiolatum R.Artelari & Erben,brevipetio,93,16.070046424865723,0.004473534722880286,16.037370681762695,15.925461769104004,16.59946632385254,93,30.485545312204668,0.0072887320677982766,30.714977264404297,29.382143020629883,30.846153259277344,93,10.824896038219492,0.008603527488283256,10.667254130045572,10.667254130045572,11.419503529866537,93,927.6774193548388,1.1657891246296053,906,882,976
Limonium brunneri (Webb. ex Boiss.) Kuntze,brunneri,18,22.96322186787923,0.018121650765077348,23.000722885131836,22.302778244018555,23.248437881469727,18,28.349392255147297,0.06283690617027549,28.651020050048828,26.299999237060547,29.432870864868164,18,25.42715549468994,0.022079418490137045,25.451700846354164,24.633333206176758,25.78996976216634,18,93.83333333333333,2.1769281055563305,70,64,151
Limonium caesium (Girard) Kuntze,caesium,514,16.584606706864175,0.0025998987165268507,17.20586395263672,14.602614402770996,18.004436492919922,514,32.26614512729274,0.0015144060402748794,32.41550064086914,31.338314056396484,33.26150131225586,514,16.329829081487098,0.003554664077082881,16.24525022506714,14.255000114440918,18.716583251953125,514,326.96692607003894,0.05792253629345805,319,292,368
Limonium californicum (Boiss.) A.Heller,californic,3196,15.545407797129497,6.172273620869906e-4,16.02715492248535,13.241666793823242,17.724227905273438,3196,25.775867602404414,8.644451133724267e-4,25.200000762939453,22.788572311401367,29.38442611694336,3196,12.156906202976337,7.068580732188886e-4,13.075886408487955,9.475125630696615,14.415824890136719,3196,559.958698372965,0.1199048384960832,340,266,1099
Limonium calliopsium Alf.Mayer,calliopsiu,3,17.83152198791504,0,17.83152198791504,17.83152198791504,17.83152198791504,3,29.542028427124023,0,29.542028427124023,29.542028427124023,29.542028427124023,3,11.53333314259847,0,11.53333314259847,11.53333314259847,11.53333314259847,3,619,0,619,619,619
Limonium camposanum M. Erben,camposanum,18,16.412964661916096,0.020034433010036108,16.570138931274414,15.638945579528809,16.658981323242188,18,29.3923552831014,0.023922914383497126,29.219843864440918,29.100000381469727,30.281110763549805,18,14.618873596191406,0.028213170135975588,14.84425942103068,13.544166564941406,14.927777926127115,18,500,2.0748520171921148,509,424,543
Limonium cancellatum (Bertot.) Kuntze,cancellatu,675,14.14730711195204,0.002042647829469341,14.318011283874512,13.154274940490723,15.449702262878418,675,28.290301344129773,0.0018221336159716162,28.46290397644043,27.373855590820312,29.360000610351562,675,12.992039537783022,0.002782717862068654,13.038532257080078,10.547107537587484,15.497076034545898,675,896.8755555555555,0.27657626093191684,818,728,1219
Limonium capense (L.Bolus) L.Bolus,capense,120,16.78392457962036,0.00251934817738689,16.6976375579834,16.61417293548584,17.22979164123535,120,25.890606927871705,0.008976039623645491,25.681543350219727,25.38061695098877,27.629499435424805,120,14.034967470169068,5.726023532947475e-4,14.020134290059408,13.986729844411215,14.18863614400228,120,297.45,0.3042241705360956,288,276,303.60000000000014
Limonium carnosum (Boiss.) Kuntze,carnosum,4,20.050386428833008,0,20.050386428833008,20.050386428833008,20.050386428833008,4,40.50400161743164,0,40.50400161743164,40.50400161743164,40.50400161743164,4,9.399875164031982,0,9.399875164031982,9.399875164031982,9.399875164031982,4,93,0,93,93,93
Limonium carolinianum (Walter) Britton,carolinian,9995,10.744136101463749,5.274706360346604e-4,9.920745849609375,5.52526330947876,20.763078689575195,9995,26.872661112737134,3.3187522562780266e-4,26.65116310119629,22.932966232299805,32.155609893798825,9995,14.289247103868114,6.353436964731829e-4,11.828282833099365,8.677361806233725,26.61566098531087,9995,1180.6491245622806,0.014948622701918936,1169,1046,1356
Limonium carpathum (Rech.f.) Rech.f.,carpathum,30,18.445503997802735,0.025319759027893185,18.912351608276367,17.542505264282227,19.25550651550293,30,29.139562797546386,0.02462342844740593,29.44703960418701,28.290565490722656,29.85714340209961,30,12.385858186086018,0.027373551585314817,12.802380879720053,11.420754750569662,13.266666412353516,30,653.8,1.0578442620530781,638,621.4,691
Limonium carpetanicum Erben,carpetanic,46,14.69553163777227,0.0035404751932532064,14.615276336669922,14.55541706085205,14.943114280700684,46,34.31857565174932,0.004746714285419285,34.27725028991699,34.14799880981445,34.41899871826172,46,10.347695599431576,0.005181809743328074,10.406583309173584,10.042083104451498,10.63562524318695,46,405.2608695652174,0.22204841471961406,406,391,423
Limonium carthaginense (Rouy) C.E.Hubb. & Sandwith,carthagine,89,18.021322518252255,0.007527313086732609,18.177467346191406,18.065244674682617,18.210113525390625,89,32.416526622986524,0.002650274140014796,32.43026351928711,32.073787689208984,32.43026351928711,89,16.595337021216917,0.009908872983954558,16.836951732635498,16.549116961161296,16.893446683883667,89,290.35955056179773,0.17075700640669017,288,282,289.20000000000005
Limonium cephalonicum R.Artelari,cephalonic,12,16.286277294158936,0.03170693877257606,16.286277294158936,15.921992301940918,16.650562286376953,12,29.14462184906006,0.02067356439336307,29.14462184906006,28.907100677490234,29.382143020629883,12,11.5589599609375,0.036994534401834867,11.5589599609375,11.133925120035807,11.983994801839193,12,888,1.044465935734187,888,876,900
Limonium cf. pycnanthum (K. Koch) Kuntze,cf.,605,7.552363507314158,0.006126680429105266,9.533812522888184,2.01464581489563,10.473937034606934,605,27.935380402872386,0.0036598686662509556,27.568750381469727,25.384749603271484,31.294750213623047,605,19.12019551805228,0.003988481813804318,19.588613510131836,16.555750370025635,21.45370388031006,605,391.7685950413222,0.18326191028834382,394,251.8,523
Limonium chersonesum Erben & Brullo,chersonesu,9,16.237125396728516,0,16.237125396728516,16.237125396728516,16.237125396728516,9,27.8799991607666,0,27.8799991607666,27.8799991607666,27.8799991607666,9,9.990144729614258,0,9.990144729614258,9.990144729614258,9.990144729614258,9,722,0,722,722,722
Limonium compactum Erben & Brullo,compactum,33,16.446027929132637,0.033144350092435826,16.23868179321289,15.236397743225098,17.644245147705078,33,30.86023642800071,0.020053628350458534,30.71299171447754,30.197298049926758,31.649179458618164,33,10.151518258181484,0.05269080045417347,9.698524951934814,7.573278268178304,11.796857833862305,33,527,3.0543740933173815,551,410,629
Limonium confusum (Godr. & Gren.) Fourr.,confusum,18,16.410865783691406,0.1677301452597409,14.845563888549805,14.124530792236328,22.55651092529297,18,28.39224847157796,0.15130491585928085,27.54901695251465,24.696245193481445,33.326751708984375,18,15.565976911120945,0.3255399664156508,14.840295473734537,9.783503850301107,27.330832799275715,18,775.1666666666667,19.63699480563075,547,496,1282
Limonium connivens Erben,connivens,15,16.391365432739256,0.011040214351299905,16.450942993164062,16.14281463623047,16.570138931274414,15,29.584164810180663,0.03399976812669785,29.609167098999023,28.958988189697266,30.127347946166992,15,14.49941635131836,0.017739479189254614,14.421731313069662,14.230690320332846,14.927777926127115,15,640.8,4.611868746325434,665,509,695
Limonium contortirameum (Mabille) Erben,contortira,1431,15.677600116849696,6.930948567691187e-4,15.916666984558105,14.37842845916748,16.80925941467285,1431,27.813944230789406,8.075870267520533e-4,27.911109924316406,26.09449577331543,29.542499542236328,1431,13.56339797500461,7.044236695332533e-4,13.693209966023764,12.199472427368164,14.707407633463541,1431,701.5387840670857,0.1155230347888648,776,496,890
Limonium cordatum (L.) Mill.,cordatum,559,14.410660638792145,0.0015506959001659988,14.502586364746094,13.673958778381348,14.755531311035156,559,26.848877451287613,0.0016488201914316438,26.834070205688477,26.352174758911133,27.69333267211914,559,11.864903872256201,0.0024942509398197684,12.000333150227865,10.493119955062866,14.5936385790507,559,849.0912343470484,0.2707842504196972,853,715,866
Limonium cornarianum Kypr. & R.Artelari,cornarianu,9,16.962688446044922,0,16.962688446044922,16.962688446044922,16.962688446044922,9,28.84144401550293,0,28.84144401550293,28.84144401550293,28.84144401550293,9,10.700623512268066,0,10.700623512268066,10.700623512268066,10.700623512268066,9,676,0,676,676,676
Limonium coronense R.Artelari,coronense,3,14.821967124938965,0,14.821967124938965,14.821967124938965,14.821967124938965,3,29.128267288208008,0,29.128267288208008,29.128267288208008,29.128267288208008,3,9.282133420308432,0,9.282133420308432,9.282133420308432,9.282133420308432,3,802,0,802,802,802
Limonium corsicum Erben,corsicum,198,14.876455350355668,0.0029122413911960737,14.642431259155273,14.396695137023926,15.30807113647461,198,26.81203821933631,0.004540990669904081,26.146617889404297,26.09449577331543,27.66853141784668,198,12.879281318548953,0.002734003233331951,12.769724527994791,12.432874043782553,13.218647638956705,198,788.6515151515151,0.12018385449688301,776,776,834
Limonium cossonianum Kuntze,cossonianu,1001,17.12829880233292,0.0011244288499620261,17.477338790893555,15.734114646911621,18.004436492919922,1001,32.05197976995539,9.125221309643096e-4,32.012699127197266,31.118318557739258,33.221065521240234,1001,14.720238185905435,0.0027109633131713632,13.977518081665039,12.248830477396647,19.10870869954427,1001,298.14885114885107,0.05362561451776081,294,249,350
Limonium costae (Willk.) Pignatti,costae,200,13.402281115055084,0.010178978922488573,14.497344017028809,8.923030853271484,14.893875122070312,200,31.940033798217772,0.012649720460525949,32.74974822998047,27.979249954223633,34.509498596191406,200,12.42604030609131,0.013091910915243867,11.229052086671192,10.432375073432922,17.511499722798664,200,435.995,0.44005610009538076,420,385,577
Limonium cosyrense (Guss.) Kuntze,cosyrense,24,18.236474990844727,0.025519174446689094,17.904043197631836,17.64019603729248,19.260959243774415,24,29.388164520263672,0.0481998687395837,28.794029235839844,28.54075107574463,31.510973930358887,24,15.624597589174908,0.02757781229127851,15.39701509475708,14.81585659980774,16.708229128519697,24,477.25,1.1022765474038363,473,445.1,521.5
Limonium crateriforme Erben & Brullo,craterifor,9,18.486034393310547,0.022856394449869793,18.623172760009766,18.21175765991211,18.623172760009766,9,29.463694254557293,0.01072321997748481,29.399354934692383,29.399354934692383,29.59237289428711,9,12.535024642944336,0.03140269385443793,12.723440806070963,12.15819231669108,12.723440806070963,9,584,1,578,578,596
Limonium creticum R. Artelari,creticum,6,15.024352550506592,0.5652349149785502,15.024352550506592,11.928433418273926,18.120271682739258,6,27.419832229614258,0.4696359186557259,27.419832229614258,24.847530364990234,29.99213409423828,6,9.504085222880047,0.42156809274803003,9.504085222880047,7.195061683654785,11.813108762105307,6,749.5,28.207711711516055,749.5,595,904
Limonium cumanum (Ten.) Kuntze,cumanum,30,14.86414966583252,0.018222022378410474,14.679202556610107,14.395670413970947,15.47877025604248,30,27.33010082244873,0.016050704613104018,27.371356964111328,26.8799991607666,27.620973014831545,30,12.568519115447998,0.024029368715390593,12.185541311899822,12.029436937967937,13.398412704467773,30,938.1,0.30567430642629323,938,930,952.5
Limonium cylindrifolium (Forssk.) Verde. ex Cufod.,cylindrifo,39,27.638947951488007,0.02788830935561556,27.447248458862305,27.00486946105957,28.225411987304696,39,35.52330594185071,0.03754838564330389,35.009090423583984,34.771240234375,36.3770347595215,39,28.225142454489685,0.027978708966422152,27.985454177856447,27.65171496073405,28.754259173075365,39,31.512820512820515,0.1674043463991344,28,25,37.60000000000004
Limonium cymuliferum (Boiss.) Sauvage & Vindt,cymuliferu,41,17.3684223454173,0.021166631132427914,17.581083297729492,16.488374710083008,17.86728858947754,41,31.885999540003336,0.02592647759800701,32.352500915527344,29.71314239501953,32.9952507019043,41,13.567863976083151,0.041222751823206304,13.257904688517252,12.030437469482422,15.397777875264486,41,325.7073170731707,1.395169322733602,344,249,369
Limonium cythereum R.Artelari & Georgiou,cythereum,12,18.103944778442383,0.017893089138566083,18.103944778442383,17.89836883544922,18.309520721435547,12,29.7592134475708,0.055485078060475646,29.7592134475708,29.12173843383789,30.39668846130371,12,12.59892495473226,0.06152530922568648,12.59892495473226,11.8920529683431,13.30579694112142,12,544.5,2.7417230813022413,544.5,513,576
Limonium daveaui Erben,daveaui,15,16.117199325561522,0.053996503979106505,16.470182418823242,14.959518432617188,16.865142822265625,15,26.777333450317382,0.09831870300760343,27.7439022064209,24.18623924255371,27.92824935913086,15,12.083901659647623,0.05525222540156604,12.721951166788736,10.906416575113932,12.741666475931803,15,745.6,4.291209175800708,703,681,833
Limonium delicatulum (Girard) Kuntze,delicatulu,832,16.327947856141968,0.0020563800447071395,16.857131958007812,14.129791259765625,17.993560791015625,832,32.08903895433132,0.001994932997804788,31.68924903869629,30.5596040725708,34.32324981689453,832,14.519233429088041,0.0046674761695070215,14.81499981880188,9.036749998728434,19.10870869954427,832,361.6165865384615,0.10373412568822657,335,282,452.4999999999999
Limonium dendroides Svent.,dendroides,21,18.523022515433176,0.047707851568466034,19.369752883911133,17.3940486907959,19.369752883911133,21,25.890334265572683,0.029968486530439993,26.422222137451172,25.181150436401367,26.422222137451172,21,15.865883055187407,0.0531648068737695,16.809464772542317,14.607774098714193,16.809464772542317,21,291.2857142857143,1.086626898936664,272,272,317
Limonium densissimum (Pignatti) Pignatti,densissimu,135,16.37579739888509,0.00398457332785542,16.321388244628906,16.047805786132812,16.956212997436523,135,29.49578374226888,0.005492510762132697,29.8277587890625,28.16896629333496,30.02982521057129,135,16.681503666771782,0.008767055433045933,16.43883005777995,16.174495697021484,17.899768193562824,135,495.1111111111111,0.33770569705373193,480,441,562
Limonium dichotomum (Cav.) Kuntze,dichotomum,425,14.214190594168269,0.0025738426162623764,14.220010757446289,13.474427223205566,14.904749870300293,425,32.78875223496381,0.0031918676867554938,32.86000061035156,32.433998107910156,33.93075180053711,425,10.723046466602998,0.002541717853885226,10.822583516438803,9.244250138600668,12.113875031471252,425,417.74117647058824,0.12261303405224978,409,387,457
Limonium dichroanthum (Rupr.) Ikonn.-Gal.,dichroanth,20,4.068476998806,0.21048553844590406,3.502572774887085,0.20295836925506816,8.012207984924316,20,26.382662868499757,0.24925346188448963,25.304250717163086,21.946975517272953,31.82324981689453,20,15.03628737926483,0.279643117815034,13.849583625793457,10.125787615776062,23.13166618347168,20,335.15,8.380212831740202,326,152,600
Limonium dodartii (Girard) Kuntze,dodartii,658,12.97961796090958,0.0011460284299274796,12.880656242370605,12.426329708099365,13.45888614654541,658,24.077639959503458,0.0019688004294638453,24.30256462097168,21.859210968017578,25.384767532348633,658,9.850683136913913,0.0018939846945823307,10.18465773264567,7.983657519022624,10.883760770161947,658,836.4452887537997,0.2103045656808118,792,754,1008.8000000000018
Limonium dufourii (Girard) Kuntze,dufourii,136,17.08136048737694,0.003203631321823046,17.28825569152832,16.321388244628906,17.376501083374023,136,29.538201556486243,0.003535707246546269,29.736242294311523,28.70400047302246,30.02982521057129,136,16.42239809737486,0.009130118945786352,16.85450490315755,14.64299233754476,17.65622901916504,136,420.81617647058823,0.18475516035918882,424,389,460
Limonium ebusitanum (Font Quer) Font Quer,ebusitanum,212,16.53722921857294,0.003949772363964356,16.570138931274414,15.638945579528809,17.405122756958008,212,29.787042212936115,0.005091861144962268,30.114479064941406,28.167999267578125,31.200000762939453,212,14.568978125194333,0.0042570038353045335,14.74133332570394,13.544166564941406,15.265740394592285,212,501.63207547169816,0.4435628260169033,458,428,656
Limonium echioides (L.) Mill.,echioides,8363,15.212854824638622,1.6172579805226413e-4,14.960721969604492,13.699176788330078,17.145870208740234,8363,30.31224022814773,2.4161570727048015e-4,30.599000930786133,27.49447250366211,32.522499084472656,8363,13.53810356319854,3.4134520581751126e-4,13.882000088691711,10.26241668065389,17.66104729970296,8363,454.59930646897163,0.013832614969283756,409,333,613
Limonium elaphonisicum Alf.Mayer,elaphonisi,42,16.990729331970215,0.006194785224831745,17.124977111816406,16.49848747253418,17.124977111816406,42,28.765444346836635,0.002833833084421953,28.82685661315918,28.540266036987305,28.82685661315918,42,10.607237202780588,0.007567735887308782,10.771238327026367,10.005899747212728,10.771238327026367,42,623.3571428571429,0.385635465648302,615,615,654
Limonium erectum Erben,erectum,42,13.380221911839076,0.029319230693530113,13.062812805175781,13.062812805175781,13.244604110717773,42,31.925089836120605,0.03549436254522517,31.50550079345703,31.50550079345703,31.881750106811523,42,11.762089218412127,0.07028903558753051,11.990249951680502,9.087166627248129,11.990249951680502,42,438.7857142857143,0.6311804797583035,442,442,453
Limonium estevei Fern.Casas,estevei,197,16.92250804126565,0.0020752157942840912,16.857131958007812,16.857131958007812,17.48859405517578,197,32.31430526191208,0.0013819395313363447,32.209144592285156,32.209144592285156,32.743098449707034,197,13.00959353277526,0.0021817939571239617,12.844000101089478,12.844000101089478,13.896894693374634,197,273.2741116751269,0.07585428339543346,275,266,275
Limonium fallax (Coss. ex Wangerin)Maire,fallax,58,18.580662135420173,0.024112629870846305,18.904369354248047,16.923864364624023,19.73454399108887,58,28.24755997493349,0.03768897369486122,27.251689910888672,25.6299991607666,31.020274925231938,58,14.707481515818628,0.031306899971847116,15.275471687316895,12.566312313079834,16.427070490519206,58,178.56896551724137,1.1342040198626002,155,126.4,289
Limonium ferganense Ikonn.-Gal.,ferganense,30,10.607662153244018,0.1669167650718713,11.746957778930664,10.170854711532598,13.484343528747559,30,32.12337474822998,0.16048400536295082,33.373748779296875,31.76772594451905,34.53560180664063,30,12.27905821800232,0.05292223658245311,12.264583269755045,11.846508296330772,14.007557916641236,30,324.6,3.32621769250466,324,261.70000000000005,349.60000000000036
Limonium flexuosum (L.) Kuntze,flexuosum,480,-1.5610087898174252,0.003117460092048297,-1.2080937623977661,-3.451564598083495,-0.10696038752794225,480,23.154653120040894,0.005407533250276693,24.177624702453613,18.991950416564944,25.66772556304932,480,15.402117225527764,0.004646656940660502,16.021708647410076,12.225825182596843,17.71172491709391,480,323.7437499999999,0.17949180035103657,312.5,232,398.1000000000007
Limonium frederici (Barbey) Rech.f.,frederici,45,18.57734603881836,0.011331823754695087,18.46653175354004,17.542505264282227,19.036951065063477,45,28.66970583597819,0.011229838444261928,28.67473602294922,28.25,29.399999618530273,45,12.72123154534234,0.01571745823387264,12.563440958658854,11.420754750569662,13.583333333333334,45,636.8,1.0252108266387157,671,576,691
"Limonium frutescens (Lem.) Erben, A.Santos & Reyes- Bet.",frutescens,74,18.15275408770587,0.019654110532820922,17.895360946655273,16.228235244750977,20.425809860229492,74,26.07183072373674,0.024557287187267855,25.336000442504883,24.542762756347656,28.590909957885742,74,15.82773762780267,0.02177413693809986,15.656513214111328,14.277970631917318,17.6761900583903,74,307.5810810810811,1.3695954813764626,312.5,131,414
Limonium furfuraceum (Lag.) Kuntze,furfuraceu,334,16.97842728449199,0.003292880780618769,17.370283126831055,15.890135002136232,17.7932186126709,334,31.272355576475224,0.002406526610274918,31.655094146728516,31.107999801635742,31.67474937438965,334,17.810234258274832,0.005761389661499546,18.49635187784831,14.81499981880188,19.10870869954427,334,366.30239520958077,0.4825062326084448,327,312,367
Limonium gibertii (Sennen) Sennen,gibertii,156,16.29943145238436,0.007637686430602042,16.36143684387207,15.56882095336914,17.741249084472656,156,29.842392994807316,0.006785449701399908,29.679546356201172,28.391836166381836,31.438888549804688,156,16.099457141680595,0.01133670771418818,16.504686196645103,14.235883076985678,18.297505696614582,156,504.0576923076923,0.41640428233070753,503.5,413,600
Limonium girardianum (Guss.) Fourr.,girardianu,9917,15.010938471599585,3.1218404889364676e-5,15.039102554321289,14.830690383911133,15.087735176086426,9917,28.30944114920472,5.382420271866422e-5,28.239999771118164,27.59866714477539,28.97483253479004,9917,10.688224657271629,1.0387320813718095e-4,10.418596585591635,10.163646380106607,10.912444273630777,9917,626.3806594736316,0.004979759667955908,656,541,661
Limonium globuliferum (Boiss. & Heldr.) Kuntze,globulifer,4,20.842864990234375,0,20.842864990234375,20.842864990234375,20.842864990234375,4,38.610748291015625,0,38.610748291015625,38.610748291015625,38.610748291015625,4,15.715749979019165,0,15.715749979019165,15.715749979019165,15.715749979019165,4,152,0,152,152,152
Limonium gmelini (Willd.) Kuntze,gmelini,605,7.552363507314158,0.006126680429105266,9.533812522888184,2.01464581489563,10.473937034606934,605,27.935380402872386,0.0036598686662509556,27.568750381469727,25.384749603271484,31.294750213623047,605,19.12019551805228,0.003988481813804318,19.588613510131836,16.555750370025635,21.45370388031006,605,391.7685950413222,0.18326191028834382,394,251.8,523
Limonium gougetianum (Girard) Kuntze,gougetianu,21,17.0852849142892,0.011223174800086234,17.183237075805664,16.54586410522461,17.2996768951416,21,30.753825868879044,0.09129126472790719,29.88103485107422,29.00303077697754,35.113250732421875,21,11.971732457478842,0.037195988188688425,12.364141464233398,10.457916895548502,12.51934846242269,21,802.1428571428571,6.199321258185956,772,540,928
Limonium grabusae Erben & Brullo,grabusae,3,17.737768173217773,0,17.737768173217773,17.737768173217773,17.737768173217773,3,28.256450653076172,0,28.256450653076172,28.256450653076172,28.256450653076172,3,11.809677441914877,0,11.809677441914877,11.809677441914877,11.809677441914877,3,562,0,562,562,562
Limonium graecum (Poir.) Rech.f.,graecum,612,17.86533337948369,0.0010548670655032592,17.849079132080078,17.14737319946289,18.60638427734375,612,28.62537831886142,0.0022854466333313327,28.27857208251953,27.3125,30.62049102783203,612,11.912810243033116,0.001626178827142857,11.973342259724934,10.669333140055338,13.235087394714355,612,501.70098039215685,0.17054021592607005,457,404,678
Limonium greuteri Erben,greuteri,9,15.30807113647461,0,15.30807113647461,15.30807113647461,15.30807113647461,9,27.66853141784668,0,27.66853141784668,27.66853141784668,27.66853141784668,9,13.218647638956705,0,13.218647638956705,13.218647638956705,13.218647638956705,9,792,0,792,792,792
Limonium guaicuru (Molina) Kuntze,guaicuru,36,15.501439253489176,0.010629218285402703,15.540085792541504,15.09768009185791,15.827937126159668,36,25.149868329366047,0.02001030982367289,25.40996551513672,24.13821792602539,25.416393280029297,36,12.376982662412855,0.01122551646720499,12.313660939534506,12.061283111572266,13.058801651000977,36,250.08333333333331,2.96963152928997,280,100,341
Limonium gymnesicum Erben,gymnesicum,75,16.54220779418945,0.008319514927709156,16.196151733398438,16.107627868652344,18.04233169555664,75,29.80606330871582,0.016720971869004637,29.39047622680664,28.86958122253418,32.604122161865234,75,14.240975583394368,0.006937688657567788,14.277715682983398,13.052233695983887,14.826576550801596,75,655.92,0.9056453176831654,692,556,734
Limonium haitense Blake,haitense,25,26.33164306640625,0.02913000039151838,26.61979103088379,24.715564727783203,26.71666717529297,25,33.60908248901367,0.04375536717529733,34.040000915527344,31.167800903320312,34.24974822998047,25,26.287564392089845,0.02392535658318997,26.47000026702881,25.229122638702393,26.939083735148113,25,979.92,13.475602249992392,860,801.2,1734
Limonium hibericum Erben,hibericum,747,13.681052021552599,0.0019187967942013372,13.933145523071289,11.82592296600342,15.191616630554197,747,30.199220680328736,0.002473091458766798,30.190250396728516,27.703750610351562,32.209251403808594,747,15.99417115023816,0.002883211314879346,16.46791648864746,12.670583534240727,18.08983325958252,747,496.8835341365461,0.161315223053991,460,371,649
Limonium hierapetrae Rech.f.,hierapetra,18,16.52803150812785,0.0563973460956583,16.516704559326172,14.658844947814941,17.99654197692871,18,28.533807118733723,0.047764954740296996,28.420616149902344,27.125831604003906,29.973718643188477,18,10.200964821709526,0.06335014375540685,10.22235902150472,8.053793589274088,11.784294764200846,18,688.6666666666666,3.625086080664774,696,575,793
Limonium hoeltzeri (Regel) Ikonn.-Gal.,hoeltzeri,46,3.794069494566192,0.061276775554901686,3.9140729904174805,0.7522552385926247,7.180999755859375,46,21.72968458092731,0.05383972635794971,22.529499053955078,18.86662483215332,23.958499908447266,46,12.974630376567012,0.05233091345240136,13.475666364034018,9.785187542438507,15.876166343688965,46,253.41304347826087,1.0545266155194122,233,215,320
Limonium humile Mill.,humile,8147,7.7967775324246675,1.7478345096542388e-4,7.27276611328125,6.641175270080566,9.81986141204834,8147,20.413019346520674,1.229956813497768e-4,20.516382217407227,18.945423126220703,21.092754364013672,8147,11.367640025369587,2.1486870713326744e-4,11.812307675679525,8.753198782602945,12.434891064961752,8147,836.7462869768045,0.027176533866865894,794,574,1100
Limonium hyblaeum Brullo,hyblaeum,569,15.568386346049387,0.0042156580227384515,16.109575271606445,13.354817390441895,17.569063186645508,569,27.64825631864042,0.0064309143473588685,27.505556106567383,23.739999771118164,32.57099914550781,569,12.291094271286092,0.004148386256734976,11.699074109395346,10.526140530904135,14.421833356221518,569,544.4569420035149,0.35613152512292423,478,334,769
Limonium iconicum (Boiss. & Heldr.) Kuntze,iconicum,9,10.357930183410645,0.039950455638876836,10.350312232971191,9.946614265441895,10.776864051818848,9,29.04449971516927,0.06393477264833956,29.021249771118164,28.392000198364258,29.72024917602539,9,8.88899999194675,0.133352078437272,9.488000075022379,7.304416656494141,9.87458324432373,9,459,4.914076530554663,471,403,503
Limonium imbricatum (Webb ex Girard) Hubbard ex,imbricatum,100,17.738827686309815,0.013760552288077566,18.30608367919922,16.228235244750977,19.036806106567383,100,24.38104871749878,0.00982451812788865,24.600000381469727,23.053298950195312,25.470455169677734,100,16.073983697891236,0.01821433296048508,16.482499599456787,14.610321362813314,17.955554962158203,100,354.18,0.46015451950207087,334,303,414
Limonium insigne (Coss.) Kuntze,insigne,1446,16.741462288720648,6.820442958991558e-4,16.857131958007812,15.734114646911621,17.86728858947754,1446,32.78575104994398,4.475486643176574e-4,32.9952507019043,31.801753997802734,33.45750045776367,1446,12.665011320206471,0.0015787726869007836,13.323916753133139,9.384916464487711,14.963541984558105,1446,292.1258644536653,0.030034241005644502,283,249,333
Limonium iranicum (Borom.) Lincz.,iranicum,3,12.690896034240723,0,12.690896034240723,12.690896034240723,12.690896034240723,3,33.62575149536133,0,33.62575149536133,33.62575149536133,33.62575149536133,3,8.62541675567627,0,8.62541675567627,8.62541675567627,8.62541675567627,3,180,0,180,180,180
Limonium jovi-barba (Webb) Kuntze,jovi-barba,3,23.553607940673828,0,23.553607940673828,23.553607940673828,23.553607940673828,3,29.003936767578125,0,29.003936767578125,29.003936767578125,29.003936767578125,3,25.990289052327473,0,25.990289052327473,25.990289052327473,25.990289052327473,3,131,0,131,131,131
Limonium kardamylii R.Artelari & Kamari,kardamylii,3,16.57238006591797,0,16.57238006591797,16.57238006591797,16.57238006591797,3,29.648571014404297,0,29.648571014404297,29.648571014404297,29.648571014404297,3,11.429523785909018,0,11.429523785909018,11.429523785909018,11.429523785909018,3,700,0,700,700,700
Limonium kaschgaricum (Rupr.) Ikonn.-Gal.,kaschgaric,52,4.394517642947345,0.08067780970861402,3.3910937309265137,-0.3626676380634296,11.150407409667967,52,23.19123519383944,0.10296018863313446,20.817249298095703,18.58302536010742,32.451149368286124,52,14.932019178683941,0.10289461790742357,11.718250274658203,10.409687483310698,24.25634975433349,52,245.6346153846154,1.626684374509041,274,130.6,320.9
Limonium kraussianum (Buchinger ex Boiss.) Kuntze,kraussianu,296,17.083288108980334,0.0019085994099493626,16.88029670715332,16.454364776611328,18.018239974975586,296,26.919831011746382,0.005950974456029422,26.079999923706055,25.29774284362793,29.63574981689453,296,13.768121468054282,0.0029342496419070612,13.779354731241861,12.69587500890096,14.925333023071289,296,488.5033783783784,0.19919044439595565,485,413,580
Limonium lanceolatum (Hoffmanns. & Link) Franco,lanceolatu,936,14.84480408114246,0.002240236967613754,14.079566955566406,12.944830894470215,17.77286148071289,936,26.320324706216134,0.003126200670900917,24.921154022216797,23.985824584960938,30.588607788085938,936,11.254049228297323,0.0026001679808579665,11.193262100219727,8.705262899398804,14.200124740600586,936,748.1591880341884,0.2505296942215943,791,502.5,1176
Limonium latebracteatum Erben,latebracte,107,14.746665303952225,0.013239778767476918,14.620156288146973,13.28696689605713,16.82107925415039,107,31.77001152751602,0.016749784312328424,31.94849967956543,29.025436401367188,34.16749954223633,107,14.770584289158617,0.03286988671692537,16.742499987284344,9.302275085449219,18.00933329264323,107,437.9906542056075,0.7674741576697688,415,359,550
Limonium latifolium (Sm.) Kuntze,latifolium,676,9.386131338642896,0.002946602460142522,9.497323036193848,7.042010307312012,11.383260726928711,676,26.61039545126921,0.0031436488815469953,27.170000076293945,23.363500595092773,28.052875518798828,676,18.721680524786542,0.004785451939890685,20.095874786376953,13.487999677658081,21.292954921722412,676,516.4822485207102,0.2242388779651657,495,415,675
Limonium laxiusculum Franco,laxiusculu,12,15.885564804077148,0.022925960592900946,15.754687786102295,15.69815731048584,16.334726333618164,12,25.110877513885498,0.08444996544432994,24.57247829437256,24.509504318237305,26.78904914855957,12,12.420073350270588,0.0024631302502061904,12.413991610209147,12.393112818400065,12.459197362263998,12,704.25,1.1186690549690979,701.5,692,722
Limonium lilacinum (Boiss. & Bal.) Wagenitz,lilacinum,3,10.92551040649414,0,10.92551040649414,10.92551040649414,10.92551040649414,3,30.27574920654297,0,30.27574920654297,30.27574920654297,30.27574920654297,3,10.250583489735922,0,10.250583489735922,10.250583489735922,10.250583489735922,3,392,0,392,392,392
Limonium limbatum Small,limbatum,389,15.887145667578688,0.006262284342258783,15.602354049682617,13.418343544006348,18.695959091186523,389,34.79890472784753,0.003990858425512689,35.0572509765625,33.19069976806641,37.04349899291992,389,24.22687720026639,0.005659792993152814,24.57558314005534,21.971082814534505,26.928083419799805,389,322.64524421593825,0.20737917616420165,327,237,443
Limonium lobatum (L.f.) Chaz.,lobatum,5319,17.80767971278357,3.298993776992828e-4,17.477338790893555,16.033258056640626,20.34211616516113,5319,32.52749291405818,3.2528491261670244e-4,32.454498291015625,30.812999725341797,34.27225112915039,5319,13.618701600696756,4.46142446734808e-4,13.437250137329102,11.428999582926432,16.398416837056477,5319,306.1143072006016,0.016635697156830637,302,219,399
Limonium lobinii N.Kilian & Leyens,lobinii,21,22.63747569492885,0.009873134851475581,22.534927368164062,22.534927368164062,23.12677764892578,21,27.21973282950265,0.009465438185001604,27.079082489013672,27.079082489013672,27.63599967956543,21,24.526249386015394,0.008888345983959314,24.477890650431316,24.38213284810384,24.964444478352863,21,297,0.6866065623255951,307,268,307
Limonium longebracteatum Erben,longebract,76,13.908910512924194,0.009055949467142948,13.558775901794434,13.251567363739014,14.71178150177002,76,33.325867552506296,0.013728164614128732,32.86224937438965,32.34262466430664,34.509498596191406,76,10.044490048759862,0.01025248871567343,10.503362381458283,9.063000043233236,10.682374715805054,76,444.92105263157896,0.2983237500167819,452,420,470
"Limonium lowei R.Jardim,M.Seq., Capelo, J.C.Costa & RivasMart.",lowei,67,18.503026364454584,0.005244888434655188,18.42316246032715,18.42316246032715,18.42316246032715,67,24.882111108125144,0.0034924570936666803,24.835294723510742,24.835294723510742,24.835294723510742,67,17.021258254549394,0.004598294025756189,16.94901974995931,16.94901974995931,16.94901974995931,67,404.34328358208955,1.0407350686440537,421,421,421
Limonium macrophyllum Kuntze,macrophyll,54,17.28103521135118,0.053063371928944426,17.294851303100586,14.873123359680175,17.294851303100586,54,25.25863848792182,0.07211239261886851,24.843677520751953,22.209041595458984,24.843677520751953,54,15.718082357335973,0.06950111603487469,15.656513214111328,13.753865623474123,15.656513214111328,54,492.1111111111111,4.455179596641354,371,371,888.6
Limonium macropterum (Webb & Berthe).) Kuntze,macropteru,42,18.161402702331543,0.004215273904985888,18.25275230407715,17.826454162597656,18.25275230407715,42,25.98664733341762,9.294789951786752e-4,26.006790161132812,25.912790298461914,26.006790161132812,42,16.450049650101434,0.005039435333818263,16.55925973256429,16.049612681070965,16.55925973256429,42,295.35714285714283,0.10876897749054673,293,293,304
Limonium majus (Boiss.) Erben,majus,139,14.107990134534218,0.004972503829003926,13.785469055175781,13.580218315124512,15.018854141235352,139,33.93582924492925,0.005456909380319448,34.11425018310547,32.61275100708008,34.32324981689453,139,9.521399275004436,0.00949832379362913,9.61591657002767,8.007833162943522,9.641166845957438,139,400.8776978417266,0.12705639353734985,408,379,408
Limonium meandrinum Erben & Brullo,meandrinum,6,18.227428436279297,0.1250492904869287,18.227428436279297,17.542505264282227,18.912351608276367,6,29.051532745361328,0.13893297696279278,29.051532745361328,28.290565490722656,29.8125,6,12.111567815144857,0.12612463282903583,12.111567815144857,11.420754750569662,12.802380879720053,6,664.5,4.838215924628968,664.5,638,691
Limonium meyeri (Boiss.) Kuntze,meyeri,1440,10.78977887315883,0.0016357791928359718,10.395877838134766,9.635093688964844,12.112187385559082,1440,28.038697094387473,0.0012113259530664765,27.80767250061035,26.5870361328125,30.52775001525879,1440,17.732883772916267,0.0019545854371340937,19.13183339436849,13.485077222188314,20.002422332763672,1440,426.67569444444445,0.07796082858508555,396,351,554
Limonium milleri Ghaz. & J.R.Edm.,milleri,5,24.648468017578125,0,24.648468017578125,24.648468017578125,24.648468017578125,5,35.71175003051758,0,35.71175003051758,35.71175003051758,35.71175003051758,5,23.092850112915038,0,23.092850112915038,23.092850112915038,23.092850112915038,5,114,0,114,114,114
Limonium minoicum Erben & Brullo,minoicum,6,17.624900817871094,0.1590096324192374,17.624900817871094,16.753969192504883,18.495832443237305,6,29.699007987976074,0.16652640771896313,29.699007987976074,28.78690528869629,30.61111068725586,6,11.347222328186035,0.17598121364733943,11.347222328186035,10.383333524068197,12.311111132303873,6,609,18.074844397670482,609,510,708
Limonium minutiflorum (Guss.) Kuntze,minutiflor,45,17.915995152791343,0.013645514487330599,18.364681243896484,16.82942771911621,18.364681243896484,45,29.756418863932293,0.017399601659521337,30.410465240478516,28.43220329284668,30.410465240478516,45,16.222720442877876,0.012589134695119283,16.53372097015381,15.239583333333334,16.761905034383137,45,636.0666666666667,2.3316222682492422,708,490,708
Limonium minutum (L.) Chaz.,minutum,1129,16.347072129127092,4.44561283797552e-4,16.469444274902344,15.646373748779297,16.79207420349121,1129,29.232540225222426,7.794920373755091e-4,28.958988189697266,28.176191329956055,30.281110763549805,1129,14.526222404702983,5.122805362032917e-4,14.62500031789144,13.640446027119955,15.107407887776693,1129,579.4348981399467,0.07117030638364949,589,471,665
Limonium mouretii (Pitard)Maire,mouretii,25,10.93646083831787,0.0011259407616649145,10.957145690917969,10.899687767028809,10.957145690917969,25,29.112869567871094,0.001871391325857711,29.147249221801758,29.05175018310547,29.147249221801758,25,8.190549945831298,0.026917855485737618,8.685062527656555,7.311416467030843,8.685062527656555,25,358.4,0.2939387691339814,353,353,368
Limonium mucronatum (L.f.) Chaz.,mucronatum,86,18.486308984978255,0.007689183790708963,18.457029342651367,17.56477451324463,19.33769416809082,86,27.464731660000112,0.01796785961074656,27.417499542236328,25.281818389892578,29.172222137451172,86,14.790928663209428,0.007476790761245451,14.979978561401367,13.789556821187336,15.49460482597351,86,239.63953488372096,0.8932400286782188,239,168.5,357
Limonium mucronulatum (H.Lindb.) Greuter & Burdet,mucronulat,3,19.48839569091797,0,19.48839569091797,19.48839569091797,19.48839569091797,3,34.690696716308594,0,34.690696716308594,34.690696716308594,34.690696716308594,3,11.924806276957193,0,11.924806276957193,11.924806276957193,11.924806276957193,3,381,0,381,381,381
Limonium multiflorum Erben,multifloru,144,15.587314128875732,0.001176945945765697,15.53936767578125,15.3834228515625,15.81121826171875,144,23.444119373957317,0.007676134523180532,23.828235626220703,21.612499237060547,24.635452270507812,144,12.541313601864708,0.002486217422889344,12.5102326075236,12.117528915405273,13.080555280049643,144,662.625,0.3077833806089063,649,609,711
Limonium multiforme (Martelli) Pignatti,multiforme,178,14.828444357668415,0.0017530484175453866,14.779166221618652,14.438102722167969,15.484375,178,28.218518407157298,0.00319449324412346,28.40289306640625,27.237499237060547,28.650001525878906,178,14.242118452372177,0.011029024991099654,15.519697189331055,11.927083651224772,16.194535573323567,178,616.7584269662922,0.5654654940017182,589,500,749
Limonium narbonense Mill.,narbonense,8505,15.29881298450918,1.4894660539510783e-4,14.960721969604492,14.316427230834961,17.13901901245118,8505,28.59284555568617,1.5677969009087345e-4,28.57324981689453,27.49447250366211,30.139442443847656,8505,12.188879590199877,2.482087060584913e-4,11.111775080362955,10.218778292338053,14.941853364308688,8505,618.392827748383,0.018505109573277775,566,502,833
Limonium nydeggeri Erben,nydeggeri,108,16.1880697939131,0.004024310545374267,16.465251922607422,15.535590171813965,16.465251922607422,108,24.484530448913574,0.01324838925244719,25.13846206665039,21.612499237060547,25.13846206665039,108,13.33676364686754,0.004137455303502414,13.631221771240234,12.5102326075236,13.631221771240234,108,545.5,0.5843708323004111,506,506,647
Limonium obtusifolium (Rouy) Erben,obtusifoli,285,16.590551446613514,2.918009845747448e-4,16.56918716430664,16.56918716430664,16.647525787353516,285,28.949266253019633,0.0016532494947602984,28.614011764526367,28.614011764526367,29.542499542236328,285,14.521297341062311,3.8759231311013545e-4,14.566029866536459,14.454374631245932,14.566029866536459,285,505.2315789473684,0.13026170663739664,496,496,507
Limonium ocymifolium (Poir.) Kuntze,ocymifoliu,165,18.24865120974454,0.004833226884705195,18.34488296508789,17.14737319946289,19.308332443237305,165,29.938585593483666,0.008574654382108504,29.802352905273438,28.2783260345459,32.28070068359375,165,11.982522374933417,0.006840456340914169,12.144000053405762,10.9880952835083,13.483333269755045,165,597.3818181818182,0.5565507114014624,618,460,713
Limonium oligotrichum Erben & Brullo,oligotrich,9,17.533627192179363,7.39839341905382e-4,17.52918815612793,17.52918815612793,17.542505264282227,9,28.77612559000651,0.04046334160698785,29.018905639648438,28.290565490722656,29.018905639648438,9,11.407028834025066,0.0011438263787163629,11.400165875752768,11.400165875752768,11.420754750569662,9,662.3333333333334,2.388888888888889,648,648,691
Limonium otolepis (Schrenk) Kuntze,otolepis,148,13.526116155289316,0.020361175901389892,14.389687538146973,8.797228813171387,16.93461799621582,148,33.197325538944554,0.025762249840999275,34.84550094604492,25.089473724365234,36.12725067138672,148,15.649969329705108,0.024188000988526154,14.961249987284342,12.553083419799805,21.536250432332356,148,246.2702702702703,1.2854991864707903,197,115,326.90000000000003
Limonium ovalifolium (Poir.) Kuntze,ovalifoliu,936,14.84480408114246,0.002240236967613754,14.079566955566406,12.944830894470215,17.77286148071289,936,26.320324706216134,0.003126200670900917,24.921154022216797,23.985824584960938,30.588607788085938,936,11.254049228297323,0.0026001679808579665,11.193262100219727,8.705262899398804,14.200124740600586,936,748.1591880341884,0.2505296942215943,791,502.5,1176
Limonium palmyrense (Post) Dinsm.,palmyrense,8,18.21347999572754,0,18.21347999572754,18.21347999572754,18.21347999572754,8,36.56224822998047,0,36.56224822998047,36.56224822998047,36.56224822998047,8,11.113499760627747,0,11.113499760627747,11.113499760627747,11.113499760627747,8,117,0,117,117,117
Limonium papillatum (Webb & Berthel.) Kuntze,papillatum,148,19.664316544661652,0.007343028096745624,19.880952835083008,19.125953674316406,20.493749618530273,148,26.46250854956137,0.010630358027879901,25.78571319580078,25.502439498901367,27.287302017211914,148,17.50878491917172,0.010012308302158338,18.23214292526245,16.583226521809895,18.584999561309814,148,164.84459459459458,1.0328614458536554,131,129,157.3
Limonium paulayanum (Vierh.) Ghaz. & J.R.Edm.,paulayanum,61,24.32709243649342,0.006752594376072166,24.105838775634766,23.832670211791992,24.761863708496094,61,30.526395422513367,0.007087386917343157,30.281721115112305,30.147769927978516,31.27620506286621,61,23.707471128369942,0.007074280354067102,23.587186336517334,23.020381927490234,24.23116620381673,61,116.49180327868852,0.3456467471864039,104,98,150
Limonium pectinatum var. corculum (Webb & Berthel.) G.Kunkel & Sunding,pectinatum,539,17.93432701408089,0.0024858687011563496,18.25275230407715,15.903571128845215,19.3185977935791,539,25.930777137487407,0.002563933137911461,25.336000442504883,24.55485725402832,27.92926788330078,539,15.89928386206972,0.0029376975003276838,16.21463394165039,13.66685676574707,17.638003540039062,539,318.66790352504637,0.09953592259542011,304,234,391
Limonium pectinatum var. divaricatum (Pit.) G.Kunkel & Sunding,pectinatum,539,17.93432701408089,0.0024858687011563496,18.25275230407715,15.903571128845215,19.3185977935791,539,25.930777137487407,0.002563933137911461,25.336000442504883,24.55485725402832,27.92926788330078,539,15.89928386206972,0.0029376975003276838,16.21463394165039,13.66685676574707,17.638003540039062,539,318.66790352504637,0.09953592259542011,304,234,391
Limonium pectinatum var. solandri (Webb. & Berthel.),pectinatum,539,17.93432701408089,0.0024858687011563496,18.25275230407715,15.903571128845215,19.3185977935791,539,25.930777137487407,0.002563933137911461,25.336000442504883,24.55485725402832,27.92926788330078,539,15.89928386206972,0.0029376975003276838,16.21463394165039,13.66685676574707,17.638003540039062,539,318.66790352504637,0.09953592259542011,304,234,391
Limonium peregrinum (P.J.Bergius) RA.Dyer,peregrinum,746,16.84598388109386,6.97057631054352e-4,16.919462203979492,16.194366455078125,17.648958206176758,746,26.144272528129353,0.002488328052471773,26.12173843383789,23.698591232299805,28.60346794128418,746,13.925017647065681,4.2702177455120207e-4,13.939130147298178,13.70508098602295,14.18863614400228,746,376.1916890080429,0.13062948421011378,340,276,515
Limonium perezii (Stapf) Hubbard ex L.H.Bailey,perezii,7147,16.82041970916573,1.5881261112208686e-4,16.984050750732422,15.123973846435547,17.81490707397461,7147,26.92667536951036,3.304377584596065e-4,26.527233123779297,24.801694869995117,30.363779449462914,7147,13.41435751975692,1.6392646712109205e-4,13.58580239613851,11.720075607299805,14.466174443562826,7147,374.3323072617882,0.018401243950933746,322,290,560.8000000000011
Limonium perfoliatum (Kar. ex Boiss.) Kuntze,perfoliatu,13,14.734385343698355,0.400857322876243,17.250532150268555,6.711750221252443,20.818522262573243,13,34.705154125507065,0.39561054933571793,37.18724822998047,26.289801025390627,39.114000701904295,13,11.529961549318754,0.1817993676465974,11.860666433970133,8.354125261306763,14.797849845886232,13,323.46153846153845,12.541238302904228,253,197,598.2000000000003
Limonium pigadiense (Rech.f.) Rech.f.,pigadiense,9,19.14112154642741,0.019064161512586802,19.25550651550293,18.912351608276367,19.25550651550293,9,29.842262268066406,0.002480189005533854,29.85714340209961,29.8125,29.85714340209961,9,13.11190456814236,0.025793640701859053,13.266666412353516,12.802380879720053,13.266666412353516,9,627.3333333333334,0.8888888888888888,622,622,638
Limonium platyphyllum Lincz.,platyphyll,676,9.386131338642896,0.002946602460142522,9.497323036193848,7.042010307312012,11.383260726928711,676,26.61039545126921,0.0031436488815469953,27.170000076293945,23.363500595092773,28.052875518798828,676,18.721680524786542,0.004785451939890685,20.095874786376953,13.487999677658081,21.292954921722412,676,516.4822485207102,0.2242388779651657,495,415,675
Limonium plurisquamatum Erben,plurisquam,66,15.484917597337203,0.011007434067920324,15.523744583129883,15.3834228515625,15.81683349609375,66,24.085935072465375,0.032257823553772894,23.860774993896484,21.612499237060547,25.11949920654297,66,12.188163851246689,0.01780667749718271,12.442282994588215,11.728620847066244,13.080555280049643,66,692.6363636363636,2.558207917382788,673,609,717
Limonium preauxii (Webb & Berthel.) Kuntze,preauxii,99,17.52342345497825,0.019227567419654385,16.036396026611328,16.036396026611328,20.202327728271484,99,27.686018336902965,0.0081194278102638,27.12325096130371,27.12325096130371,28.873403549194336,99,13.84481933863476,0.023569394155118186,12.00533358256022,12.00533358256022,17.10035451253255,99,270.030303030303,0.6373370888294061,316,181,316
Limonium proliferum (d'Urv.) Erben & Bruno,proliferum,60,17.81379814147949,0.012136460831671017,17.88762855529785,16.918090057373046,18.66085548400879,60,29.441468524932862,0.01875829691120808,29.323963165283203,28.266271209716795,31.018556594848633,60,11.96811022758484,0.017341077909176474,12.344845453898111,10.258393605550129,13.006842136383058,60,518.45,1.870545367466775,504,399,678
Limonium pruinosum (L.) Chaz.,pruinosum,806,19.55518767023205,0.0021192748317961706,18.983417510986328,17.56127166748047,22.51405143737793,806,33.60583398359881,0.0024789395513313338,33.076499938964844,31.78874969482422,36.870750427246094,806,11.900396748157057,0.002391393456807988,11.114708264668783,9.46500015258789,15.15375010172526,806,149.31389578163774,0.06366391121891116,160,64,185
Limonium pseudebusitanum Erben,pseudebusi,157,16.351736785499913,0.004316660184656816,16.469444274902344,15.646373748779297,17.254234313964844,157,29.539208892044748,0.00532456439350182,29.33968734741211,28.86958122253418,30.440694046020507,157,14.388706529216401,0.00494156839803042,14.614026387532553,13.640446027119955,15.093807220458984,157,500.0509554140128,0.3913233948943444,501,428,599
Limonium puberulum (Webb) Kuntze,puberulum,151,19.01020591937943,0.004844639529320639,19.028547286987305,19.028547286987305,19.633211135864258,151,26.12244907909671,0.005892432980009705,25.690540313720703,25.690540313720703,27.287302017211914,151,16.53472961653147,0.005559756709398066,16.613964080810547,16.612698872884113,17.0142396291097,151,183.74834437086096,0.9498554989003164,154,136,157
Limonium purpuratum Hubbard ex L.H.Bailey,purpuratum,135,17.007976659138997,0.002892804660365323,16.919462203979492,16.590208053588867,17.70916748046875,135,26.91180165608724,0.011700706394685335,26.8756103515625,24.96500015258789,29.546499252319336,135,13.699764428315339,0.002307027522299907,13.70508098602295,13.144416809082031,13.959999720255533,135,490.84444444444443,0.5375957267512266,483,434,574
Limonium pylium R.Artelari,pylium,9,16.34878921508789,0.034725189208984375,16.140438079833984,16.140438079833984,16.765491485595703,9,29.994219462076824,0.054514037238226995,29.66713523864746,29.66713523864746,30.648387908935547,9,10.911716249254015,0.04478975578590679,10.642977714538574,10.642977714538574,11.449193318684896,9,760.6666666666666,2.111111111111111,748,748,786
Limonium recticaule Erben & Bruno,recticaule,15,17.366040802001955,0.0679360262365938,17.802976608276367,16.237125396728516,18.75,15,28.51707878112793,0.03985478204676665,28.712697982788086,27.8799991607666,29.399999618530273,15,11.250766881306966,0.07636635414750993,11.72010580698649,9.990144729614258,12.833333333333334,15,622.8,6.194682819813719,592,486,722
Limonium recurvum C.E.Salmon subsp. humile (Girard) Ingr.,recurvum,33,8.583335269581188,0.004670457858131923,8.613271713256836,8.528717041015625,8.684194564819336,33,18.045405301180754,0.011079734378343777,17.814815521240234,17.814815521240234,18.631925582885742,33,9.173063610539291,0.00467604361593832,9.260493914286295,9.135026454925537,9.260493914286295,33,1078.7272727272727,2.4935209055442424,1034,1034,1151
Limonium redivivum (Svent.) G.Kunkel & Sunding,redivivum,6,17.3940486907959,0,17.3940486907959,17.3940486907959,17.3940486907959,6,25.181150436401367,0,25.181150436401367,25.181150436401367,25.181150436401367,6,14.607774098714193,0,14.607774098714193,14.607774098714193,14.607774098714193,6,317,0,317,317,317
Limonium relicticum R.Mesa & A.Santos,relicticum,3,17.3940486907959,0,17.3940486907959,17.3940486907959,17.3940486907959,3,25.181150436401367,0,25.181150436401367,25.181150436401367,25.181150436401367,3,14.607774098714193,0,14.607774098714193,14.607774098714193,14.607774098714193,3,317,0,317,317,317
Limonium remotispiculum (Lacaita) Pignatti,remotispic,72,14.511128107706707,0.021780998466458607,14.666250228881836,12.547057151794434,15.612679481506348,72,26.787889798482258,0.017338114410199276,27.41666603088379,24.99392318725586,27.907655715942383,72,12.1504318912824,0.025343999140310533,12.210000356038412,9.93029514948527,13.417863210042318,72,899.0833333333334,0.9451310159800145,895,803,1004
Limonium reniforme (Girard) Lincz.,reniforme,13,14.734385343698355,0.400857322876243,17.250532150268555,6.711750221252443,20.818522262573243,13,34.705154125507065,0.39561054933571793,37.18724822998047,26.289801025390627,39.114000701904295,13,11.529961549318754,0.1817993676465974,11.860666433970133,8.354125261306763,14.797849845886232,13,323.46153846153845,12.541238302904228,253,197,598.2000000000003
Limonium rigualii M.B.Crespo & Erben,rigualii,102,17.113448423497818,0.0021090029306487044,17.16493797302246,16.837818145751953,17.545076370239258,102,31.460304148056927,0.0013689443001105848,31.347169876098633,31.347169876098633,31.65342140197754,102,18.008117021298876,0.002294133593568343,18.081761360168457,17.690438906351726,18.434090614318848,102,327.05882352941177,0.06198738535514205,322,322,336
Limonium roridum (Sibth. & Sm.) Brullo & Guarino,roridum,58,17.747537448488433,0.01608704923170452,18.165138244628906,16.483283233642577,18.940281295776366,58,29.856585535509833,0.021649294927080565,29.59237289428711,28.257125282287596,31.48785972595215,58,11.478464060816272,0.02151001982702913,11.8920529683431,9.990144729614258,12.836721579233808,58,595.8448275862069,1.8291031204428294,597,437,724.4000000000001
Limonium santapolense Erben,santapolen,75,17.623038368225096,0.009570735308759857,17.7932186126709,17.513874053955078,17.993560791015625,75,31.187220916748046,0.005133272607771477,31.118318557739258,30.55272674560547,31.67474937438965,75,18.787623278299968,0.013923607921925289,19.10870869954427,17.719916661580402,19.30363655090332,75,313.12,0.21995314816430203,313,289,319
Limonium saracinatum R.Artelari,saracinatu,18,15.324202537536621,0.04149319717872643,15.313247680664062,14.136880874633789,16.330991744995117,18,28.996333122253418,0.026896373512642364,28.83152198791504,28.532455444335938,29.89607810974121,18,10.295664999220106,0.050272955317178604,10.328623135884603,8.802285512288412,11.575655301411947,18,930,1.387777332977422,937,886,964
Limonium sarcophyllum Ghaz. & J.R.Edm.,sarcophyll,16,26.43557345867157,0.07595642469848721,26.41033935546875,24.75783920288086,27.756101608276367,16,36.947686195373535,0.1224077651604923,37.46296310424805,33.823486328125,38.65737533569336,16,25.675395011901855,0.12162764070463562,26.954985936482746,23.24599329630534,27.255555470784504,16,154.375,2.98266475865123,160,101,223
Limonium scabrum (Thunb.) Kuntze,scabrum,1978,16.928222480750783,3.774530267656828e-4,16.986544609069824,15.941346168518066,17.674854278564453,1978,25.29476419859636,7.997389651087511e-4,25.25111198425293,23.696216583251953,27.17462730407715,1978,14.928664514099985,9.727193434726217e-4,14.84375,12.905238151550293,16.4960838953654,1978,575.2335692618808,0.066482896453716675,575,432,740
Limonium scopulorum M.B.Crespo & Lledo,scopulorum,60,17.09951400756836,0.002199202540557574,17.16493797302246,16.837818145751953,17.16493797302246,60,31.408420181274415,0.0020589064850709093,31.347169876098633,31.347169876098633,31.65342140197754,60,18.00349686940511,0.002630832077015365,18.081761360168457,17.690438906351726,18.081761360168457,60,324.8,0.09412097036339405,322,322,336
Limonium sieberi (Boiss.) Kuntze,sieberi,135,17.644065722712764,0.007681415971050829,17.715694427490234,16.1773738861084,18.907154083251953,135,29.82381521154333,0.008306644642259196,29.955440521240234,28.196666717529297,31.269295120239263,135,11.834954819855867,0.010587219325170951,11.98888905843099,9.94961945215861,13.30579694112142,135,568.9555555555556,1.0861236258229272,527,433,813
Limonium sinense (Girard) Kuntze,sinense,1077,20.64980148140102,0.0035588522289025297,22.654041290283203,13.716145515441895,23.469837951660153,1077,30.6354154376045,0.001150572777019266,31.118181228637695,29.21274185180664,31.730178833007812,1077,26.13326995197888,0.002225109616140025,27.67209307352702,22.78484853108724,28.000511805216473,1077,1484.0362116991628,0.6273637802147704,1333,793.8000000000001,2377
Limonium sinuatum (L.) Mill.,sinuatum,4358,16.419071164684816,5.716385924335516e-4,17.14737319946289,12.835031509399414,18.572221755981445,4358,28.83609083236056,7.436745256824538e-4,29.399999618530273,24.173192405700686,32.209144592285156,4358,12.69898945577322,6.601022948028063e-4,12.838672637939453,9.183250427246094,16.0287504196167,4358,505.190683799909,0.056464993066765334,463,246,789
Limonium sitiacum Rech.f.,sitiacum,51,17.78065580480239,0.029843176221867322,18.21175765991211,14.658844947814941,19.071874618530273,51,28.741833181942212,0.024435571119423787,29.266250610351562,26.600000381469727,29.973718643188477,51,11.804549058278402,0.038051005360438206,11.98888905843099,8.053793589274088,13.800000190734863,51,635.9411764705883,2.1676713552604916,591,534,793
Limonium sogdianum Ikonn.-Gal.,sogdianum,4,15.707094192504883,0,15.707094192504883,15.707094192504883,15.707094192504883,4,38.59825134277344,0,38.59825134277344,38.59825134277344,38.59825134277344,4,14.418187856674194,0,14.418187856674194,14.418187856674194,14.418187856674194,4,134,0,134,134,134
Limonium sokotranum (Vierh.) Radcl.-Sm.,sokotranum,62,24.332934502632387,0.008994147512000233,24.105838775634766,23.832670211791992,25.305356979370117,62,30.480671390410393,0.006482249905597375,30.281721115112305,30.147769927978516,31.05714225769043,62,23.637591177417384,0.007940068479620878,23.587186336517334,23.020381927490234,24.261905034383137,62,116.53225806451613,0.4195654775663778,104,98,150
Limonium somalorum (Vierh.) Hutch. & E.A.Bruce,somalorum,209,26.257406709296852,0.010325626581642851,26.336238861083984,24.63597297668457,28.647520065307617,209,37.112462605015516,0.014270377420276498,37.1016845703125,33.53679656982422,40.999627685546876,209,24.787648223803945,0.017066764548890678,25.566752433776855,19.202150344848633,28.68004322052002,209,88.49282296650716,0.7809528797258647,63,7,122
Limonium sougiae Erben & Bruno,sougiae,3,16.49848747253418,0,16.49848747253418,16.49848747253418,16.49848747253418,3,28.540266036987305,0,28.540266036987305,28.540266036987305,28.540266036987305,3,10.005899747212728,0,10.005899747212728,10.005899747212728,10.005899747212728,3,654,0,654,654,654
Limonium spectabile (Svent.) G.Kunkel & Sunding,spectabile,6,18.57871723175049,0.06175922993648527,18.57871723175049,18.240447998046875,18.9169864654541,6,27.542689323425293,0.06434520540037367,27.542689323425293,27.190256118774414,27.895122528076172,6,15.385451157887776,0.11831769269557914,15.385451157887776,14.737398465474447,16.033503850301106,6,274.5,1.9170289512680814,274.5,264,285
Limonium spreitzenhoferi Erben & Bruno,spreitzenh,12,17.767585277557373,0.01652097810830094,17.67125129699707,17.634559631347656,18.093278884887695,12,28.833189487457275,0.02722781141230705,28.88992214202881,28.34516143798828,29.207752227783203,12,13.232340176900228,0.030870499023518433,13.073336601257324,12.94935417175293,13.833333333333334,12,519.75,0.5883174519274643,519.5,513,527
Limonium stenotatum (Rech.f.) Erben & Bruno,stenotatum,6,18.18047046661377,0.08082601078408579,18.18047046661377,17.737768173217773,18.623172760009766,6,28.827902793884277,0.10433240935173928,28.827902793884277,28.256450653076172,29.399354934692383,6,12.26655912399292,0.08341480112834931,12.26655912399292,11.809677441914877,12.723440806070963,6,570,1.4605934866804429,570,562,578
Limonium stocksii (Boiss.) Kuntze,stocksii,54,27.18783738878038,0.012899780193253942,27.018625259399414,26.488640785217285,28.21467685699463,54,37.613288667466904,0.05098989963976578,37.350542068481445,33.96657981872559,41.55274848937989,54,27.270146016721373,0.04448914333940527,27.980783462524414,23.339615694681804,29.411119588216145,54,123.88888888888887,1.3407794772746888,95.5,78,276.9000000000002
Limonium subglabrum Erben,subglabrum,42,14.850820881979805,0.01700200118037462,15.046500205993652,15.046500205993652,15.046500205993652,42,33.8686077935355,0.012502437076491643,34.01250076293945,34.01250076293945,34.01250076293945,42,8.5303631623586,0.001474494010003706,8.547333399454752,8.547333399454752,8.547333399454752,42,458.7142857142857,0.4096104260521534,454,454,454
Limonium suffruticosum (L.) Kuntze,suffrutico,729,6.467489552105405,0.004546008651556764,7.15835428237915,2.459718704223633,10.502833366394043,729,29.345862238168387,0.003930930270655442,29.885000228881836,26.010049438476564,32.64274978637695,729,18.59751480073759,0.0036003783430465716,19.203333218892414,14.621124863624573,21.73924954732259,729,288.09190672153636,0.12853511681846688,296,147.8,387
"Limonium sundingii Leyens, Lobin, N.Kilian & Erben",sundingii,3,22.282716751098633,0,22.282716751098633,22.282716751098633,22.282716751098633,3,27.578702926635742,0,27.578702926635742,27.578702926635742,27.578702926635742,3,24.6570987701416,0,24.6570987701416,24.6570987701416,24.6570987701416,3,180,0,180,180,180
Limonium supinum (Girard) Pignatti,supinum,649,15.387321656584188,0.0021563467249805664,14.999771118164062,13.785469055175781,17.48859405517578,649,32.812125801121695,0.0018271697279089115,32.83024978637695,31.525999069213867,34.32324981689453,649,13.344501160326285,0.004483521104563602,14.190083503723145,9.452875137329102,17.576021512349445,649,361.402157164869,0.09365765949150401,362,289,423
Limonium sventenii A. Santos &M.L.Fernandez,sventenii,63,17.643518765767414,0.014011643211687394,17.895360946655273,16.719533920288086,18.240447998046875,63,27.037723087129137,0.01479819939599649,27.12325096130371,26.370731353759766,27.895122528076172,63,14.239849135989235,0.015530589564759868,14.737398465474447,13.24543825785319,14.737398465474447,63,289.2857142857143,0.5272692811705305,282,264,325
Limonium tabernense Erben,tabernense,120,15.806558728218079,0.002562006531060782,15.734114646911621,15.734114646911621,15.734114646911621,120,33.35961647033692,0.0026634197024487196,33.45750045776367,33.42685050964356,33.45750045776367,120,9.685379886627196,0.0092255602767439,9.384916464487711,9.384916464487711,9.384916464487711,120,318,0.11513601747936394,321,321,321
Limonium tenellum (Turcz.) Kuntze,tenellum,52,6.62404911334698,0.08425188841057223,5.085770606994629,3.3556499242782594,16.458612632751453,52,28.803937361790585,0.04554680513355473,28.145999908447266,26.968274688720705,32.619998931884766,52,20.52955282651461,0.03275225416618644,20.474999745686848,18.86243748664856,22.39604148864746,52,287.0961538461537,8.465422510812273,140,89.60000000000002,1363.7999999999984
Limonium tetragonum (Thunb.) Bullock,tetragonum,718,13.975683724979838,0.0036145628968354934,13.826626777648926,11.465399360656738,16.06270809173584,718,28.90157728540532,0.001779683585174253,29.016666412353516,27.672077178955078,30.123390197753906,718,23.391933429207974,0.0015631617133498397,23.6216983795166,22.55555597941081,24.189430872599285,718,1484.1685236768806,0.500861187848197,1428,1139,1887
Limonium thiniense Erben,thiniense,152,14.724884610427054,0.011025423666075963,14.35925006866455,13.03097915649414,17.370283126831055,152,32.33183130465056,0.005586907735945142,32.4370002746582,31.338314056396484,33.167076492309576,152,14.636255926207493,0.01593730478781986,14.080916404724121,12.497833569844564,17.969833056132,152,375.45394736842104,0.23499268096477732,376.5,327,423
Limonium toletanum Erben,toletanum,110,14.651397080854936,0.0026002572538776827,14.625864028930664,14.182104110717773,14.904749870300293,110,33.37517460909757,0.0027541508529262343,33.41474914550781,32.95425033569336,33.65700149536133,110,10.972475116903132,0.00684532654432407,10.684500376383463,9.884583314259848,12.113875031471252,110,398.6545454545454,0.12575911804590173,401,387,422
Limonium tomentellum (Boiss.) Kuntze,tomentellu,1075,6.840075214297281,0.0016174743766021863,6.213510513305664,4.852416515350342,10.169306755065918,1075,26.474972085287412,0.0011379594288872248,26.300249099731445,25.381250381469727,28.356102371215822,1075,18.24501427894415,0.0011096998867656616,18.22950013478597,16.956750233968098,19.67158381144206,1075,486.99441860465106,0.0503853432889259,515,389,530
Limonium tournefortii (Boiss.) Erben,tournefort,125,14.667957023620605,0.004591391878767423,14.717082977294922,13.95356273651123,15.235854148864746,125,32.4760587310791,0.010588387258377513,32.209251403808594,30.7810001373291,34.33700180053711,125,14.873064567565917,0.025796409453913455,16.716583251953125,10.655175296465556,18.00933329264323,125,408.06399999999996,0.3465557632362477,401,365,472
Limonium tuberculatum (Boiss.) Kuntze,tuberculat,293,20.130089580809297,0.0021364204663468643,20.202327728271484,19.880952835083008,20.493749618530273,293,27.773431100942982,0.0048963243928074945,28.07600975036621,25.78571319580078,28.9951229095459,293,17.585284669244654,0.0039148630392935235,17.6761900583903,16.882996877034504,18.23214292526245,293,148.13993174061434,0.12832132559275808,136,130,181
Limonium vigaroense Marrero Rodr. & RS.Almeida,vigaroense,15,18.632823944091797,0.05415302533599488,18.240447998046875,18.240447998046875,20.202327728271484,15,28.090778732299803,0.02700312160127661,27.895122528076172,27.895122528076172,28.873403549194336,15,15.209989674886067,0.06522378345258195,14.737398465474447,14.737398465474447,17.10035451253255,15,247.4,2.2910176570166163,264,181,264
Limonium virgatum (Willd.) Fourr.,virgatum,12547,15.275391766338416,7.972859652295429e-5,14.960721969604492,14.802408218383789,16.56918716430664,12547,28.13774912505738,9.020656703334375e-5,27.81223487854004,27.49447250366211,29.68300552368164,12547,11.521449460958213,1.4315747825137902e-4,10.773758888244629,10.26241668065389,14.367750962575277,12547,575.6474854546906,0.006133089183358426,556,522,661
Limonium vulgare (eduardi-diasii Fdez. Prieto & C. Aguiar sp. nova. ined.),vulgare,23356,9.93179728785165,8.106661860009854e-5,9.523697853088379,7.999046325683594,12.47945785522461,23356,21.15469947533365,7.994159162705849e-5,20.5561580657959,19.9559326171875,22.621448516845703,23356,9.763990688740536,8.401621973222055e-5,9.49344253540039,7.746938705444336,11.624186038970947,23356,773.3995975338261,0.005913337083516904,789,587,911
Limonium vulgare Mill.,vulgare,23356,9.93179728785165,8.106661860009854e-5,9.523697853088379,7.999046325683594,12.47945785522461,23356,21.15469947533365,7.994159162705849e-5,20.5561580657959,19.9559326171875,22.621448516845703,23356,9.763990688740536,8.401621973222055e-5,9.49344253540039,7.746938705444336,11.624186038970947,23356,773.3995975338261,0.005913337083516904,789,587,911
Limonium wrightii (Hance) Kuntze,wrightii,441,22.165027933055853,0.005535264954345678,22.654041290283203,19.337499618530273,23.737916946411133,441,30.433416120049095,0.0026555531642723338,30.8245906829834,29.50559425354004,31.29218101501465,441,25.385148707971553,0.004736583748340086,26.213333129882812,22.486722946166992,27.270000457763672,441,2201.469387755102,1.0320068254688597,2170,2046,2612
Limonium xerocamposicum Erben & Brullo,xerocampos,3,17.52918815612793,0,17.52918815612793,17.52918815612793,17.52918815612793,3,29.018905639648438,0,29.018905639648438,29.018905639648438,29.018905639648438,3,11.400165875752768,0,11.400165875752768,11.400165875752768,11.400165875752768,3,648,0,648,648,648
Limonium xiliense Erben & Brullo,xiliense,3,17.019357681274414,0,17.019357681274414,17.019357681274414,17.019357681274414,3,29.67190933227539,0,29.67190933227539,29.67190933227539,29.67190933227539,3,11.93071174621582,0,11.93071174621582,11.93071174621582,11.93071174621582,3,552,0,552,552,552
