Species,ShortName,MeanTempAnnual_n,MeanTempAnnual_mean,MeanTempAnnual_se,MeanTempAnnual_median,MeanTempAnnual_q10,MeanTempAnnual_q90,MaxTempWarmestMonth_n,MaxTempWarmestMonth_mean,MaxTempWarmestMonth_se,MaxTempWarmestMonth_median,MaxTempWarmestMonth_q10,MaxTempWarmestMonth_q90,GrowingSeasonTemp_n,GrowingSeasonTemp_mean,GrowingSeasonTemp_se,GrowingSeasonTemp_median,GrowingSeasonTemp_q10,GrowingSeasonTemp_q90,coordinatePrecision_n,coordinatePrecision_mean,coordinatePrecision_se,coordinatePrecision_median,coordinatePrecision_q10,coordinatePrecision_q90,PrecAnnual_n,PrecAnnual_mean,PrecAnnual_se,PrecAnnual_median,PrecAnnual_q10,PrecAnnual_q90,Prec_n,Prec_mean,Prec_se,Prec_median,Prec_q10,Prec_q90
Dryopteris aemula,aemula,8096,11.659596558203896,3.986245702358501e-4,10.47120714187622,8.20994758605957,16.3085994720459,8096,20.309910326371472,4.2277565265415936e-4,20.259000778198242,16.105911254882812,24.327499389648438,8096,9.835180081692158,3.718217137020642e-4,8.86946169535319,6.795999844868978,14.515966415405273,8096,7.77777777777778e-6,5.232945564083024e-10,1e-5,0,1e-5,8096,1417.6172183794442,0.04194896195564987,1380,1050.5,1875,8096,160.06719367588963,0.004861865098533667,158,116,218
Dryopteris affinis subsp. borreri,affinis,19460,9.133872868687764,1.1285425859635382e-4,9.069146156311035,6.636739730834961,11.880343437194824,19460,21.699555920329413,1.6123453403096347e-4,22.153499603271484,17.335779190063477,25.34032497406006,19460,10.955369617049513,1.4925647729622949e-4,10.253666559855143,7.688083489735921,15.660008462270111,19460,1.6216216216216223e-6,1.9202665807390665e-10,0,0,1e-5,19460,1058.8183453237446,0.01838025227250283,978,691,1506,19460,109.9516957862277,0.002175487574180145,100,67,170
Dryopteris aitoniana,aitonia466,54,14.711707168155247,0.006174641171504565,14.640658378601074,14.640658378601074,14.704302787780762,54,21.88089402516683,0.02837418759579916,21.32526969909668,21.32526969909668,23.93482151031495,54,12.88555782812613,0.011636936129961986,13.071236610412598,12.325104490915933,13.158234278361002,54,NA,NA,NA,NA,NA,54,687,2.226332676424827,727,489.7000000000003,737,54,98.42592592592592,0.2878244165946506,101,78.10000000000002,111
Dryopteris alpestris,alpestris,207,11.535740230394445,0.013598512332875868,11.466760635375977,9.163687705993652,12.39567756652832,207,19.07748013648434,0.012172255101766687,18.790250778198242,16.703250885009766,19.334000396728516,207,15.481720795378017,0.012860391130660677,14.769833246866861,13.514583269755045,15.94558302561442,207,NA,NA,NA,NA,NA,207,3013.652173913043,2.9399001561361606,3133,2473.4,3387,207,421.47342995169083,0.44716936335487495,423,364,500
Dryopteris amurensis,amurensis,1040,1.7389892977322077,0.0032081494819192857,1.6440989971160889,-2.316333293914795,5.945000171661377,1040,22.07024592619676,0.0024529399838350667,22.112749099731445,18.93658447265625,25.407499313354492,1040,14.653117818557298,0.002287978457391989,14.396250089009603,11.75933345158895,18.012583414713543,1040,9.918674698795181e-5,8.20133794304936e-9,1e-4,1e-4,1e-4,1040,945.7740384615385,0.3267877812380086,821.5,628,1345,1040,131.64423076923077,0.04571372600664193,125,86,171.10000000000002
Dryopteris annamensis,annamensis,9,14.31811491648356,0.34010498785998755,16.182865142822266,10.24177074432373,16.529708862304688,9,23.622250239054363,0.29940773255350867,25.391000747680664,20.029499053955078,25.446250915527344,9,19.408888710869682,0.2798992143113239,20.77941640218099,16.067999521891277,21.379250208536785,9,NA,NA,NA,NA,NA,9,1158.3333333333333,20.79203313712511,1165,939,1371,9,201.55555555555554,5.827539744929931,188,153.6,276
Dryopteris antarctica,antarct624,90,14.15231573316786,0.022892028101558805,14.01258373260498,11.591792106628418,16.97825050354004,90,22.97983504401313,0.04641648644163663,22.030500411987305,18.431915283203125,27.84137554168701,90,13.59329210917155,0.03776138236096197,12.226388931274414,10.26491673787435,18.99162483215332,90,NA,NA,NA,NA,NA,90,1012.3111111111115,5.035285300401735,1222,363,1548,90,126.92222222222222,0.7108598724755514,123,52,218.3
Dryopteris antarctica,antarctica,90,14.15231573316786,0.022892028101558805,14.01258373260498,11.591792106628418,16.97825050354004,90,22.97983504401313,0.04641648644163663,22.030500411987305,18.431915283203125,27.84137554168701,90,13.59329210917155,0.03776138236096197,12.226388931274414,10.26491673787435,18.99162483215332,90,NA,NA,NA,NA,NA,90,1012.3111111111115,5.035285300401735,1222,363,1548,90,126.92222222222222,0.7108598724755514,123,52,218.3
Dryopteris anthracinisquama,anthracini,9,13.323107401529947,0.0976229326713972,13.167448043823242,12.395405769348145,14.406468391418457,9,28.013499577840168,0.12495875525163586,28.2239990234375,26.622499465942383,29.194000244140625,9,21.768778059217667,0.08943854007269864,21.54408327738444,20.97225062052409,22.790000279744465,9,NA,NA,NA,NA,NA,9,2463.6666666666665,36.252245566888334,2491,2074,2826,9,388.6666666666667,12.945994184770004,389,247.8,517
Dryopteris apiciflora,apiciflora,192,13.06585082411766,0.020388077814325566,12.39567756652832,7.937437534332275,16.218156814575195,192,20.87198056280613,0.016350066350659425,19.905875205993652,17.253250122070312,23.31624984741211,192,17.1948254853487,0.018061337437455208,15.651416460673014,13.712166786193848,19.875,192,1e-7,0,1e-7,1e-7,1e-7,192,2370.90625,3.8999630601314514,2465,1049,3129,192,384.5989583333333,0.6489559872299159,407,177.60000000000002,476.4
Dryopteris aquilinoides,aquilin634,12,16.564544439315796,0.05959272696864907,16.950302124023438,15.37932300567627,16.97825050354004,12,23.119937896728516,0.05714957416573222,23.32925033569336,22.030500411987305,23.79075050354004,12,19.54891665776571,0.06067055722149556,19.94554169972738,18.341833114624023,19.96275011698405,12,NA,NA,NA,NA,NA,12,1649.25,6.587227942746249,1664,1547,1722,12,236.25,0.5915279393488553,240,226.3,241.9
Dryopteris aquilinoides,aquilinoid,12,16.564544439315796,0.05959272696864907,16.950302124023438,15.37932300567627,16.97825050354004,12,23.119937896728516,0.05714957416573222,23.32925033569336,22.030500411987305,23.79075050354004,12,19.54891665776571,0.06067055722149556,19.94554169972738,18.341833114624023,19.96275011698405,12,NA,NA,NA,NA,NA,12,1649.25,6.587227942746249,1664,1547,1722,12,236.25,0.5915279393488553,240,226.3,241.9
Dryopteris ardechensis,ardechensi,1218,11.01165314495857,0.001149438694879316,11.148646354675293,8.995156288146973,12.42955207824707,1218,25.07143520486766,0.0013564378080139104,24.91575050354004,22.69124984741211,26.901500701904297,1218,13.001008526640769,0.0018375259401085219,13.76449998219808,8.609833399454752,15.091667175292969,1218,NA,NA,NA,NA,NA,1218,872.935960591133,0.08226541172646643,842,791,1043,1218,97.44745484400657,0.018426386994601793,84,73,122
Dryopteris arguta,arguta,20351,14.468955591365678,9.333196395536932e-5,14.4330415725708,12.40178108215332,16.888729095458984,20351,27.747081878852946,1.589857408334517e-4,27.64305877685547,23.85706329345703,32.050498962402344,20351,10.202420287703735,8.991919747596771e-5,10.099999904632568,7.817583243052165,12.840333620707193,20351,NA,NA,NA,NA,NA,20351,696.7712643113375,0.01491242504937611,682,369,1099,20351,120.2480467790284,0.0023565320313388262,110,65,190
Dryopteris athamantica,athaman407,501,18.46512089803547,0.006078704961375493,18.85591697692871,14.569229125976562,22.81900978088379,501,27.301518883771763,0.006097600101664528,26.798500061035156,23.734500885009766,31.9060001373291,501,19.764653719827802,0.004193197195844966,19.872582753499348,17.212500254313152,22.518416086832683,501,NA,NA,NA,NA,NA,501,1153.508982035928,0.7159600631552471,1090,761,1760,501,190.02594810379247,0.1307141316758873,177,118,282
Dryopteris athamantica,athaman492,501,18.46512089803547,0.006078704961375493,18.85591697692871,14.569229125976562,22.81900978088379,501,27.301518883771763,0.006097600101664528,26.798500061035156,23.734500885009766,31.9060001373291,501,19.764653719827802,0.004193197195844966,19.872582753499348,17.212500254313152,22.518416086832683,501,NA,NA,NA,NA,NA,501,1153.508982035928,0.7159600631552471,1090,761,1760,501,190.02594810379247,0.1307141316758873,177,118,282
Dryopteris athamantica,athamantic,501,18.46512089803547,0.006078704961375493,18.85591697692871,14.569229125976562,22.81900978088379,501,27.301518883771763,0.006097600101664528,26.798500061035156,23.734500885009766,31.9060001373291,501,19.764653719827802,0.004193197195844966,19.872582753499348,17.212500254313152,22.518416086832683,501,NA,NA,NA,NA,NA,501,1153.508982035928,0.7159600631552471,1090,761,1760,501,190.02594810379247,0.1307141316758873,177,118,282
Dryopteris atrata,atrata,1633,13.66361095331523,0.0012134761241466238,13.545624732971191,11.54586410522461,15.780729293823242,1633,27.774285736364316,0.0016539349477419807,28.35743522644043,24.691017150878906,30.169336318969727,1633,21.32315104823863,0.0013056406434412086,21.768749872843426,19.194666544596355,23.292332967122395,1633,2.777778e-4,0,2.777778e-4,2.777778e-4,2.777778e-4,1633,2006.1353337415808,0.27614187969883874,1991,1505,2650,1633,280.09063074096736,0.05213822194994551,262,197,392.5999999999999
Dryopteris azorica,azorica460,20286,8.07232477434498,1.658186543786162e-4,7.402552127838135,4.469822883605957,12.325812339782715,20286,26.12414699436166,1.0058451974686478e-4,26.154693603515625,23.637375831604004,28.818249702453613,20286,15.327500803353297,2.2541825619821698e-4,15.958624839782715,8.096402168273926,20.373998641967773,20286,1e-5,0,1e-5,1e-5,1e-5,20286,1107.0392881790372,0.009608404794879472,1098,851,1342,20286,115.36567090604267,0.0011961471146377189,109,96,142
Dryopteris barberigera,barberiger,93,4.174970456188725,0.05495445125610632,1.3892604112625122,-0.9318645596504211,11.54586410522461,93,16.106669549019106,0.03882915491056147,14.821000099182129,13.159749984741211,19.152000427246094,93,10.42790582615842,0.03452626160767915,9.61633332570394,7.231916586558024,15.651416460673014,93,0.01667,0,0.01667,0.01667,0.01667,93,1301.2903225806451,11.631560707562928,731,544,3133,93,203.1827956989247,1.5838539924991708,128,95.4,451.4
Dryopteris basisora,basisora,31,12.867401884448144,0.23329258452605744,14.872791290283203,1.913895845413208,18.531394958496094,31,21.831900073635964,0.17398837199905595,23.163999557495117,12.955499649047852,25.028249740600586,31,16.889214823322913,0.15885677244173757,18.114686965942383,8.7736663818359375,19.61858367919922,31,NA,NA,NA,NA,NA,31,1394.2903225806451,26.735755792131812,928,720,2447,31,187.93548387096774,2.0046760370317322,173,120,271
Dryopteris bernieri,bernier633,3,20.658056259155273,0,20.658056259155273,20.658056259155273,20.658056259155273,3,26.959421157836914,0,26.959421157836914,26.959421157836914,26.959421157836914,3,23.449758529663086,0,23.449758529663086,23.449758529663086,23.449758529663086,3,NA,NA,NA,NA,NA,3,1399,0,1399,1399,1399,3,202.33333333333334,3.1681283176407224,202,194.8,210
Dryopteris bernieri,bernieri,3,20.658056259155273,0,20.658056259155273,20.658056259155273,20.658056259155273,3,26.959421157836914,0,26.959421157836914,26.959421157836914,26.959421157836914,3,23.449758529663086,0,23.449758529663086,23.449758529663086,23.449758529663086,3,NA,NA,NA,NA,NA,3,1399,0,1399,1399,1399,3,202.33333333333334,3.1681283176407224,202,194.8,210
Dryopteris bissetiana,bissetiana,4208,12.763730508746304,4.638992376183075e-4,13.005806922912598,10.146427154541016,15.238879203796387,4208,28.35370740509758,3.594377339880592e-4,28.575233459472656,26.295000076293945,30.18496322631836,4208,21.58907298273457,5.664123654115623e-4,21.846875190734863,18.94877462387085,24.580124855041504,4208,NA,NA,NA,NA,NA,4208,1643.790161596957,0.08463664978449471,1577,1261,2146,4208,241.93108365019023,0.014133080175581047,233,179,314
Dryopteris bodinieri,bodinieri,9,16.31838544209798,0.22205951582324432,15.638093948364258,14.427291870117188,18.8897705078125,9,27.71666653951009,0.06228692893134649,28.017000198364258,26.9737491607666,28.159250259399414,9,22.959249920315212,0.09195961544566802,22.509416580200195,22.311499913533527,24.056833267211914,9,NA,NA,NA,NA,NA,9,1404.3333333333333,17.4176191481535,1321,1280,1612,9,256.77777777777777,7.103897768947679,259,184.39999999999998,333.19999999999993
Dryopteris bojeri,bojeri568,6,21.633333206176758,0,21.633333206176758,21.633333206176758,21.633333206176758,6,27.65049934387207,0,27.65049934387207,27.65049934387207,27.65049934387207,6,24.26175053914388,0,24.26175053914388,24.26175053914388,24.26175053914388,6,NA,NA,NA,NA,NA,6,1773,0,1773,1773,1773,6,247.66666666666666,3.5787438309283055,247,224,272
Dryopteris campyloptera,campylopte,2939,5.314320375540175,0.001085989967857661,5.22236442565918,1.2783005237579346,10.041375160217285,2939,23.33262006293028,8.915173851893115e-4,23.905500411987305,19.51417350769043,26.368499755859375,2939,13.333692860384302,9.706433527513651e-4,13.31012499332428,9.47269074122111,17.06399981180827,2939,NA,NA,NA,NA,NA,2939,1231.6941136440955,0.07376415053274168,1213,1019,1517.2000000000016,2939,115.19054100034036,0.0064571581762459035,113,95,140
Dryopteris carthusiana,carthusian,497782,7.027807345859176,5.357604596246845e-6,7.603593826293945,3.125999927520752,9.905437469482422,497782,21.642449133375003,3.966947667288897e-6,21.309473037719727,19.829750061035156,23.96299934387207,497782,13.067289594467765,4.966179097667418e-6,12.701583544413248,10.077499866485596,16.74649937947591,497782,0.004430426776473161,2.074232832179433e-8,1e-5,1e-5,0.01,497782,750.4744265561804,4.1198362001468265e-4,717,566,948,497782,79.46904066439306,4.087570363423045e-5,76,61,100
Dryopteris caucasica,caucasica,272,9.547074718072132,0.012112400250042872,9.900875091552734,5.693822860717773,13.109378147125245,272,23.317925376050614,0.0115965917652533,23.317249298095703,19.44300079345703,26.2850492477417,272,10.834492224104263,0.010897041460814728,9.812499841054281,7.550833543141683,14.99372501373291,272,1e-5,0,1e-5,1e-5,1e-5,272,981.8308823529414,1.163846219314499,970,570.4000000000001,1409,272,107.36029411764704,0.12932441195190497,103,68.1,154.9
Dryopteris caudipinna,caudipinna,196,15.320207926691797,0.012286430667585281,15.25920581817627,11.238656044006348,18.35951805114746,196,28.354099448846313,0.004628397323785148,28.341238021850586,27.333749771118164,29.554500579833984,196,21.68396196559984,0.007722523859590237,21.710333506266277,19.489583333333332,23.328837712605793,196,NA,NA,NA,NA,NA,196,2049.423469387755,2.4947907006433545,2038,1322,2622,196,265.83673469387753,0.30560980438040053,279,168.5,325.5
Dryopteris celsa,celsa,843,14.029533518025318,0.00277348639684089,14.752354621887207,10.936968803405762,16.057437896728516,843,30.919065077251105,0.00207286494665046,31.034250259399414,28.564849853515625,33.044498443603516,843,18.82774249854037,0.00543170162335341,19.501083056132,13.497999827067057,24.230750401814777,843,NA,NA,NA,NA,NA,843,1235.5776986951364,0.1658859130642876,1212,1065,1417,843,122.60142348754448,0.020950859281285473,120,102,145.80000000000007
Dryopteris championii,championii,2535,14.515768255425609,7.705358063689662e-4,14.38369083404541,12.341906547546387,16.392457962036133,2535,29.48569829891889,6.23887749984959e-4,29.418333053588867,27.605499267578125,31.379499435424805,2535,22.324921852126863,5.85262333514492e-4,22.376288096110027,20.4464168548584,23.83398551940918,2535,NA,NA,NA,NA,NA,2535,1843.5897435897436,0.13471716293031316,1820,1427,2243,2535,256.05167652859984,0.023634407883371143,246,193,331
Dryopteris chinensis,chinensis,5162,11.970646401862206,3.760086020684271e-4,11.914129257202148,9.572541236877441,14.482864379882812,5162,28.158534013407493,2.9237101671037173e-4,28.485000610351562,25.980249404907227,29.91964340209961,5162,21.679495132971716,3.2648095746201254e-4,21.950667063395183,19.380499521891277,23.512658437093098,5162,1e-4,0,1e-4,1e-4,1e-4,5162,1462.3605191786103,0.06125996800895773,1341.5,1206,1981,5162,226.15381635025187,0.01141117500528458,221,154,302
Dryopteris christensenae,christense,57,19.539745130037005,0.03855402795340249,19.8660831451416,16.873687744140625,22.9952392578125,57,25.861013512862357,0.042007324917862854,26.040000915527344,23.040000915527344,29.207250595092773,57,19.422289496973942,0.037247835550904516,19.702416737874348,16.82700030008952,22.902249654134113,57,NA,NA,NA,NA,NA,57,2858.7894736842104,5.1027775353202784,2870,2516,3098.7999999999993,57,392.94736842105266,0.8918291557147048,383,341.20000000000005,496
Dryopteris chrysocoma,chrysocoma,93,12.021028534058601,0.054161139958282235,12.787562370300293,3.5383334159851074,17.48198890686035,93,21.46551144507624,0.04954235500512841,21.16925048828125,16.143999099731445,27.709749221801758,93,16.65409017378284,0.04758652209306208,17.0951665242513,10.687333424886068,22.136166254679363,93,0.01667,0,0.01667,0.01667,0.01667,93,1773.645161290323,10.843867927459668,1546,627,3288,93,304.2580645161291,1.77211397470907,292,116.19999999999999,500
Dryopteris cinnamomea,cinnamomea,477,16.017964225145256,0.0056493195347042625,15.767582893371582,12.559127044677734,19.989822387695312,477,27.29376127135079,0.007239642789106738,26.86949920654297,22.18010025024414,31.943150329589848,477,17.975453020891553,0.006660956665519389,17.5339994430542,13.446875095367432,22.220449638366702,477,NA,NA,NA,NA,NA,477,888.3962264150945,0.6104319999686763,894,500,1214,477,183.7295597484277,0.12654712717029162,189,94,256
Dryopteris clarkei,clarkei,33,9.004365574229848,0.09639014854104862,9.163687705993652,7.287052154541016,11.466760635375977,33,18.359750227494672,0.0584347553401757,18.05525016784668,16.660249710083008,21.16925048828125,33,13.95317421537457,0.06613867115205158,14.080499966939291,12.48158327738444,16.254916826883953,33,NA,NA,NA,NA,NA,33,2154,35.65186930756881,2602,808,3387,33,316.5151515151515,4.888906557086971,402,124.19999999999999,485.79999999999995
Dryopteris clintoniana,clintonian,1429,7.4758723675578995,0.0013512956418670248,7.063437461853027,5.561968803405762,9.982354164123535,1429,26.582264863502065,0.0010068053418686596,26.2549991607666,25.042350387573244,28.725250244140625,1429,16.507249992656238,0.0020231658906541303,17.455435752868652,11.59416675567627,19.288999557495117,1429,NA,NA,NA,NA,NA,1429,1030.288313505948,0.0970108143820612,1028,835.6,1218.2,1429,99.09657102869137,0.008072511356211924,98,84,114
Dryopteris cochleata,cochleata,156,22.203652510276207,0.02083767014650475,23.074817657470703,17.717811584472656,25.48188591003418,156,31.79141444426316,0.024270717662847507,33.11574935913086,26.666749954223633,35.72774887084961,156,24.243266062858776,0.014774396563595974,24.59787082672119,21.415999094645183,26.641083399454754,156,1e-7,0,1e-7,1e-7,1e-7,156,1380.7115384615383,4.679149120980321,1182,953,1871,156,255.49358974358972,1.1040491702908737,204.5,162,369
Dryopteris commixta,commixta,565,14.62601898328393,0.0028242297664785965,14.589916229248047,13.047304534912112,16.370388412475588,565,28.938735307001433,0.0028637837137322182,29.157249450683594,27.16900062561035,30.31836700439453,565,22.6324937769797,0.002516212303820376,22.832500457763672,21.106250254313153,24.283424949645998,565,NA,NA,NA,NA,NA,565,2299.9628318584073,0.6900008996620839,2412,1744,2776.2000000000003,565,346.4955752212389,0.17045518767051013,335,218.4,481
Dryopteris conjugata,conjugata,3,3.4704999923706055,0,3.4704999923706055,3.4704999923706055,3.4704999923706055,3,16.446500778198242,0,16.446500778198242,16.446500778198242,16.446500778198242,3,11.03683344523112,0,11.03683344523112,11.03683344523112,11.03683344523112,3,NA,NA,NA,NA,NA,3,694,0,694,694,694,3,127.33333333333333,4.337604732431807,128,116.8,137.6
Dryopteris coreano-montana,coreano-mo,275,2.104980662990026,0.012147608267839958,1.9788116216659546,-2.263214492797851,6.499750137329102,275,22.421875360662288,0.009385498422518615,22.670000076293945,19.091674041748046,25.840749740600586,275,15.656552019986242,0.008829566216818591,15.425374984741211,12.757749843597413,18.789125442504883,275,1e-4,0,1e-4,1e-4,1e-4,275,1117.596363636363,1.7390095037800255,835,660.4000000000001,1834,275,165.17090909090913,0.21218921026531526,142,106,254
Dryopteris corleyi,corleyi,95,12.103878754063656,0.010659381343975162,11.97945785522461,11.17676067352295,12.863959312438965,95,22.978658314755087,0.0053114371626070255,22.861000061035156,22.76976776123047,23.433120727539062,95,9.543772210572895,0.01295825510272849,8.866666475931803,7.845749696095784,10.857643365859985,95,0,0,0,0,0,95,897.5263157894736,0.3544223956333243,880,874,909,95,94.8,0.03712418013098513,94,91,98
Dryopteris costalisora,costalisor,60,13.029310560226438,0.04575069660636354,11.466760635375977,10.65609359741211,16.321410942077637,60,20.257687759399413,0.048661846853712644,18.790250778198242,17.253250122070312,23.337524986267095,60,16.507174921035766,0.05030846969475841,14.769833246866861,14.080499966939291,20.098641649882,60,NA,NA,NA,NA,NA,60,3015.45,6.442238958359907,3288,2505.5,3335,60,443.75,0.955796199388026,452,366.7,478.1
Dryopteris crassirhizoma,crassirhiz,5500,8.294682359502398,6.002057308069591e-4,8.753260612487793,4.138718605041504,12.063426971435547,5500,25.560930973746572,4.260495504736748e-4,25.678750038146973,22.335186195373534,28.448599624633786,5500,19.468687750209448,4.798711950385717e-4,19.65137481689453,15.969749927520752,22.780600070953373,5500,9.830188679245283e-5,2.2316820740424844e-9,1e-4,1e-4,1e-4,5500,1359.5665454545413,0.06108066328776026,1328,831,1798,5500,204.90272727272728,0.01083816122915204,188,136,288
Dryopteris crinalis,crinalis,76,19.02962595538089,0.0343316440688762,17.571561813354492,14.522791862487793,22.180320739746094,76,24.776293252643786,0.032522829693973826,23.430749893188477,20.587249755859375,28.639171600341797,76,18.01392970587078,0.033899377698633174,16.480833053588867,13.759250322977701,20.74936294555664,76,NA,NA,NA,NA,NA,76,1836.1315789473683,6.437581667038038,1807,1419,2857,76,215.0921052631579,0.728471177769005,208,172.5,313.5
Dryopteris crispifolia,crispifoli,1298,15.904709239953842,5.566457403508344e-4,15.930688858032227,14.842994689941406,16.672901153564453,1298,23.91379130235622,5.010662899597974e-4,24.018268585205078,23.212574005126953,24.750381469726562,1298,13.843689720142054,5.674962636648032e-4,13.959935824076334,12.827655792236328,14.701018333435059,1298,1e-5,0,1e-5,1e-5,1e-5,1298,1435.489984591679,0.10469290652383931,1380,1259,1670,1298,170.7781201848999,0.017853039643487292,165,147,194
Dryopteris cristata,cristata,39601,6.647865988076384,5.976202809149328e-5,6.461437702178955,3.7086145877838135,9.60730266571045,39601,22.819520124013646,6.518289370871886e-5,21.90976333618164,20.4424991607666,26.83883285522461,39601,14.133957136418381,7.193348202571054e-5,13.892943700154623,10.425583203633627,17.7937494913737,39601,0.02922788800000006,1.1092022104448815e-6,1e-4,1e-6,0.1,39601,791.2552460796456,0.005427113595538419,767,576,1131,39601,83.62064089290696,4.7799842159016804e-4,80,62,109
Dryopteris cycadina,cycadina,1904,12.487495266339343,0.0013941602117548636,12.589187622070312,9.071510314941406,15.836915969848633,1904,25.110672058177613,0.0019618558377947886,24.805500030517578,20.680749893188477,29.59174919128418,1904,17.566339092845677,0.0025554446936272668,19.656916936238606,11.071666558583578,23.02408281962077,1904,NA,NA,NA,NA,NA,1904,1754.8487394958026,0.397225626706641,1923,795,2719,1904,236.09873949579887,0.07249753802798145,246,75,409
Dryopteris decipiens,decipiens,847,15.23727048358219,0.0018968929469964611,15.176968574523926,13.461957931518555,16.471765518188477,847,29.17951490634166,0.0013016012766827764,29.25550079345703,27.919696807861328,30.405054092407223,847,22.854677414246687,0.0012891931701559515,23.02408281962077,21.496028900146484,23.88963623046875,847,NA,NA,NA,NA,NA,847,2087.8004722550177,0.3637393509873943,2092,1754,2378,847,288.98819362455725,0.06712971877375946,293,217.60000000000002,344.4
Dryopteris diacalpe,diacalpe,226,19.22420853640126,0.020410887677166277,19.09958267211914,13.94069766998291,25.19010353088379,226,26.294805543612586,0.01964572078225436,25.21424961090088,21.16925048828125,32.653499603271484,226,21.016075644872885,0.01468761191066126,20.802499771118164,17.393625259399414,25.650124549865723,226,NA,NA,NA,NA,NA,226,2037.4203539823009,3.421142707444107,2070,1083,3127,226,315.6327433628319,0.5640247987988557,275,186,477
Dryopteris dickinsii,dickinsii,1831,12.16818548694196,9.390945411963841e-4,12.341906547546387,9.673322677612305,14.227072715759277,1831,27.821435141862903,0.0010208105909085682,27.986021041870117,25.888750076293945,29.832250595092773,1831,20.57657884626946,0.0011107405998371403,21.008333206176758,18.337250391642254,22.652833302815754,1831,NA,NA,NA,NA,NA,1831,1916.87875477881,0.21169035515605011,1903,1495,2283,1831,256.11742217367527,0.04065379164451315,237,185,347
Dryopteris diffracta,diffracta,180,18.2434539159139,0.014356700147574977,18.291749954223633,15.301187515258789,21.10863227844238,180,25.995027923583983,0.015835246797767495,25.51087474822998,23.077900123596194,29.4284646987915,180,21.956203815672133,0.014317532156020064,21.821625073750816,18.9163335164388,24.686366462707518,180,NA,NA,NA,NA,NA,180,2400.7833333333338,4.215345206219835,2505,1468.6,3430,180,397.55,0.9522077096835831,366.5,239.4,628.5999999999999
Dryopteris dilatata,dilatata,328906,8.409814099078398,5.757912837183527e-6,8.661406517028809,6.355572700500488,10.120073318481445,328906,20.64158058041812,6.826432076032639e-6,20.84600067138672,17.49799919128418,23.009750366210938,328906,11.296445270587238,7.567803469337886e-6,11.29575002193451,7.981916586558024,14.862911224365234,328906,0.06992450819704916,7.318318376014105e-7,0.01,0,0.014000000020000151,328906,933.4564678054455,0.0010504860873385233,816,637,1380,328906,94.71127312969071,1.1508487618132846e-4,80,64,146
Dryopteris dracomontana,dracomo635,48,11.475684940814972,0.05326315999621973,10.963510513305664,8.638447761535645,15.172760963439941,48,22.902437329292297,0.06976288524867491,22.583874702453613,19.129499435424805,27.539499282836914,48,15.83991148074468,0.05584840843501616,15.322625160217285,12.854416847229004,19.96591631571452,48,NA,NA,NA,NA,NA,48,762.4375,2.705289841525716,794,630,899,48,107.9375,0.4101080951552645,113,83.69999999999999,131.60000000000002
Dryopteris emeiensis,emeiensis,274,16.425920260213587,0.00805981396521542,16.218156814575195,12.39567756652832,18.95233917236328,274,24.02430532970568,0.009422762224141845,23.57075023651123,19.55299949645996,26.93199920654297,274,20.42510394632381,0.008223472462696009,20.184749603271484,16.101499557495117,22.514110565185547,274,1e-5,NA,1e-5,1e-5,1e-5,274,2718.302919708029,1.2631418057504962,2719,2393,3131.8,274,456.7153284671533,0.3817466559820446,430,390,480
Dryopteris erythrosora,erythrosor,21356,14.12272356179001,8.892041980617079e-5,14.36301040649414,11.629312515258789,16.258525848388672,21356,29.440631414625233,8.168857343187328e-5,29.418333053588867,27.352500915527344,31.82149887084961,21356,20.93962045166017,1.4400214513073375e-4,21.832250595092773,16.206458250681557,23.69208335876465,21356,0.0166666667,0,0.0166666667,0.0166666667,0.0166666667,21356,1697.3826559280712,0.01848126764994072,1671,1229,2223,21356,220.3611163139133,0.0034910822220166372,214,125,310
Dryopteris expansa,expansa,100002,4.485098561485008,3.2038160370587e-5,4.77180290222168,0.17118750512599945,8.447450637817383,100002,19.748371797061495,2.8998233329357472e-5,20.411888122558594,15.400623321533203,22.92074966430664,100002,11.569071629593997,2.7058481366256e-5,11.573750178019205,7.839649041493733,14.705402056376139,100002,9.90001050420141e-4,8.885483355522908e-8,1e-4,1e-4,1e-4,100002,1019.876542469047,0.0058911275289922245,761,557,1947,100002,109.14840703185119,6.633645630511575e-4,84,62,196
Dryopteris exstipellata,exstipella,274,16.425920260213587,0.00805981396521542,16.218156814575195,12.39567756652832,18.95233917236328,274,24.02430532970568,0.009422762224141845,23.57075023651123,19.55299949645996,26.93199920654297,274,20.42510394632381,0.008223472462696009,20.184749603271484,16.101499557495117,22.514110565185547,274,1e-5,NA,1e-5,1e-5,1e-5,274,2718.302919708029,1.2631418057504962,2719,2393,3131.8,274,456.7153284671533,0.3817466559820446,430,390,480
Dryopteris fadenii,fadenii459,15,16.67298126220703,0.14787386743616404,17.35309410095215,12.930021286010742,19.470874786376953,15,24.34990005493164,0.1481630204980014,24.75225067138672,20.899250030517578,27.53125,15,17.305683390299478,0.14290375853411255,17.488916397094727,13.625499725341797,19.995583216349285,15,NA,NA,NA,NA,NA,15,1384,15.50047618316166,1405,982,1672,15,229.8,3.5373920983038984,218,177.8,307
Dryopteris filix-mas,filix-mas,598227,7.965006365832236,4.039032590080055e-6,8.229323387145996,4.849197864532471,10.570364952087402,598227,21.615581025351947,4.161270842533814e-6,21.565500259399414,18.662307739257812,24.5935001373291,598227,12.171570386939717,4.702723501097851e-6,12.064416567484537,8.349416573842367,16.237250328063965,598227,0.024924892113169433,2.4724317145095923e-7,1e-5,1e-5,0.01,598227,855.057255857668,5.035790154378011e-4,783,590,1251,598227,86.99151994141101,5.1344857791292466e-5,78,60,121
Dryopteris flaccisquama,flaccisqua,97,18.017407908882063,0.03565725488239566,19.353958129882812,12.526437759399414,20.59419822692871,97,23.982100496587066,0.03791066008113982,25.03499984741211,18.191749572753906,26.651750564575195,97,18.01076536080272,0.03437834565448544,19.337833404541016,12.746833165486654,20.458399963378906,97,NA,NA,NA,NA,NA,97,3052.556701030928,5.793329439616415,2930,2674,3510,97,381.5670103092783,0.6672485911277416,387,345.6,438.4
Dryopteris formosana,formosana,1425,16.038083301343413,0.002192214534901428,16.218156814575195,11.54586410522461,20.1436767578125,1425,24.10044091877184,0.002720286542738448,23.82525062561035,18.946500778198242,29.383249282836914,1425,20.23950275488067,0.0024448564708079708,20.289000193277996,15.35575008392334,24.66124979654948,1425,NA,NA,NA,NA,NA,1425,2766.3789473684196,0.2555193627068994,2746,2393,3133,1425,403.8996491228069,0.06178098232956844,396,315,480
Dryopteris fragrans,fragrans,11057,-3.9541616635856403,4.924064103826647e-4,-4.0581769943237305,-11.676476287841798,3.2059686183929443,11057,19.92087895889398,3.3204782261102896e-4,20.159500122070312,14.821699714660646,24.404499053955078,11057,12.051289167220464,2.62205311211268e-4,11.71975008646647,8.559416770935059,15.83005021413167,11057,9.70539932508437e-5,1.4799871332357252e-9,1e-4,1e-4,1e-4,11057,543.340236953964,0.02373432982801581,471,272,880,11057,76.46839106448405,0.0029456397957619506,73,39,116
Dryopteris fuscipes,fuscipes,1779,14.89833933962671,9.346419766361315e-4,14.913856506347656,13.019312858581543,16.44729232788086,1779,29.404144365376073,8.289129294834207e-4,29.271249771118164,27.859028625488282,31.093719482421875,1779,22.451630104519534,8.678726837152273e-4,22.649250030517578,20.156295013427737,24.165555953979492,1779,NA,NA,NA,NA,NA,1779,1892.2085441259148,0.20542046581208695,1911,1406.4,2296,1779,285.2889263631251,0.03937829029353303,285,200,359.20000000000005
Dryopteris fuscoatra var. lamoureuxii,fuscoatra,93,18.61550986382269,0.03423408577041838,17.571561813354492,14.522791862487793,23.208703994750977,93,24.673625638408044,0.03476957218050006,23.430749893188477,20.587249755859375,29.601078033447266,93,17.703218562628635,0.033429066040162825,16.480833053588867,13.759250322977701,22.06999142964681,93,NA,NA,NA,NA,NA,93,1689.6774193548385,4.0945136897393395,1807,1151,2053,93,201.9569892473118,0.4941404483091639,202,147.2,255.39999999999998
Dryopteris futura,futura,60,17.880982875823975,0.059986944869082764,17.484697341918945,14.2335711479187,22.064517211914065,60,26.608025074005127,0.056229104749432796,26.79949951171875,22.322450828552245,29.96950054168701,60,18.828608401616414,0.06280937250398479,17.985125223795574,14.810508537292481,23.506916681925457,60,NA,NA,NA,NA,NA,60,1568.3,9.411839070514622,1387,1002,2113.2000000000007,60,279.4,1.547235551914234,270,195,408
Dryopteris gamblei,gamblei,15,16.112951850891115,0.21798466347559942,16.529708862304688,12.271708488464355,21.21719741821289,15,25.45980033874512,0.1497743937218851,24.957500457763672,23.07699966430664,29.4997501373291,15,21.216383361816405,0.16727547727634817,20.94041633605957,18.200916926066082,25.54566701253255,15,NA,NA,NA,NA,NA,15,1653,67.64809503529838,1371,879,3564,15,316.53333333333336,14.837508597323925,246,157.4,679.8
Dryopteris glabra var. glabra,glabra,143,19.416945290732215,0.022286587114931145,20.622018814086914,14.522791862487793,22.887723922729492,143,25.273615430285048,0.021226166272305676,26.222864151000977,20.587249755859375,28.76032257080078,143,18.300163729207497,0.023581882227679894,19.944664001464844,13.210500240325928,22.01327133178711,143,NA,NA,NA,NA,NA,143,1733.5944055944055,3.7595753325487813,1807,1060,2661,143,214.55244755244755,0.41030631642221777,208,136.8,318
Dryopteris glabra var. soripes,glabra,143,19.416945290732215,0.022286587114931145,20.622018814086914,14.522791862487793,22.887723922729492,143,25.273615430285048,0.021226166272305676,26.222864151000977,20.587249755859375,28.76032257080078,143,18.300163729207497,0.023581882227679894,19.944664001464844,13.210500240325928,22.01327133178711,143,NA,NA,NA,NA,NA,143,1733.5944055944055,3.7595753325487813,1807,1060,2661,143,214.55244755244755,0.41030631642221777,208,136.8,318
Dryopteris goeringiana,goeringian,462,5.823299899963399,0.00797254772980103,5.232500076293945,1.3857709169387817,11.918416976928711,462,25.32410102695614,0.006323643075160485,24.987499237060547,23.12274932861328,28.770750045776367,462,18.50738774749624,0.006561556801111365,18.55517276128133,15.851916631062826,22.732250213623047,462,1e-4,0,1e-4,1e-4,1e-4,462,750.694805194805,0.5804912447804595,705.5,522,1252,462,130.39610389610397,0.10333431237352339,120,93,172
Dryopteris goldiana,goldiana,4933,7.882955908533679,5.003212822887386e-4,7.585489749908447,4.762343406677246,11.40482234954834,4933,26.83899333311243,3.6741058143235174e-4,26.387500762939453,24.61224937438965,29.392000198364258,4933,17.03469827376682,5.658179748420728e-4,17.36733277638753,12.870333353678385,20.507916768391926,4933,NA,NA,NA,NA,NA,4933,1068.0705453071146,0.04056639970105017,1051,836,1233,4933,106.39489154672603,0.004199143419649031,104,89,121
Dryopteris guanchica,guanchica,434,13.803558391360095,0.003780239497642367,13.40018081665039,12.478343963623047,17.294851303100586,434,23.266548459980346,0.0027963442351598366,22.834177017211914,22.19281768798828,24.886499404907227,434,10.569799190292711,0.004987453747610601,10.0829709370931,8.8855832417806,14.607774098714193,434,0,0,0,0,0,434,1175.9239631336404,0.884958629800002,1274,371,1619,434,151.66359447004612,0.1119727087537117,162,65,210
Dryopteris gymnophylla,gymnophyll,759,12.551685193781799,0.0023904631808124013,12.152688026428223,10.641979217529297,14.273697853088379,759,28.51900831983966,0.00157651995736019,28.610107421875,27.1924991607666,29.839750289916992,759,21.839167225502223,0.0019726838091907585,21.932750066121418,20.12708346048991,23.510000228881836,759,NA,NA,NA,NA,NA,759,1427.1976284584987,0.3028659510621328,1363,1167,1740,759,215.91172595520422,0.059558017076617724,214,160,277.60000000000014
Dryopteris gymnosora,gymnosora,216,15.037372019555834,0.006513575157040591,15.135878086090088,13.51805591583252,16.127399444580078,216,28.74650846587287,0.0053406099463154015,28.96020221710205,27.569000244140625,29.855224609375,216,22.681571510103016,0.00557212667368443,22.62019411722819,21.462764739990234,23.754826227823894,216,NA,NA,NA,NA,NA,216,2160.1805555555557,1.2458060388257972,2137,2029,2298,216,299.1203703703704,0.21361611780882075,301.5,241.5,342.5
Dryopteris hadanoi,hadanoi,57,15.75091818759316,0.012584675344831337,15.673799514770508,14.694693946838377,16.415725326538087,57,29.4686481074283,0.01039696671426164,29.46666717529297,28.60209922790527,30.217998123168943,57,23.115594930816115,0.011244605128020217,23.340579986572266,22.21782989501953,23.69848213195801,57,NA,NA,NA,NA,NA,57,2112.0526315789475,3.200735274092958,2172,1762.8000000000002,2285.4,57,301.6842105263158,0.7659123935283132,308,231.8,345
Dryopteris handeliana,handeliana,123,12.975605732057153,0.00994874089117288,12.395405769348145,11.96838665008545,14.566573143005371,123,27.394803768251002,0.011805978765004187,27.027999877929688,26.2810001373291,29.26938247680664,123,21.61232397808292,0.008185684662689948,21.54408327738444,20.40125020345052,23.15608278910319,123,NA,NA,NA,NA,NA,123,2436.243902439024,3.9147890264905802,2597,1829,2826,123,380.9756097560976,0.991712298953037,379,215.2,543
Dryopteris hangchowensis,hangchowen,21,15.020776612418038,0.08539444511662982,15.587697982788086,11.40135383605957,17.315406799316406,21,28.540464401245117,0.1616825482837406,29.678749084472656,21.858749389648438,32.51300048828125,21,22.064202308654785,0.17237347422198374,24.442416508992512,16.218416531880695,26.06399981180827,21,NA,NA,NA,NA,NA,21,2085.714285714286,29.8935493950193,2483,920,2667,21,296.6190476190476,4.939325194449665,326,139,431
Dryopteris hasseltii,hasseltii,378,20.56878344217936,0.007154482922830108,20.09880256652832,17.25069808959961,24.07026481628418,378,27.950207770816867,0.00543439697557701,27.902000427246094,25.327999114990234,30.549468994140625,378,23.47498249881482,0.00530382916721269,23.171250025431316,21.066666920979817,26.377666473388672,378,NA,NA,NA,NA,NA,378,2850.5079365079364,1.340540648357784,2998,2108,3386,378,371.7063492063492,0.21654151249962258,373.5,267,443.80000000000007
Dryopteris hawaiiensis,hawaiiensi,15,17.582292366027833,0.22508991053422017,17.571561813354492,14.376781463623047,23.3536319732666,15,23.33971061706543,0.23309912329410087,23.23305320739746,19.947500228881836,29.5,15,16.958425267537436,0.21675771367975105,16.480833053588867,13.759250322977701,22.623504638671875,15,NA,NA,NA,NA,NA,15,1892.6,41.98440980491052,1807,968,2661,15,217.13333333333333,4.963093420065382,208,109.2,316.79999999999995
Dryopteris hendersonii,hendersoni,159,16.04529091097274,0.017708038235618968,16.87652015686035,11.54586410522461,18.95233917236328,159,23.654387348103075,0.020134737005949723,23.354000091552734,19.152000427246094,26.93199920654297,159,19.913898809900825,0.01786707762176055,20.03350067138672,15.35575008392334,23.171250025431316,159,NA,NA,NA,NA,NA,159,2746.4150943396226,3.739690835637591,2746,2393,3288,159,413.7798742138365,0.8893098110621593,396,319,500
Dryopteris heterolaena,heterolaen,12,15.370333194732666,0.14582880577069451,15.853489875793457,12.737176895141602,17.03717613220215,12,29.530062198638916,0.14892609981719176,30.085874557495117,26.739749908447266,31.208749771118164,12,21.876750151316326,0.13878239011936616,21.6607084274292,20.01241683959961,24.173166910807293,12,NA,NA,NA,NA,NA,12,1284,7.105802153340906,1267,1197,1405,12,191.33333333333334,2.180704331281841,196.5,154.3,212.8
Dryopteris hondoensis,hondoensis,2551,13.854069688468758,6.206480674815472e-4,14.165364265441895,11.689885139465332,15.641486167907715,2551,29.065840159243855,5.395184153169112e-4,29.173370361328125,27.191999435424805,30.56730842590332,2551,21.537209142193706,7.475863558041101e-4,21.90825017293294,19.090916951497395,23.57265345255534,2551,NA,NA,NA,NA,NA,2551,1771.417875343003,0.12948955751575372,1740,1363,2223,2551,235.03096824774607,0.022221972384502325,222,177,307
Dryopteris huberi,huberi,63,24.90101214817592,0.030760853483045147,25.65986442565918,23.513635635375977,26.255290985107422,63,32.41152400062198,0.029353124291153308,32.18825149536133,31.364999771118164,34.5099983215332,63,24.648630838545543,0.02456925329553148,25.167666753133137,22.970083236694336,26.06475067138672,63,NA,NA,NA,NA,NA,63,1806.857142857143,7.490069801395905,1859,1188,2508,63,292.3650793650794,1.2661053004174778,278,212.39999999999998,408
Dryopteris inaequalis,inaequa401,714,17.219849145712974,0.003884888855545449,17.176563262939453,13.839683246612548,20.42824935913086,714,26.122225956422607,0.0037739770873119636,25.9086856842041,22.9950008392334,29.562000274658203,714,18.989660699828335,0.003994382106969874,19.196749369303387,14.851999950408935,22.151166915893555,714,NA,NA,NA,NA,NA,714,1065.515406162466,0.72052755468262,937.5,586,1594,714,170.6820728291318,0.1262385797890414,151,69,298
Dryopteris inaequalis,inaequa632,714,17.219849145712974,0.003884888855545449,17.176563262939453,13.839683246612548,20.42824935913086,714,26.122225956422607,0.0037739770873119636,25.9086856842041,22.9950008392334,29.562000274658203,714,18.989660699828335,0.003994382106969874,19.196749369303387,14.851999950408935,22.151166915893555,714,NA,NA,NA,NA,NA,714,1065.515406162466,0.72052755468262,937.5,586,1594,714,170.6820728291318,0.1262385797890414,151,69,298
Dryopteris indusiata,indusiata,291,14.912660126833572,0.0058144264037911925,15.052010536193848,12.370979309082031,16.471765518188477,291,28.197726416833625,0.006197689530954305,28.656999588012695,26.125925064086914,29.77321434020996,291,22.003690926070067,0.0060614336417912345,22.323749542236328,20.340499877929688,23.614399592081707,291,NA,NA,NA,NA,NA,291,2375.20618556701,1.603128232380063,2192,2011,3133,291,331.8694158075602,0.3521985617021595,308,238,462
Dryopteris insularis var. insularis,insularis,3,22.85416603088379,0,22.85416603088379,22.85416603088379,22.85416603088379,3,29.009090423583984,0,29.009090423583984,29.009090423583984,29.009090423583984,3,23.912121454874676,0,23.912121454874676,23.912121454874676,23.912121454874676,3,NA,NA,NA,NA,NA,3,1270,0,1270,1270,1270,3,146.66666666666666,2.2194427061597977,145,141.8,152.2
Dryopteris integriloba,integrilob,117,19.00926218277369,0.023209679105364287,18.03665542602539,16.400563049316407,23.144826889038086,117,27.47366005335099,0.02766531375041864,25.92675018310547,23.48654975891113,32.39929885864258,117,23.0706179692195,0.02238744828130056,21.689666748046875,19.496183141072592,27.391549809773764,117,NA,NA,NA,NA,NA,117,2306.923076923076,4.750164068235796,2510,1447,2746,117,346.8888888888889,0.8171016455022887,361,220.20000000000002,429
Dryopteris intermedia,intermedia,20417,8.174276582868059,1.7612550907696278e-4,7.407249927520752,4.469822883605957,12.49812507629396,20417,26.143110785946956,1.0118133709299999e-4,26.162250518798828,23.637250900268555,28.848249435424805,20417,15.382064290790996,2.2606470047112544e-4,16.015499114990234,8.10637092590332,20.482250213623047,20417,1e-5,0,1e-5,1e-5,1e-5,20417,1117.319390703824,0.011557555158417245,1101,851,1346,20417,116.81010922270724,0.0015066722242610912,110,96,148
Dryopteris juxtaposita,juxtaposit,21,7.692855664661953,0.2627550848156722,4.994906425476074,1.913895845413208,14.060312271118164,21,18.665392875671387,0.24270014176058322,16.276750564575195,12.955499649047852,25.745750427246094,21,13.67472607748849,0.20974078893008985,11.596333503723145,8.7736663818359375,18.834916432698567,21,NA,NA,NA,NA,NA,21,955.4285714285714,12.442134283930494,896,720,1350,21,173.57142857142858,3.501168299619585,154,120,289
Dryopteris karwinskyana,karwinskya,216,22.064785175853306,0.014683625935350084,22.641630172729492,15.919750213623047,25.338239669799805,216,30.536064598295425,0.013014297261680496,31.52212429046631,25.952499389648438,33.657501220703125,216,22.59173755292539,0.01353488777802445,23.214249928792317,16.87266667683919,25.72681935628255,216,NA,NA,NA,NA,NA,216,1428.222222222222,2.140966979100228,1391,972,1926,216,269.0277777777777,0.3198194682462738,268.5,188,362
Dryopteris kawakamii,kawakamii,168,14.661422048296249,0.018529605501907256,15.301187515258789,11.466760635375977,17.968822479248047,168,23.954328264508927,0.025990997445261416,24.576624870300293,18.790250778198242,30.102506637573242,168,19.52133958112626,0.02121984141362827,20.289000193277996,14.769833246866861,23.635833104451496,168,NA,NA,NA,NA,NA,168,2436.642857142857,4.81894736879771,2744,1049,3133,168,338,0.5932380141215118,382,177,453.50000000000006
Dryopteris kilemensis,kilemen489,187,17.342513670895826,0.014545806794119253,17.364208221435547,14.360968589782715,20.879072189331055,187,24.52272448820226,0.015688570909134284,24.2502498626709,21.259000778198242,28.339500427246094,187,18.051607820439468,0.015441783332245985,18.067000071207683,15.34250005086263,21.37216631571452,187,NA,NA,NA,NA,NA,187,1454.192513368984,2.2221076129926325,1412,936,1839,187,218.77005347593587,0.33506228466800686,211,146.60000000000002,303.6
Dryopteris kilemensis,kilemen505,187,17.342513670895826,0.014545806794119253,17.364208221435547,14.360968589782715,20.879072189331055,187,24.52272448820226,0.015688570909134284,24.2502498626709,21.259000778198242,28.339500427246094,187,18.051607820439468,0.015441783332245985,18.067000071207683,15.34250005086263,21.37216631571452,187,NA,NA,NA,NA,NA,187,1454.192513368984,2.2221076129926325,1412,936,1839,187,218.77005347593587,0.33506228466800686,211,146.60000000000002,303.6
Dryopteris kinkiensis,kinkiensis,351,14.977020671225,0.004859184943609793,14.831791877746582,13.356541633605957,16.16678810119629,351,29.997925978440506,0.0040068571668765976,30.02199935913086,28.401893615722656,31.740249633789062,351,22.54571089241919,0.00535443629109708,22.767166137695312,20.78416633605957,24.054083506266277,351,NA,NA,NA,NA,NA,351,1773.8888888888885,0.9735739168783483,1678,1381,2226,351,245.920227920228,0.17244620562816151,231,185,310
Dryopteris knoblochii,knoblochii,72,16.86321798960368,0.029601021952011877,15.986677169799805,15.729166984558105,20.90364646911621,72,32.54781198501587,0.028701042478091243,31.97825050354004,30.35650062561035,34.78424835205078,72,22.324600802527534,0.0277840087306435,21.655249913533527,20.322416305541992,24.427499771118164,72,NA,NA,NA,NA,NA,72,901.5416666666667,2.1271180611795657,951,669,1008,72,189.375,0.8942960706527072,214.5,116,270
Dryopteris koidsumiana,koidsumian,81,20.688345944439924,0.026346808025432173,21.752283096313477,16.228391647338867,22.1298770904541,81,29.88583571822555,0.01228839622288099,30.02627944946289,29.056522369384766,30.58504295349121,81,23.76965751176999,0.02111950256801438,23.146875381469727,21.884527842203777,25.703388214111328,81,NA,NA,NA,NA,NA,81,2348.5555555555557,3.8081016884722856,2158,2116,2916,81,280.74074074074076,0.8602439940954529,248,228,377
Dryopteris komarovii,komarovii,141,7.228081161909284,0.03826189953932302,9.548906326293945,-1.157479166984558,11.54586410522461,141,18.10238322805851,0.02609095994302416,18.790250778198242,14.032999992370605,20.882999420166016,141,12.871069089740725,0.02469996290197843,14.578666687011719,7.513083299001058,15.94558302561442,141,NA,NA,NA,NA,NA,141,1870.3404255319128,9.485837810379827,1049,390,3335,141,270.1276595744681,1.2777870302992933,175,60,462
Dryopteris labordei,labordei,183,17.25963389287229,0.012289625564041451,18.307239532470703,12.957062721252441,19.82783317565918,183,26.582626624185526,0.014001948054634764,26.93199920654297,23.079750061035156,29.383249282836914,183,22.063748625458267,0.011579840390054816,23.171250025431316,18.9163335164388,23.90624936421712,183,NA,NA,NA,NA,NA,183,2523.852459016393,3.865268051751772,2998,1366,2998,183,362.97267759562845,0.6542539187772081,383,198.8,433
Dryopteris lacera,lacera,6443,12.492408162926212,2.964464440927912e-4,12.633989334106445,10.069427490234375,15.074130058288574,6443,28.171368184045992,2.4123165570276225e-4,28.463499069213867,26.277000427246094,30.04172019958496,6443,21.266824930920173,3.071549642765923e-4,21.57058334350586,18.697750091552734,23.385627110799152,6443,NA,NA,NA,NA,NA,6443,1653.1295980133423,0.05990702151434003,1596,1233,2171.4000000000005,6443,234.71302188421575,0.00969214117468233,225,161,309
Dryopteris lepidopoda,lepidopoda,338,13.059811223188099,0.011679134382846453,12.39567756652832,9.163687705993652,17.332229614257812,338,20.576281581404647,0.009299714415048016,19.37299919128418,17.253250122070312,24.680500030517578,338,16.898288721163595,0.010090431975150891,15.651416460673014,14.080499966939291,21.686415990193684,338,NA,NA,NA,NA,NA,338,2746.221893491124,2.3327157334383912,3084,975,3335,338,441.3579881656804,0.4443839646262199,447,175,641
Dryopteris lewalleana,lewalle500,153,18.22827387791054,0.020018745662809864,18.67885398864746,14.511062622070312,22.33047866821289,153,27.161808948890837,0.016654835815521834,27.47425079345703,24.421499252319336,29.385000228881836,153,20.685834859710894,0.018108811650791517,20.30583318074544,17.6252498626709,23.548916498819988,153,NA,NA,NA,NA,NA,153,926.5882352941177,1.3254392420782057,929,671,1121,153,155.10457516339866,0.31109973171134103,152,94,225.80000000000007
Dryopteris lewalleana,lewalle501,153,18.22827387791054,0.020018745662809864,18.67885398864746,14.511062622070312,22.33047866821289,153,27.161808948890837,0.016654835815521834,27.47425079345703,24.421499252319336,29.385000228881836,153,20.685834859710894,0.018108811650791517,20.30583318074544,17.6252498626709,23.548916498819988,153,NA,NA,NA,NA,NA,153,926.5882352941177,1.3254392420782057,929,671,1121,153,155.10457516339866,0.31109973171134103,152,94,225.80000000000007
Dryopteris lewalleana,lewalle637,153,18.22827387791054,0.020018745662809864,18.67885398864746,14.511062622070312,22.33047866821289,153,27.161808948890837,0.016654835815521834,27.47425079345703,24.421499252319336,29.385000228881836,153,20.685834859710894,0.018108811650791517,20.30583318074544,17.6252498626709,23.548916498819988,153,NA,NA,NA,NA,NA,153,926.5882352941177,1.3254392420782057,929,671,1121,153,155.10457516339866,0.31109973171134103,152,94,225.80000000000007
Dryopteris ludoviciana,ludovician,1188,19.8356517452985,0.0014547682952366847,20.19192123413086,17.54114532470703,21.873125076293945,1188,32.83043160422483,4.1395564190257e-4,32.90125274658203,32.205142974853516,33.34035110473633,1188,24.65192357137147,0.003620725269095943,26.67312479019165,16.935333251953125,27.235416412353516,1188,NA,NA,NA,NA,NA,1188,1352.8451178451178,0.094615344653691,1320,1240,1540.1999999999998,1188,166.86531986531983,0.019720695449162013,169,136,198
Dryopteris lunanensis,lunanensis,164,21.55029138123117,0.019080713808060194,22.63473892211914,16.526302337646484,25.123323440551758,164,28.003298817611324,0.021018664260970713,28.074249267578125,24.300500869750977,31.475000381469727,164,21.858888754030552,0.018600187941053926,22.427500089009605,18.341833750406902,25.53416697184245,164,NA,NA,NA,NA,NA,164,2744.6524390243903,3.4250682666946535,2694,2163,3448,164,360.1219512195122,0.40778788893895135,366,271,427
Dryopteris maderensis,maderensis,20286,8.07232477434498,1.658186543786162e-4,7.402552127838135,4.469822883605957,12.325812339782715,20286,26.12414699436166,1.0058451974686478e-4,26.154693603515625,23.637375831604004,28.818249702453613,20286,15.327500803353297,2.2541825619821698e-4,15.958624839782715,8.096402168273926,20.373998641967773,20286,1e-5,0,1e-5,1e-5,1e-5,20286,1107.0392881790372,0.009608404794879472,1098,851,1342,20286,115.36567090604267,0.0011961471146377189,109,96,142
Dryopteris manniana,mannian510,231,20.74535172945493,0.012280403005793417,21.38776969909668,16.27170753479004,24.0692081451416,231,28.301045628337118,0.01510468628236152,28.16550064086914,23.165000915527344,33.52375030517578,231,21.31088266744242,0.010270483146586618,21.76241620381673,17.08566665649414,23.794082641601562,231,NA,NA,NA,NA,NA,231,1664.8051948051952,2.2327657250726,1594,994,2393,231,272.47619047619054,0.3505830754217457,274,171,395
Dryopteris marginalis,marginalis,41307,8.853548959550949,7.112094445439374e-5,8.58956241607666,5.332062721252441,12.90041027069092,41307,27.510725565672576,5.31342697534273e-5,27.363000869750977,24.760499954223633,30.36949920654297,41307,16.140361478282696,8.254975871655787e-5,16.846083005269367,11.092000007629395,20.215750376383465,41307,NA,NA,NA,NA,NA,41307,1087.252160650738,0.004117323201574828,1081,885,1259,41307,104.68702641198841,3.9163956241283413e-4,103,87,122
Dryopteris mauiensis,mauiensis,16,21.361162304878235,0.12312461673837616,22.45948600769043,17.571561813354492,22.71657371520996,16,26.921173453330994,0.11966898381771117,27.76992416381836,23.430749893188477,28.564666748046875,16,20.368605971336365,0.12403489797935884,21.35112953186035,16.480833053588867,21.700563430786133,16,NA,NA,NA,NA,NA,16,1657.75,40.598558702865304,1438,1012,2857,16,206.25,4.080026296892378,197,144,313.5
Dryopteris maximowiczii,maximowicz,747,8.877894178451783,0.003303423838609358,8.894749641418457,5.378356170654298,12.285112953186028,747,25.270619465165353,0.0027659084099075824,25.27775001525879,22.112749099731445,27.662500381469727,747,18.43618623639047,0.0028782754424446972,18.20216719309489,15.797916412353516,21.286632919311522,747,NA,NA,NA,NA,NA,747,1646.4859437751006,0.2834059836898424,1653,1392.2,1963,747,234.87282463186077,0.04997765719527478,232,186,284.4
Dryopteris maxonii,maxonii,322,19.250518058397756,0.011292515783635333,19.40263557434082,12.88992691040039,24.024200439453125,322,29.701954361814888,0.011932708010179807,30.79224967956543,23.426000595092773,33.56549835205078,322,20.42292286890634,0.011661381965654158,20.678916295369465,13.770166714986166,25.030821482340496,322,NA,NA,NA,NA,NA,322,1175.3354037267077,1.193817224807585,1113,912,1602,322,228.54968944099375,0.17565918003408956,220,180,296.80000000000007
Dryopteris medioxima,medioxima,1779,14.89833933962671,9.346419766361315e-4,14.913856506347656,13.019312858581543,16.44729232788086,1779,29.404144365376073,8.289129294834207e-4,29.271249771118164,27.859028625488282,31.093719482421875,1779,22.451630104519534,8.678726837152273e-4,22.649250030517578,20.156295013427737,24.165555953979492,1779,NA,NA,NA,NA,NA,1779,1892.2085441259148,0.20542046581208695,1911,1406.4,2296,1779,285.2889263631251,0.03937829029353303,285,200,359.20000000000005
Dryopteris melanocarpa,melanocarp,111,15.319327947255728,0.02009260442661888,15.538140296936035,12.308271408081055,17.968822479248047,111,23.970738385174727,0.028934132696610628,23.31624984741211,19.152000427246094,28.35743522644043,111,20.081778345881283,0.023407737813542967,19.875,15.702249844868978,23.049118677775066,111,NA,NA,NA,NA,NA,111,2740.459459459459,4.389243248253303,2667,2243,3808,111,420.27927927927925,1.326760239005068,391,299,547
Dryopteris monticola,monticola,2995,9.101553250831829,7.647738602007425e-4,9.125192642211914,6.0543437004089355,12.143729209899902,2995,26.028711535496793,6.796682965962841e-4,26.089500427246094,23.35300064086914,28.60675048828125,2995,19.090378598577793,7.977892469540436e-4,19.40391667683919,15.563410123189291,21.9209348042806,2995,1e-4,0,1e-4,1e-4,1e-4,2995,1529.649749582638,0.0975249285823077,1474,1188.2000000000003,1941,2995,195.49883138564306,0.016294370784788497,181,142,268
Dryopteris munchii,munchii,9,17.10544776916504,0.4255971908569336,14.551864624023438,14.551864624023438,22.212614059448242,9,25.96991729736328,0.4512777328491211,23.262250900268555,23.262250900268555,31.385250091552734,9,18.42708354526096,0.42730552178842046,15.863250414530436,15.863250414530436,23.554749806722004,9,NA,NA,NA,NA,NA,9,1433.6666666666667,50.94444444444445,1128,1128,2045,9,239.77777777777777,7.087150992512587,224,168,319.19999999999993
Dryopteris namegatae,namegatae,270,12.952123588985867,0.005526383164774396,13.125520706176758,10.983243370056153,14.725761890411375,270,27.569394874572755,0.009248371950438717,28.003875732421875,25.982074546813966,29.681263732910157,270,20.95964395734999,0.00802270494306352,21.34833335876465,18.73311653137207,23.015058008829754,270,NA,NA,NA,NA,NA,270,2130.2444444444445,1.7095873518794031,2110.5,1600.7,2780.4,270,303.18518518518516,0.36162966617576975,287,201.9,458.29999999999995
Dryopteris neolacera,neolacera,92,11.95159913664279,0.03627904033066906,12.444770812988281,7.275374889373779,15.668802261352539,92,27.13111576826676,0.0440087608225238,27.572250366210938,21.85449981689453,31.6820011138916,92,20.876851537953254,0.03983469582706792,21.260250091552734,16.005249977111816,24.944834391276043,92,NA,NA,NA,NA,NA,92,923.4891304347826,2.8386808653769378,840,667,1212,92,146.60869565217394,0.3934945491138782,142.5,111,191
Dryopteris nodosa,nodosa,426,19.129121965085947,0.010532350505070703,19.4126615524292,12.787562370300293,24.966894149780273,426,25.63393188530291,0.009627549236581016,26.44405746459961,19.152000427246094,30.58275032043457,426,20.637295136429334,0.008615316249787156,20.99120044708252,15.32699998219808,24.871874809265137,426,NA,NA,NA,NA,NA,426,2651.2089201877934,1.535956966616568,2708.5,1822,3386,426,338.4319248826291,0.23392081033386822,322,215,459.5
Dryopteris nubigena,nubigena,87,14.968897983945649,0.03499782944529364,13.36803150177002,11.864176750183105,17.667967224121096,87,22.529422233844624,0.04742644760162107,21.276750564575195,17.609249114990234,27.00724983215332,87,15.429045940267628,0.03607824850109363,14.00808334350586,12.013666470845541,18.331516774495444,87,NA,NA,NA,NA,NA,87,2101.8275862068967,6.459529487151474,1760,1481,2734.000000000001,87,335.5402298850575,0.7914490696604037,342,249,417
Dryopteris occidentalis,occiden458,3,23.317874908447266,0,23.317874908447266,23.317874908447266,23.317874908447266,3,33.52375030517578,0,33.52375030517578,33.52375030517578,33.52375030517578,3,22.518416086832683,0,22.518416086832683,22.518416086832683,22.518416086832683,3,NA,NA,NA,NA,NA,3,1962,0,1962,1962,1962,3,315,12.87547194388531,323,283,343.79999999999995
Dryopteris odontoloma,odontoloma,19,12.620956696962056,0.27165981140479234,14.869114875793457,2.156177043914795,18.481386184692383,19,24.97942106347335,0.32831084405042804,25.36750030517578,13.76550006866455,31.542749404907227,19,16.442789504402562,0.26617326462453317,16.62441635131836,8.990749994913736,22.709749857584637,19,NA,NA,NA,NA,NA,19,1221.6315789473683,25.625539416741827,1033,818,2187,19,223.8421052631579,9.049354485682343,169,128,372.59999999999974
Dryopteris oligodonta,oligodo640,1058,17.12649621584916,0.0010072579271732192,17.294851303100586,16.228235244750977,18.25275230407715,1058,25.018418405817684,0.0011146100783540266,24.843677520751953,23.053298950195312,26.006790161132812,1058,15.044752171900411,0.001396126132284849,15.656513214111328,13.24543825785319,16.55925973256429,1058,0,0,0,0,0,1058,353.953686200378,0.04328193448635762,371,293,414,1058,59.49149338374294,0.009427460944664054,60,46,72
Dryopteris oligodonta,oligodonta,1058,17.12649621584916,0.0010072579271732192,17.294851303100586,16.228235244750977,18.25275230407715,1058,25.018418405817684,0.0011146100783540266,24.843677520751953,23.053298950195312,26.006790161132812,1058,15.044752171900411,0.001396126132284849,15.656513214111328,13.24543825785319,16.55925973256429,1058,0,0,0,0,0,1058,353.953686200378,0.04328193448635762,371,293,414,1058,59.49149338374294,0.009427460944664054,60,46,72
Dryopteris oreades,oreades,5218,7.671345647888512,4.3389860510807156e-4,7.73228120803833,4.747218608856201,10.309395790100098,5218,20.580120087583722,6.369481065422217e-4,21.16724967956543,16.0245361328125,24.320249557495117,5218,9.103747910948815,2.8109661963947194e-4,9.056583404541016,7.462666670481364,10.588916778564453,5218,3.437500000000001e-6,9.24796290599491e-10,0,0,1e-5,5218,1242.4375239555395,0.08652690166674351,1151,737,1958,5218,122.854733614412,0.009158596371679694,110,77,204
Dryopteris pacifica,pacifica,4314,14.582035309305667,4.106071825788594e-4,14.682035446166992,12.534802436828613,16.12851905822754,4314,29.1712388629763,2.9383238244643146e-4,29.263845443725586,27.628999710083008,30.4685001373291,4314,22.001131662241438,4.021150343545693e-4,22.3025639851888,19.950166702270508,23.825084686279297,4314,NA,NA,NA,NA,NA,4314,1838.4401947148829,0.09005236120591262,1791,1367,2312.800000000001,4314,251.69077422345774,0.01566559763041294,233,182,339
Dryopteris paleolata,paleolata,274,16.425920260213587,0.00805981396521542,16.218156814575195,12.39567756652832,18.95233917236328,274,24.02430532970568,0.009422762224141845,23.57075023651123,19.55299949645996,26.93199920654297,274,20.42510394632381,0.008223472462696009,20.184749603271484,16.101499557495117,22.514110565185547,274,1e-5,NA,1e-5,1e-5,1e-5,274,2718.302919708029,1.2631418057504962,2719,2393,3131.8,274,456.7153284671533,0.3817466559820446,430,390,480
Dryopteris pallida,pallida,1469,14.384192735504506,0.0016358301840585048,14.49794864654541,11.153177261352539,16.988033294677734,1469,28.37420626770809,0.0014176491878355117,28.779380798339844,25.833450317382812,30.513547897338867,1469,9.994778486073951,0.001693894259610322,10.081116358439127,6.3458333015441895,13.305343627929688,1469,0.01,0,0.01,0.01,0.01,1469,761.9884275017015,0.1311928736285253,768,511,939.4000000000001,1469,114.41388699795773,0.027190998640657663,109,68,167
Dryopteris pallida,pallida523,1469,14.384192735504506,0.0016358301840585048,14.49794864654541,11.153177261352539,16.988033294677734,1469,28.37420626770809,0.0014176491878355117,28.779380798339844,25.833450317382812,30.513547897338867,1469,9.994778486073951,0.001693894259610322,10.081116358439127,6.3458333015441895,13.305343627929688,1469,0.01,0,0.01,0.01,0.01,1469,761.9884275017015,0.1311928736285253,768,511,939.4000000000001,1469,114.41388699795773,0.027190998640657663,109,68,167
Dryopteris panda,panda,27,12.49801254272461,0.03581607325330386,13.020291328430176,11.281141853332521,13.473355865478517,27,23.273500230577255,0.08582765673453363,22.367000579833984,20.812999725341797,26.54144973754883,27,18.77037959628635,0.07055782029833733,18.045832951863606,16.81041653951009,21.481917063395187,27,NA,NA,NA,NA,NA,27,915,3.3060612747290956,877,851,1063.4,27,155.37037037037038,1.69828036059891,143,111,207.40000000000003
Dryopteris patula,patula,1324,20.164447111665666,0.0030373475682713112,20.61821937561035,14.762197494506836,25.330387115478516,1324,28.022907888781262,0.003165122772853973,28.67275047302246,21.97800064086914,33.05263137817383,1324,20.86916267367648,0.002888921192088429,21.663416544596355,15.752249717712402,25.406084060668945,1324,NA,NA,NA,NA,NA,1324,1711.7114803625325,0.5507446680873107,1571,908,2870,1324,269.0906344410881,0.07137427913882659,254,157,393.70000000000005
Dryopteris pentheri,penther400,219,16.923100719713183,0.013149966465351269,16.516206741333008,13.678021430969238,20.658056259155273,219,25.728528523553997,0.011155587235858529,25.601749420166016,22.82175064086914,28.074349975585946,219,19.329794208753054,0.010390138110179246,19.130749702453613,17.066525077819826,21.973400115966797,219,NA,NA,NA,NA,NA,219,1198.24200913242,2.767981352661588,963,725.5999999999999,2011,219,200.56164383561645,0.445586147628996,165,109.80000000000001,360
Dryopteris pentheri,penther636,219,16.923100719713183,0.013149966465351269,16.516206741333008,13.678021430969238,20.658056259155273,219,25.728528523553997,0.011155587235858529,25.601749420166016,22.82175064086914,28.074349975585946,219,19.329794208753054,0.010390138110179246,19.130749702453613,17.066525077819826,21.973400115966797,219,NA,NA,NA,NA,NA,219,1198.24200913242,2.767981352661588,963,725.5999999999999,2011,219,200.56164383561645,0.445586147628996,165,109.80000000000001,360
Dryopteris pentheri,pentheri,219,16.923100719713183,0.013149966465351269,16.516206741333008,13.678021430969238,20.658056259155273,219,25.728528523553997,0.011155587235858529,25.601749420166016,22.82175064086914,28.074349975585946,219,19.329794208753054,0.010390138110179246,19.130749702453613,17.066525077819826,21.973400115966797,219,NA,NA,NA,NA,NA,219,1198.24200913242,2.767981352661588,963,725.5999999999999,2011,219,200.56164383561645,0.445586147628996,165,109.80000000000001,360
Dryopteris peranema,peranema,324,14.539353676784184,0.010195516416689018,16.121042251586914,10.65609359741211,17.88899040222168,324,22.056506274658958,0.010028250118385845,22.76675033569336,18.05525016784668,26.305999755859375,324,18.434760084858645,0.010104714042690373,19.78575038909912,14.202499866485596,22.202125549316406,324,NA,NA,NA,NA,NA,324,2682.6728395061727,1.8124567141267378,2868,2393,3288,324,446.7962962962962,0.3617659071594674,447,356.1,602
Dryopteris polita,polita,468,18.947507271399864,0.005299012146744785,18.752880096435547,16.218156814575195,21.184499740600586,468,27.168310116498894,0.00638580466844735,26.93199920654297,23.025249481201172,30.66724967956543,468,22.583183186685936,0.005163771200259987,23.171250025431316,18.9163335164388,24.842166264851887,468,NA,NA,NA,NA,NA,468,2796.474358974359,0.9830651705440656,2998,2259,3129,468,376.87179487179486,0.21130718772763052,373,271,457
Dryopteris polylepis,polylepis,2029,10.080530871893744,0.0011149627641539644,10.262239456176758,6.979281425476074,13.031854629516602,2029,26.146350879396575,9.23510667779148e-4,26.197750091552734,23.737749099731445,28.463499069213867,2029,19.179654774259266,9.480294239035058e-4,19.348833084106445,16.71208318074544,21.57058334350586,2029,NA,NA,NA,NA,NA,2029,1680.934943321834,0.1773619641838041,1653,1266,2154,2029,235.6944307540661,0.030541470104935558,227,168,301
Dryopteris protobissetiana,protobisse,6,15.67643117904663,0.10077373311159094,15.67643117904663,15.124470710754395,16.228391647338867,6,26.72831153869629,0.10998022015985588,26.72831153869629,26.125925064086914,27.330698013305664,6,20.621689478556313,0.09833822316054315,20.621689478556313,20.08306884765625,21.16031010945638,6,NA,NA,NA,NA,NA,6,3180,8.5809867342476025,3180,3133,3227,6,403.8333333333333,14.64749378132908,373,325.5,513
Dryopteris pseudocaenopteris,pseudocaen,226,19.22420853640126,0.020410887677166277,19.09958267211914,13.94069766998291,25.19010353088379,226,26.294805543612586,0.01964572078225436,25.21424961090088,21.16925048828125,32.653499603271484,226,21.016075644872885,0.01468761191066126,20.802499771118164,17.393625259399414,25.650124549865723,226,NA,NA,NA,NA,NA,226,2037.4203539823009,3.421142707444107,2070,1083,3127,226,315.6327433628319,0.5640247987988557,275,186,477
Dryopteris pseudofilix-mas,pseudofili,137,15.431909275751044,0.02940608258020978,14.341197967529297,11.443739891052246,21.6478328704834,137,25.200797352477583,0.03347766284252395,24.000999450683594,20.60824966430664,31.964000701904297,137,16.73130111972781,0.030493335411975526,15.484416643778482,12.50991694132487,22.73700014750163,137,NA,NA,NA,NA,NA,137,1088.9416058394158,3.9090355146277282,984,587,1592,137,196.00729927007302,0.6652899372808518,191,95.2,261.6000000000001
Dryopteris pulcherrima,pulcherrim,116,4.315589157414847,0.034321140283562944,2.917875051498413,0.7439583539962769,11.466760635375977,116,16.943372899088367,0.034093302940729674,15.740875244140625,12.955499649047852,23.185375213623047,116,11.528329791693853,0.033833681447355005,10.382562637329102,8.036250114440918,18.119750022888184,116,NA,NA,NA,NA,NA,116,835.6982758620691,5.754233848278108,683,542,870.5,116,145.47413793103453,0.7105533649069016,127,104,176
Dryopteris pycnopteroides,pycnoptero,27,12.846280839708117,0.08868734669113013,13.415968894958496,9.696272850036621,15.492758369445802,27,25.95607312520345,0.13191207921874532,28.290000915527344,21.395050048828125,29.759111785888674,27,20.276770697699654,0.10660822942248983,21.4858341217041,16.68668327331543,23.815476735432945,27,NA,NA,NA,NA,NA,27,1469.6666666666665,19.78937846021754,1710,899.6,2094.800000000001,27,219.96296296296296,2.3952240801567743,220,167.39999999999998,268.8000000000002
Dryopteris reflexosquamata,reflexosqu,96,11.774571299552917,0.02488957016662822,11.466760635375977,9.163687705993652,14.358718872070312,96,19.301914393901825,0.025986205871650278,18.946500778198242,17.253250122070312,22.76675033569336,96,15.673317621151606,0.025697742837139773,15.03933334350586,14.080499966939291,19.18958346048991,96,NA,NA,NA,NA,NA,96,2886.34375,7.127659268943755,3133,2393,3335,96,432.17708333333337,1.1653432684311296,434,357.5,602
Dryopteris remota,remota,2440,6.985889589668208,0.0017436912524798496,7.841458320617676,3.7487206935882575,10.26840591430664,2440,21.67188171324183,8.88759587315772e-4,21.87325096130371,18.91200065612793,24.34749984741211,2440,12.796195072228791,0.0010309360939245336,13.258333206176758,9.553916613260904,16.109999974568684,2440,NA,NA,NA,NA,NA,2440,1069.4049180327877,0.1291575328194105,1076,778,1375,2440,116.5790983606555,0.016498515456832005,104,79,166
Dryopteris rosea,rosea,477,16.017964225145256,0.0056493195347042625,15.767582893371582,12.559127044677734,19.989822387695312,477,27.29376127135079,0.007239642789106738,26.86949920654297,22.18010025024414,31.943150329589848,477,17.975453020891553,0.006660956665519389,17.5339994430542,13.446875095367432,22.220449638366702,477,NA,NA,NA,NA,NA,477,888.3962264150945,0.6104319999686763,894,500,1214,477,183.7295597484277,0.12654712717029162,189,94,256
Dryopteris rossii,rossii,801,18.39472566502222,0.004064580226007373,17.947250366210938,14.76228141784668,23.25569725036621,801,29.556804406955443,0.003964887034734911,29.341249465942383,25.70599937438965,33.72174835205078,801,19.893449180879248,0.003921580545715183,19.529333750406902,16.605375289916992,24.427499771118164,801,NA,NA,NA,NA,NA,801,1030.7153558052435,0.251709787661864,1064,812,1214,801,215.91635455680398,0.06068089034293433,217,161,268
Dryopteris rosthornii,rosthornii,80,10.596067074127495,0.06375322671033275,11.54586410522461,4.5516280665993705,16.040510177612305,80,23.51142168045044,0.07685721792603872,25.151750564575195,14.813099956512453,30.52924919128418,80,17.742271882295608,0.06955467938671754,19.068416595458984,9.790212631225588,23.92941665649414,80,NA,NA,NA,NA,NA,80,1160.3000000000002,8.38875532966677,955,659.5,2332,80,183.76249999999996,1.2477626238458872,158.5,103.8,387.40000000000003
Dryopteris rubiginosa,rubiginosa,60,18.93164873123169,0.05103994794936843,20.622018814086914,14.522791862487793,22.46445026397705,60,24.85244541168213,0.04761898364703979,25.99787139892578,20.587249755859375,28.35773754119873,60,18.060091924667358,0.0494119156481152,19.38368797302246,13.759250322977701,21.364527702331543,60,NA,NA,NA,NA,NA,60,1680.1,7.302820250822227,1730,1003,2178,60,201.2,0.7759254240282912,205,123.7,253.3
Dryopteris rubrobrunnea,rubrobrunn,3,16.668249130249023,0,16.668249130249023,16.668249130249023,16.668249130249023,3,26.216249465942383,0,26.216249465942383,26.216249465942383,26.216249465942383,3,21.267833709716797,0,21.267833709716797,21.267833709716797,21.267833709716797,3,NA,NA,NA,NA,NA,3,877,0,877,877,877,3,161.66666666666666,6.85025006302149,172,144.8,174.4
Dryopteris ryo-itoana,ryo-itoana,72,14.878115455309551,0.027253294648450294,14.737114906311035,12.085593223571777,18.307239532470703,72,27.070940335591636,0.042286348928301326,28.06902027130127,23.31624984741211,29.337581634521484,72,21.708964493539597,0.031161875269315235,22.405359586079914,19.783000310262043,23.218181610107422,72,NA,NA,NA,NA,NA,72,2390.041666666667,6.243930907183966,2158.5,1981,2998,72,323.7638888888889,0.8371829868680583,308,252.2,408
Dryopteris sabaei,sabaei,4063,10.501922383203972,5.827699512803182e-4,10.693198204040527,7.352531433105469,13.50043773651123,4063,26.843501918397447,4.652880146889519e-4,27.10099983215332,24.422975540161133,29.012500762939453,4063,19.690454968202005,4.861126524244448e-4,19.858750025431316,16.91979153951009,22.012308756510418,4063,NA,NA,NA,NA,NA,4063,1699.6377061284786,0.07834066576553554,1705,1300,2145,4063,213.0654688653697,0.012166356040997174,211,158,279
Dryopteris sacrosancta,sacrosanct,3494,13.679413380319888,5.380292319813651e-4,13.967010498046875,11.146718978881836,15.872407817840577,3494,28.797328892747682,3.9590570102687186e-4,28.975844383239746,26.91925048828125,30.325332641601562,3494,22.35664188350073,4.0669321502921597e-4,22.73393376668294,20.357166926066082,23.780916849772137,3494,NA,NA,NA,NA,NA,3494,1762.0065827132237,0.1117906257736619,1741,1288,2254,3494,259.82655981682865,0.018390188002135516,255,188,333
Dryopteris saffordii,saffordii,27,12.251708189646402,0.22115654043259136,10.612041473388672,6.112641525268555,19.601916503906274,27,19.657055854797363,0.19925987246431365,19.15625,14.011250305175782,26.08255043029787,27,12.784648135856346,0.21177326049458375,11.398500124613443,7.2720165570576984,19.810649871826193,27,NA,NA,NA,NA,NA,27,999.3333333333333,12.95691352536669,985,598.2,1504.400000000001,27,143.55555555555554,1.3742277785241495,141,103.6,199.8
Dryopteris sandwicensis,sandwicens,108,19.705808904435898,0.022335461848637418,20.622018814086914,14.522791862487793,22.45948600769043,108,25.610646724700928,0.022244974090849603,26.410056114196777,20.587249755859375,28.564666748046875,108,18.990734550688,0.02268907465473788,20.283639272054035,13.759250322977701,21.485111236572266,108,NA,NA,NA,NA,NA,108,1437.8333333333335,4.508616685668852,1441,1003,1896,108,180.14814814814815,0.5123420878496513,191,105,243
Dryopteris saxifraga,saxifraga,2645,10.328848878332263,8.521506470466763e-4,10.584156036376953,7.351125240325928,13.24316692352295,2645,26.66723391888047,7.227821762145691e-4,26.934499740600586,24.065750122070312,28.87055015563965,2645,19.990926534151534,8.661505096508699e-4,19.97824986775716,17.105749766031902,23.076499938964844,2645,NA,NA,NA,NA,NA,2645,1520.3183364839315,0.11290289293559516,1433,1209,1961.7999999999997,2645,211.3724007561436,0.020097069726323434,204,154,283
Dryopteris saxifragivaria,saxifragiv,249,10.750644321901255,0.007708759161510778,10.668916702270508,8.76260757446289,13.280219078063965,249,26.871331134474424,0.006407744450000347,27.10099983215332,24.74507713317871,28.5674991607666,249,19.72576497932036,0.007330789259023823,19.641083399454754,17.314516067504883,22.23300043741862,249,NA,NA,NA,NA,NA,249,1452.1686746987953,1.2743993336386874,1343,1161,1799,249,194.9718875502008,0.23771435767088178,175,148,264.4000000000001
Dryopteris schimperiana,schimpe405,60,17.02644920349121,0.04097027518044354,16.591161727905273,14.595121765136719,19.33317413330078,60,25.42577381134033,0.04782165752362965,24.859750747680664,22.85287570953369,29.59947261810303,60,16.94592399597168,0.04018627474799179,17.06475003560384,13.975166320800781,19.136900202433267,60,NA,NA,NA,NA,NA,60,1146.4500000000003,6.41489587789964,1130,630.9,1661.3000000000002,60,197.08333333333331,1.1427133091210744,208.5,124.7,274
Dryopteris schimperiana,schimpe527,60,17.02644920349121,0.04097027518044354,16.591161727905273,14.595121765136719,19.33317413330078,60,25.42577381134033,0.04782165752362965,24.859750747680664,22.85287570953369,29.59947261810303,60,16.94592399597168,0.04018627474799179,17.06475003560384,13.975166320800781,19.136900202433267,60,NA,NA,NA,NA,NA,60,1146.4500000000003,6.41489587789964,1130,630.9,1661.3000000000002,60,197.08333333333331,1.1427133091210744,208.5,124.7,274
Dryopteris schimperiana,schimpe639,60,17.02644920349121,0.04097027518044354,16.591161727905273,14.595121765136719,19.33317413330078,60,25.42577381134033,0.04782165752362965,24.859750747680664,22.85287570953369,29.59947261810303,60,16.94592399597168,0.04018627474799179,17.06475003560384,13.975166320800781,19.136900202433267,60,NA,NA,NA,NA,NA,60,1146.4500000000003,6.41489587789964,1130,630.9,1661.3000000000002,60,197.08333333333331,1.1427133091210744,208.5,124.7,274
Dryopteris schnellii,schnell455,22,18.450678955424916,0.1350956123355851,17.852468490600586,14.199420452117922,22.84497241973877,22,28.776623899286445,0.14023341772112394,28.74449920654297,25.257674789428712,33.14040107727051,22,16.467273343693126,0.25435436217168567,19.35766665140788,10.391099822521209,23.59160029093425,22,NA,NA,NA,NA,NA,22,1287.409090909091,12.969924486394829,1169,947.1999999999999,1794.000000000001,22,171.5,2.267689221162821,161.5,109,236.20000000000002
Dryopteris scottii,scottii,582,17.062791735855576,0.0038405855967916245,16.671125411987305,14.358718872070312,20.399635314941406,582,25.065037039137373,0.0059014779582031406,23.9375,21.858749389648438,30.753999710083008,582,20.956253808798248,0.004351587159762754,19.875,17.9391663869222,24.66124979654948,582,NA,NA,NA,NA,NA,582,2418.226804123711,0.833032145921163,2465,1583,2946,582,398.76632302405494,0.18888336022400587,401,246,480
Dryopteris setosa,setosa,10133,10.2172874588748,4.107259089527949e-4,10.717812538146973,4.912562370300293,14.521801948547367,10133,26.692102486838134,2.557702308748965e-4,27.086999893188477,23.017749786376953,29.632307052612305,10133,20.31384740680014,2.842883038515556e-4,20.64941660563151,16.389874744415284,23.869075202941907,10133,9.893491124260356e-5,9.619099016747579e-10,1e-4,1e-4,1e-4,10133,1491.233297147945,0.04053539290082979,1426,1078.2,2015,10133,221.39336820290103,0.006454127574926429,216,144,302
Dryopteris shibipedis,shibipedis,3,15.78848934173584,0,15.78848934173584,15.78848934173584,15.78848934173584,3,29.97599983215332,0,29.97599983215332,29.97599983215332,29.97599983215332,3,21.99441655476888,0,21.99441655476888,21.99441655476888,21.99441655476888,3,NA,NA,NA,NA,NA,3,2322,0,2322,2322,2322,3,348.6666666666667,32.63490519424006,384,267.2,416
Dryopteris shikokiana,shikokiana,225,14.46339848836263,0.00509177931400495,14.576836585998535,12.760333061218262,15.786645889282227,225,28.330273412068685,0.004820456764182919,28.08333396911621,26.81800079345703,29.66575813293457,225,22.27487719217936,0.004283109118376851,22.41379674275716,21.040367126464844,23.57265345255534,225,NA,NA,NA,NA,NA,225,2253.5866666666666,1.4901926464242092,2223,1950,2682,225,322.90222222222224,0.35900802102638,309,241.4,462
Dryopteris shiroumensis,shiroumens,52,6.968001251037304,0.04124106706750641,7.285416603088379,4.141561365127564,9.092052459716797,52,24.558377449329083,0.04034986961876801,24.897249221801758,22.044125747680663,26.738250732421875,52,17.803327101927536,0.03419267757644237,18.012583414713543,15.792333507537842,19.813000361124676,52,NA,NA,NA,NA,NA,52,1774.0192307692307,2.3508332114948995,1806,1637.2,1953.3999999999999,52,222.40384615384616,0.6857327682058352,210,188.1,273
Dryopteris sieboldii,sieboldii,550,15.144463953538372,0.0028233018813948484,15.134854316711426,13.386771202087402,16.71663475036621,550,29.225622471896084,0.00301258345736104,29.263845443725586,27.327800559997563,30.883499145507812,550,22.512697591781617,0.0031394165563937994,22.832500457763672,20.704500198364258,24.09499994913737,550,NA,NA,NA,NA,NA,550,2135.5799999999995,0.727712046397552,2099,1642,2665,550,314.7109090909091,0.1643199468489962,308,206,461
Dryopteris simasakii var. simasakii,simasakii,90,14.243949731191,0.011664745405852613,14.726312637329102,12.83957576751709,15.061538028717042,90,29.742825826009113,0.015889833345017586,29.4246244430542,28.054706573486328,31.379499435424805,90,22.627047623528373,0.011222018084580721,22.779624621073403,21.37955493927002,23.71625010172526,90,NA,NA,NA,NA,NA,90,2114.4333333333334,1.7108006349646259,2086.5,1984,2298.4,90,287.0444444444444,0.36707657302289237,285,252.70000000000002,325
Dryopteris sinofibrillosa,sinofibril,116,4.315589157414847,0.034321140283562944,2.917875051498413,0.7439583539962769,11.466760635375977,116,16.943372899088367,0.034093302940729674,15.740875244140625,12.955499649047852,23.185375213623047,116,11.528329791693853,0.033833681447355005,10.382562637329102,8.036250114440918,18.119750022888184,116,NA,NA,NA,NA,NA,116,835.6982758620691,5.754233848278108,683,542,870.5,116,145.47413793103453,0.7105533649069016,127,104,176
Dryopteris sordidipes,sordidipes,1206,19.964026856778272,0.0021466549635484992,20.646467208862305,15.757437705993652,22.933372497558594,1206,28.941545889745306,0.001789120586588035,29.81800079345703,26.125925064086914,30.8245906829834,1206,23.77474807071844,0.0018414736921058157,23.942416508992512,20.677707036336262,26.24277114868164,1206,NA,NA,NA,NA,NA,1206,2596.243781094528,0.33043591663085975,2518,2108,3105,1206,346.9859038142619,0.08646023472059508,331,237,471
Dryopteris sororia,sororia,9,21.30441665649414,0,21.30441665649414,21.30441665649414,21.30441665649414,9,28.150249481201172,0,28.150249481201172,28.150249481201172,28.150249481201172,9,22.21566645304362,0,22.21566645304362,22.21566645304362,22.21566645304362,9,NA,NA,NA,NA,NA,9,3768,0,3768,3768,3768,9,523.3333333333334,6.358381267718932,494,477,599
Dryopteris sparsa,sparsa,2713,16.698792495896274,0.0010940231667514958,15.824666023254395,13.959354400634766,20.931156158447266,2713,28.546232957484943,9.495808641475372e-4,29.21274185180664,25.54974937438965,30.66724967956543,2713,22.566675993950657,7.737438919126848e-4,22.832500457763672,20.08306884765625,24.871512095133465,2713,0.01667,0,0.01667,0.01667,0.01667,2713,2299.752303722819,0.19010373093835167,2254,1679,3056,2713,321.68927386656816,0.0340165826638292,310,220,442
Dryopteris squamifera,squamifera,60,4.999168278276921,0.060419243480972176,4.119348883628845,1.0908697843551638,9.163687705993652,60,16.181550168991087,0.028627792157221967,16.210500717163086,14.348150157928467,18.25295066833496,60,11.06853744983673,0.03431414656829463,11.140624841054281,8.983291689554852,13.735716629028321,60,NA,NA,NA,NA,NA,60,1471.55,21.036448376822893,707.5,551,3387,60,221.1833333333333,2.6354859464405718,129,99,461.1
Dryopteris squamiseta,squamis504,148,15.379167350562843,0.028639488282117,15.37932300567627,10.65609359741211,21.448880577087408,148,22.570874394597233,0.02859976042266528,23.079750061035156,17.253250122070312,28.32164936065674,148,17.785231409846126,0.025097190785092857,18.677000045776367,13.425999959309896,22.704245440165202,148,NA,NA,NA,NA,NA,148,2283.216216216216,5.743492664113469,2531,1105.1,3288,148,349.8513513513514,0.8676506877401748,358,193,500
Dryopteris stenolepis,stenolepis,57,11.73390501423886,0.10917528961732544,11.54586410522461,4.076954269409182,21.32323532104492,57,21.2212633835642,0.09250296602529444,19.152000427246094,15.699249649047854,28.927950668334958,57,16.79333332128692,0.08637498261190772,15.94558302561442,11.11471659342448,24.7709836324056,57,NA,NA,NA,NA,NA,57,2175.526315789474,19.290003966168808,2985,667,3133,57,308.08771929824553,2.264379808226856,387,118,425.79999999999995
Dryopteris stewartii,stewartii,98,10.686706490662635,0.05203719754193673,11.598958015441895,4.466708183288574,16.242948532104492,98,25.719865448620855,0.04870393046982769,25.539499282836914,19.197500228881836,31.606250762939453,98,14.791284381126871,0.03821517805307347,13.840166727701822,10.67175006866455,19.77108319600423,98,0.01667,0,0.01667,0.01667,0.01667,98,942.6020408163264,4.512948771297578,823,516,1500,98,143.94897959183675,1.2321725568448791,110,34.1,286.3
Dryopteris subbipinnata,subbipinna,15,19.103083229064943,0.18167291442701658,20.362804412841797,14.522791862487793,22.180320739746094,15,25.100901412963868,0.19620990124242554,26.52251625061035,20.587249755859375,28.639171600341797,15,18.165931383768715,0.16785190811705838,19.40375264485677,13.759250322977701,20.74936294555664,15,NA,NA,NA,NA,NA,15,1636.2,36.993574731682415,1419,1098,2661,15,196.93333333333334,4.624123540577017,175,118.8,316.79999999999995
Dryopteris subcrenulata,subcren638,132,20.261327093297787,0.014554192868203381,19.989500045776367,17.931499481201172,22.804645538330078,132,27.756050890142266,0.011965786741738245,27.684874534606934,25.811750411987305,29.629499435424805,132,22.63965707836729,0.014558115818269187,22.726749420166016,19.99791717529297,25.322825113932293,132,NA,NA,NA,NA,NA,132,1844.0227272727273,4.095051327933548,1774,1291,2833,132,294.8484848484849,0.34982679803331723,295,242.3,359.6
Dryopteris subexaltata,subexaltat,309,20.796925118825968,0.007721415486831224,21.752283096313477,17.25069808959961,22.933372497558594,309,29.647206241644703,0.004116260802343178,29.941993713378906,27.104000091552734,30.57012939453125,309,24.892851295594646,0.004524051364821526,25.241992314656574,22.488444010416668,26.23457908630371,309,NA,NA,NA,NA,NA,309,2384.3786407766993,1.2161940014489256,2275,2108,2998,309,290.75080906148867,0.27969106000515814,249,228,408
Dryopteris sublacera,sublacera,120,8.737568786740303,0.04606425151472947,8.90639066696167,2.1251020550727846,15.625777053833012,120,19.389412498474123,0.03668932997796844,17.49287509918213,14.222074604034423,25.59325046539307,120,14.412814589341481,0.03796486087651813,13.728333314259848,9.057049910227457,20.37424157460531,120,NA,NA,NA,NA,NA,120,1140.75,7.148284536427288,810,664,3144.9000000000015,120,192.54999999999995,1.081762948199422,145,115.89999999999999,404.70000000000016
Dryopteris subpycnopteroides,subpycnopt,3,14.709906578063965,0,14.709906578063965,14.709906578063965,14.709906578063965,3,24.378999710083008,0,24.378999710083008,24.378999710083008,24.378999710083008,3,19.424917221069336,0,19.424917221069336,19.424917221069336,19.424917221069336,3,NA,NA,NA,NA,NA,3,892,0,892,892,892,3,137.33333333333334,4.438885412319595,144,126.4,145.6
Dryopteris tetrapinnata,tetrapinna,18,18.131606578826904,0.21385695053386217,17.442798137664795,14.522791862487793,23.65010643005371,18,24.1517817179362,0.2135559537396948,23.554883003234863,20.587249755859375,29.95025634765625,18,17.178110705481636,0.20055049251062296,16.581501483917236,13.759250322977701,22.081708908081055,18,NA,NA,NA,NA,NA,18,1415.5,13.424758044013494,1501.5,920,1584,18,172.38888888888889,1.735730168809053,176.5,113.10000000000001,202
Dryopteris tokyoensis,tokyoensis,1347,10.777137728912708,0.001742447171895566,10.985562324523926,7.337906360626221,13.447176933288578,1347,27.32866345145743,0.0014802530218808883,27.63425064086914,24.87714958190918,29.642000198364258,1347,19.852085658684427,0.0016003520204174338,20.048916498819988,16.755249977111816,22.155750274658203,1347,NA,NA,NA,NA,NA,1347,1617.7512991833703,0.2731061115937151,1572,1181,2167,1347,204.30809205642169,0.04249662441040225,192,148,284
Dryopteris transmorrisonensis,transmorri,114,11.91998429047434,0.013947420198431246,11.466760635375977,10.65609359741211,14.358718872070312,114,18.933868910136976,0.01530747845291306,18.790250778198242,17.253250122070312,21.16925048828125,114,15.363396837000261,0.016029226362482347,14.769833246866861,14.080499966939291,17.9391663869222,114,NA,NA,NA,NA,NA,114,3089.8947368421054,2.313413367135623,3288,2744,3335,114,458.47368421052636,0.721701834333144,452,358,602
Dryopteris tsugiwoi,tsugiwoi,9,15.614031473795572,0.12517186814180659,15.32955265045166,14.478989601135254,17.033552169799805,9,29.389930089314777,0.11714811239252103,29.26938247680664,28.23724937438965,30.663158416748047,9,23.373531553480362,0.10164336054449827,23.196910222371418,22.416666666666668,24.507017771402996,9,NA,NA,NA,NA,NA,9,2189,7.846324924116693,2192,2106,2269,9,319.22222222222223,2.3666782588251425,326,296.6,341
Dryopteris tsutsuiana,tsutsuiana,3,13.26200008392334,0,13.26200008392334,13.26200008392334,13.26200008392334,3,28.209999084472656,0,28.209999084472656,28.209999084472656,28.209999084472656,3,21.58733304341634,0,21.58733304341634,21.58733304341634,21.58733304341634,3,NA,NA,NA,NA,NA,3,2005,0,2005,2005,2005,3,305.6666666666667,28.145126543473708,343,235.8,360.6
Dryopteris tyrrhena,tyrrhen494,403,11.480817562888928,0.007630590750337414,11.14594841003418,7.741187572479248,15.600537300109863,403,25.454098249487487,0.0072887685852498765,26.303165435791016,21.344999313354492,28.421499252319336,403,9.957468468261416,0.006418448858055325,9.28401549657186,7.365666389465332,13.288343747456869,403,0,0,0,0,0,403,843.3250620347397,0.43590069934940123,890,563,959,403,98.63771712158807,0.06510660374575955,99,66,127
Dryopteris unidentata var. unidentata,unidentata,102,19.61803374570959,0.02697335421971603,20.911022186279297,15.843280792236328,22.180320739746094,102,25.329368535210104,0.02558319582360423,26.222864151000977,21.326749801635742,28.639171600341797,102,18.71207479402131,0.027206629049316852,20.14942232767741,15.322916666666666,21.059364318847656,102,NA,NA,NA,NA,NA,102,1958.764705882353,5.4087157151405405,1807,1330,2857,102,232.13725490196077,0.6037163019004204,229,158,318
Dryopteris uniformis,uniformis,6146,13.139018647607903,3.357549610346279e-4,13.359249114990234,10.501197814941406,15.59365463256836,6146,28.703854592661884,2.479898991659577e-4,28.853750228881836,26.767000198364258,30.398982048034668,6146,21.469188508636744,3.286246358011116e-4,21.790250142415363,18.7762500445048,23.754826227823894,6146,NA,NA,NA,NA,NA,6146,1681.4422388545418,0.056808560381770463,1650,1265,2137,6146,226.82460136674297,0.009603214374065456,216,162,301
Dryopteris varia,varia,3694,16.20601858238174,8.958782525528834e-4,15.935863494873047,11.85657024383545,20.87946891784668,3694,28.156440179801077,7.996329169106639e-4,29.04450035095215,23.135250091552734,30.68950080871582,3694,22.819941228702383,6.452043893683386e-4,23.20800018310547,19.783000310262043,25.086999893188477,3694,NA,NA,NA,NA,NA,3694,2148.880617217112,0.1746797574279934,2147,1282,3102,3694,319.30184082295665,0.02862867364448741,307,201,447
Dryopteris villarii,villari414,3923,6.497618289436929,7.408014475472657e-4,6.8881354331970215,2.8923542499542236,9.269635200500488,3923,20.62134337005888,8.864327381613658e-4,20.832000732421875,16.36574935913086,24.772750854492188,3923,11.11943328523405,5.870258093314294e-4,11.308437466621399,7.874833265940349,13.845499992370605,3923,NA,NA,NA,NA,NA,3923,1258.8404282436925,0.05671757648286787,1234,981.8000000000002,1506.8000000000002,3923,127.25439714504202,0.008185307138423257,117,93,175
Dryopteris wallichiana,wallichian,5526,13.645179468179743,7.585651755550026e-4,13.538322448730469,7.414760589599609,19.102344512939453,5526,21.775408465578337,7.730367251772906e-4,21.384750366210938,16.850248336791992,28.042999267578125,5526,14.945999985020789,6.961083983221241e-4,14.134333292643229,10.29249652226766,20.158833185831707,5526,1e-7,0,1e-7,1e-7,1e-7,5526,1608.0850524791977,0.12899909622479488,1384,928,2824,5526,228.02388707926204,0.017045712330939832,205,134,371
Dryopteris wattsii,wattsii,39,21.03748262845553,0.024951642585092304,20.784353256225586,19.416187286376953,21.95790672302246,39,29.043057955228367,0.021774775478268137,28.980749130249023,28.151750564575195,29.832000732421875,39,23.60009614015237,0.025177517810616633,23.537999471028645,22.701833089192707,24.312416712443035,39,0.0166666667,0,0.0166666667,0.0166666667,0.0166666667,39,2349.076923076923,19.81919326379301,1923,1615,3571,39,396.8205128205128,2.9120282216066764,363,274,579
Dryopteris yakusilvicola,yakusilvic,45,14.732200050354004,0.08132811835945952,12.39567756652832,10.65609359741211,19.97049903869629,45,22.13266716003418,0.09199773124211895,19.55299949645996,17.253250122070312,27.47599983215332,45,18.62990114423964,0.09201428489034613,15.94558302561442,14.080499966939291,23.942416508992512,45,NA,NA,NA,NA,NA,45,2875.4666666666667,10.392113257530987,2868,2393,3335,45,451.35555555555555,2.768976584516687,409,356,602
Dryopteris zhuweimingii,zhuweiming,324,14.539353676784184,0.010195516416689018,16.121042251586914,10.65609359741211,17.88899040222168,324,22.056506274658958,0.010028250118385845,22.76675033569336,18.05525016784668,26.305999755859375,324,18.434760084858645,0.010104714042690373,19.78575038909912,14.202499866485596,22.202125549316406,324,NA,NA,NA,NA,NA,324,2682.6728395061727,1.8124567141267378,2868,2393,3288,324,446.7962962962962,0.3617659071594674,447,356.1,602
