ClimateVariable,Site,AA,ClimateValuen,ClimateValueMean,ClimateValueSE,ClimateValueSD
ElevationWorldClim_mean,116,L,61,1101.7607772750453,14.848992631818296,905.788550540916
ElevationWorldClim_mean,116,K,1,1292.607142857143,NA,NA
ElevationWorldClim_mean,116,M,1,1431.75,NA,NA
ElevationWorldClim_mean,116,P,1,970.8592233009706,NA,NA
ElevationWorldClim_mean,116,S,27,900.9244265988367,19.746103807008655,533.1448027892337
ElevationWorldClim_mean,262,A,61,920.4660771039329,10.740582038413375,655.175504343216
ElevationWorldClim_mean,262,V,32,1243.4485984292937,31.018139913249257,992.5804772239762
ElevationWorldClim_mean,282,L,8,893.2524994820124,71.5961623442088,572.7692987536705
ElevationWorldClim_mean,282,F,39,842.502934136543,14.224277572255302,554.7468253179568
ElevationWorldClim_mean,282,H,20,1223.0621316790762,47.16668241667549,943.3336483335098
ElevationWorldClim_mean,282,Y,25,1213.7163516925805,40.38833371251364,1009.708342812841
ElevationWorldClim_mean,375,L,78,1092.9478765736528,10.852689209439712,846.5097583362975
ElevationWorldClim_mean,375,F,14,661.2215343094559,19.164010291728736,268.2961440842023
ElevationWorldClim_mean,375,I,1,1431.75,NA,NA
MeanTempApril_mean,116,L,61,12.11102856556559,0.10250360706085718,6.252720030712288
MeanTempApril_mean,116,K,1,20.980735962731497,NA,NA
MeanTempApril_mean,116,M,1,20.019479036331177,NA,NA
MeanTempApril_mean,116,P,1,-6.889704747179759,NA,NA
MeanTempApril_mean,116,S,27,14.006021027286963,0.22570948819452732,6.094156181252238
MeanTempApril_mean,262,A,61,13.193891165606924,0.09989566476207332,6.093635550486472
MeanTempApril_mean,262,V,32,10.839674443080831,0.22314842998882753,7.140749759642481
MeanTempApril_mean,282,L,8,16.004709039512296,0.6805480928135926,5.444384742508741
MeanTempApril_mean,282,F,39,11.455987958906821,0.18528851375340263,7.226252036382703
MeanTempApril_mean,282,H,20,12.07318761943783,0.3196487012945113,6.392974025890226
MeanTempApril_mean,282,Y,25,12.5984395185906,0.22360953159889976,5.590238289972494
MeanTempApril_mean,375,L,78,12.771740390070804,0.08026332578244566,6.260539411030762
MeanTempApril_mean,375,F,14,9.677265272768237,0.5368706806186172,7.51618952866064
MeanTempApril_mean,375,I,1,20.019479036331177,NA,NA
MeanTempNovember_mean,116,L,61,10.023540598210982,0.11025104608562522,6.725313811223138
MeanTempNovember_mean,116,K,1,19.139025224958147,NA,NA
MeanTempNovember_mean,116,M,1,20.220083236694336,NA,NA
MeanTempNovember_mean,116,P,1,-15.75975145963789,NA,NA
MeanTempNovember_mean,116,S,27,12.503042324835583,0.23165965383989345,6.254810653677123
MeanTempNovember_mean,262,A,61,11.381725372975325,0.10685246897658483,6.5180006075716745
MeanTempNovember_mean,262,V,32,8.569376038593468,0.2510660347113013,8.034113110761641
MeanTempNovember_mean,282,L,8,15.205585447186193,0.6697532585616844,5.3580260684934755
MeanTempNovember_mean,282,F,39,9.179320318345512,0.20154464793839574,7.8602412695974335
MeanTempNovember_mean,282,H,20,9.743409332490993,0.34507335344056245,6.9014670688112485
MeanTempNovember_mean,282,Y,25,10.925779810436383,0.24422016125149265,6.105504031287317
MeanTempNovember_mean,375,L,78,10.870530772922574,0.08626496547372191,6.728667306950309
MeanTempNovember_mean,375,F,14,7.170271247273618,0.6170438341138255,8.638613677593556
MeanTempNovember_mean,375,I,1,20.220083236694336,NA,NA
MinTempApril_mean,116,L,61,7.062224842082022,0.10394946503747911,6.340917367286226
MinTempApril_mean,116,K,1,15.085618502407202,NA,NA
MinTempApril_mean,116,M,1,15.024312416712442,NA,NA
MinTempApril_mean,116,P,1,-12.957074272401124,NA,NA
MinTempApril_mean,116,S,27,9.114702523245912,0.21621863725203172,5.8379032058048566
MinTempApril_mean,262,A,61,8.23616774003481,0.09922576731222658,6.052771806045822
MinTempApril_mean,262,V,32,5.762952324113382,0.2252597989331283,7.208313565860106
MinTempApril_mean,282,L,8,11.695568869072702,0.6837109426067568,5.469687540854054
MinTempApril_mean,282,F,39,6.1814600837899105,0.18005497748120214,7.022144121766884
MinTempApril_mean,282,H,20,6.99436531301249,0.3204726122383267,6.409452244766533
MinTempApril_mean,282,Y,25,7.884915476835746,0.23072498152719945,5.768124538179986
MinTempApril_mean,375,L,78,7.762794641726437,0.07994896166939328,6.236019010212676
MinTempApril_mean,375,F,14,4.735600860169799,0.5515675592254788,7.721945829156703
MinTempApril_mean,375,I,1,15.024312416712442,NA,NA
MinTempColdMonth_mean,116,L,61,-0.18507304724486365,0.14315718922656787,8.73258854282064
MinTempColdMonth_mean,116,K,1,12.665729776450563,NA,NA
MinTempColdMonth_mean,116,M,1,11.104854067166649,NA,NA
MinTempColdMonth_mean,116,P,1,-29.27896310287771,NA,NA
MinTempColdMonth_mean,116,S,27,3.429995012133836,0.28228364422061525,7.621658393956612
MinTempColdMonth_mean,262,A,61,1.6434644337260025,0.13859060968478074,8.454027190771624
MinTempColdMonth_mean,262,V,32,-1.5246760014236527,0.3069013562301578,9.82084339936505
MinTempColdMonth_mean,282,L,8,8.843756277493291,0.7517819100044821,6.014255280035857
MinTempColdMonth_mean,282,F,39,-1.4319951348937916,0.2545292044239994,9.926638972535976
MinTempColdMonth_mean,282,H,20,-0.49221280002808454,0.44569632043027657,8.913926408605532
MinTempColdMonth_mean,282,Y,25,1.4380831945104082,0.2754987644189414,6.887469110473535
MinTempColdMonth_mean,375,L,78,1.2352173975069287,0.11001782116546774,8.581390050906483
MinTempColdMonth_mean,375,F,14,-3.99929376149841,0.7361362703542161,10.305907784959025
MinTempColdMonth_mean,375,I,1,11.104854067166649,NA,NA
MinTempNovember_mean,116,L,61,5.406514741838394,0.1114992218798242,6.801452534669276
MinTempNovember_mean,116,K,1,14.085467070128235,NA,NA
MinTempNovember_mean,116,M,1,14.579375267028809,NA,NA
MinTempNovember_mean,116,P,1,-20.467113274972416,NA,NA
MinTempNovember_mean,116,S,27,8.04706398304826,0.21708463888481438,5.861285249889988
MinTempNovember_mean,262,A,61,6.907872475648874,0.10467497987122396,6.385173772144661
MinTempNovember_mean,262,V,32,3.9059940275823752,0.2513345675544671,8.042706161742947
MinTempNovember_mean,282,L,8,11.38632691923717,0.6540246314791287,5.23219705183303
MinTempNovember_mean,282,F,39,4.601061371498527,0.19336400960681838,7.541196374665916
MinTempNovember_mean,282,H,20,4.980284657652033,0.3503976295615698,7.007952591231396
MinTempNovember_mean,282,Y,25,6.448315417897014,0.250405398121907,6.260134953047675
MinTempNovember_mean,375,L,78,6.322300101802093,0.08569654136925157,6.684330226801623
MinTempNovember_mean,375,F,14,2.7609461921160965,0.6179832650555429,8.651765710777601
MinTempNovember_mean,375,I,1,14.579375267028809,NA,NA
TempSeasonality_mean,116,L,61,5.92140128496147,0.04865134429928718,2.967732002256518
TempSeasonality_mean,116,K,1,1.0753499574661254,NA,NA
TempSeasonality_mean,116,M,1,1.8607539304097491,NA,NA
TempSeasonality_mean,116,P,1,13.769717967209306,NA,NA
TempSeasonality_mean,116,S,27,4.855396518933205,0.10615254772568505,2.8661187885934964
TempSeasonality_mean,262,A,61,5.4903907043563995,0.05025071327437933,3.0652935097371388
TempSeasonality_mean,262,V,32,6.086484184581405,0.0961304518664559,3.0761744597265888
TempSeasonality_mean,282,L,8,2.7021904270048536,0.20420975656283888,1.633678052502711
TempSeasonality_mean,282,F,39,6.373607209855045,0.08749240734013787,3.412203886265377
TempSeasonality_mean,282,H,20,5.937436658221133,0.1505967115285838,3.011934230571676
TempSeasonality_mean,282,Y,25,5.535572470758065,0.09255704095685387,2.3139260239213466
TempSeasonality_mean,375,L,78,5.375261459335902,0.03810509234321503,2.9721972027707726
TempSeasonality_mean,375,F,14,7.75358422240966,0.2004203535267404,2.8058849493743656
TempSeasonality_mean,375,I,1,1.8607539304097491,NA,NA
elevationAccuracy_mean,116,L,61,120.15860922262183,3.581227625669987,218.4548851658692
elevationAccuracy_mean,116,K,1,229.29285714285712,NA,NA
elevationAccuracy_mean,116,M,1,135.70833333333331,NA,NA
elevationAccuracy_mean,116,P,1,24.06310679611652,NA,NA
elevationAccuracy_mean,116,S,27,102.4863512120351,6.547736323883593,176.788880744857
elevationAccuracy_mean,262,A,60,117.61219301991024,3.3147177428912924,198.88306457347755
elevationAccuracy_mean,262,V,32,100.3224224978503,6.541170429556897,209.3174537458207
elevationAccuracy_mean,282,L,8,109.6212582590245,15.888415573772614,127.10732459018091
elevationAccuracy_mean,282,F,39,121.02336208444883,5.808390619965255,226.52723417864496
elevationAccuracy_mean,282,H,20,90.47259763498407,7.0529840029920905,141.0596800598418
elevationAccuracy_mean,282,Y,25,110.87017690395614,9.152704882502224,228.81762206255559
elevationAccuracy_mean,375,L,77,123.68529567101191,2.831099105735947,217.99463114166792
elevationAccuracy_mean,375,F,14,43.398071508898184,1.9396047933921527,27.154467107490138
elevationAccuracy_mean,375,I,1,135.70833333333331,NA,NA
elevation_mean,116,L,61,1121.8177601572033,14.375283937785595,876.8923202049212
elevation_mean,116,K,1,1201.9214285714286,NA,NA
elevation_mean,116,M,1,1944.875,NA,NA
elevation_mean,116,P,1,978.9625728155344,NA,NA
elevation_mean,116,S,27,953.1143261492516,24.507680163204558,661.7073644065231
elevation_mean,262,A,61,937.228868612493,11.12855723519421,678.8419913468468
elevation_mean,262,V,32,1298.996075959758,30.26625036454032,968.5200116652902
elevation_mean,282,L,8,1117.6646226140595,86.6122681261547,692.8981450092376
elevation_mean,282,F,39,826.272803851475,14.866000065975259,579.7740025730351
elevation_mean,282,H,20,1176.074799613066,43.89867946014354,877.9735892028708
elevation_mean,282,Y,25,1311.6814775538746,40.53474546849146,1013.3686367122864
elevation_mean,375,L,78,1113.0119583213,10.79567029486853,842.0622829997454
elevation_mean,375,F,14,712.7876905009258,29.300449509228688,410.20629312920164
elevation_mean,375,I,1,1944.875,NA,NA
MinTempColdWeek_mean,116,L,61,-0.0779335423514578,0.15305255051661534,9.336205581513536
MinTempColdWeek_mean,116,K,1,13.821932796708175,NA,NA
MinTempColdWeek_mean,116,M,1,13.417166550954184,NA,NA
MinTempColdWeek_mean,116,P,1,-31.783122030118612,NA,NA
MinTempColdWeek_mean,116,S,27,3.753665419175015,0.3079294435956881,8.314094977083577
MinTempColdWeek_mean,262,A,61,1.821404919262966,0.1470097342776098,8.967593790934197
MinTempColdWeek_mean,262,V,32,-1.4064217878584164,0.33765798739915986,10.805055596773116
MinTempColdWeek_mean,282,L,8,9.725543437531195,0.885180082067941,7.081440656543528
MinTempColdWeek_mean,282,F,39,-1.3861607252715322,0.273030904127131,10.64820526095811
MinTempColdWeek_mean,282,H,20,-0.19054974995855858,0.46283749398960505,9.256749879792102
MinTempColdWeek_mean,282,Y,25,1.3546847500314543,0.304712241316811,7.617806032920275
MinTempColdWeek_mean,375,L,78,1.4703218753955634,0.11763541387849297,9.175562282522451
MinTempColdWeek_mean,375,F,14,-4.428719283445455,0.7934234034428539,11.107927648199954
MinTempColdWeek_mean,375,I,1,13.417166550954184,NA,NA
elevationAccuracy_mean,116,L,61,120.15866389892734,3.581227201463572,218.4548592892779
elevationAccuracy_mean,116,K,1,229.29285714285712,NA,NA
elevationAccuracy_mean,116,M,1,135.70833333333331,NA,NA
elevationAccuracy_mean,116,P,1,24.180487804878048,NA,NA
elevationAccuracy_mean,116,S,27,102.48703384987306,6.5477259004031465,176.78859931088496
elevationAccuracy_mean,262,A,60,117.61255579451456,3.314715039831628,198.88290238989768
elevationAccuracy_mean,262,V,32,100.3260906543741,6.541127351992554,209.31607526376172
elevationAccuracy_mean,282,L,8,109.6212582590245,15.888415573772614,127.10732459018091
elevationAccuracy_mean,282,F,39,121.02692996868012,5.8083508478804955,226.52568306733932
elevationAccuracy_mean,282,H,20,90.47259763498407,7.0529840029920905,141.0596800598418
elevationAccuracy_mean,282,Y,25,110.87017690395614,9.152704882502224,228.81762206255559
elevationAccuracy_mean,375,L,77,123.68533898600718,2.8310988306452654,217.99460995968545
elevationAccuracy_mean,375,F,14,43.40777238249716,1.9391053748572065,27.14747524800089
elevationAccuracy_mean,375,I,1,135.70833333333331,NA,NA
elevation_mean,116,L,61,1106.2888745347657,14.423574932058893,879.8380708555925
elevation_mean,116,K,1,1201.9214285714286,NA,NA
elevation_mean,116,M,1,1944.875,NA,NA
elevation_mean,116,P,1,983.0062926829268,NA,NA
elevation_mean,116,S,27,936.7029825083823,24.646426219544477,665.4535079277009
elevation_mean,262,A,61,914.5843125299949,11.165943881971376,681.1225768002539
elevation_mean,262,V,32,1294.7482411645117,30.351685748908867,971.2539439650837
elevation_mean,282,L,8,1117.6646226140595,86.6122681261547,692.8981450092376
elevation_mean,282,F,39,794.6012934294836,14.830907757050833,578.4054025249825
elevation_mean,282,H,20,1168.9705348776993,43.946007625142684,878.9201525028536
elevation_mean,282,Y,25,1306.082500221264,40.674562275935074,1016.8640568983768
elevation_mean,375,L,78,1095.846351486422,10.86904757135025,847.7857105653195
elevation_mean,375,F,14,700.0497404037957,28.65500838579568,401.1701174011395
elevation_mean,375,I,1,1944.875,NA,NA
