group	state_from	state_to	all	target	target_combinat	has_target_high_combinat_prob_site	site_tsi	site_rank1	site_rank2	site_rank3	site_rank4	site_rank5	max_dist_bl
A	GCA	GCC	2.0001	0.0000	0.0000	False	0.5000	1.0000	1.0000	0.0000	0.0000	0.0000	0.0902914512
A	GCA	GCG	3.0046	0.0000	0.0000	False	0.3328	1.0000	1.0000	1.0000	0.0039	0.0003	0.5082691645999999
A	GCA	GCT	0.0045	0.0000	0.0000	False	0.4807	0.0022	0.0003	0.0002	0.0002	0.0002	
A	GCC	GCA	1.0023	0.0000	0.0000	False	0.9977	1.0000	0.0022	0.0001	0.0000	0.0000	
A	GCC	GCG	0.0016	0.0000	0.0000	False	0.4867	0.0008	0.0007	0.0000	0.0000	0.0000	
A	GCC	GCT	13.0025	0.0000	0.0000	False	0.2307	3.0002	3.0000	2.0007	1.9896	1.0005	0.5349342248000001
A	GCG	GCA	10.0055	1.0000	0.0000	False	0.3003	3.0043	2.0006	2.0001	2.0000	1.0000	0.08417157220000002
A	GCG	GCC	1.0017	0.0000	0.0000	False	0.9999	1.0016	0.0000	0.0000	0.0000	0.0000	
A	GCG	GCT	2.0008	0.0000	0.0000	False	0.4998	1.0000	1.0000	0.0008	0.0001	0.0000	0.5082691645999999
A	GCT	GCA	1.0024	0.0000	0.0000	False	0.9977	1.0001	0.0003	0.0002	0.0002	0.0002	
A	GCT	GCC	19.0234	0.0000	0.0000	False	0.2628	5.0001	3.0000	2.0001	2.0000	1.0151	0.5124455564
A	GCT	GCG	3.0003	0.0000	0.0000	False	0.3333	1.0000	1.0000	1.0000	0.0003	0.0000	
C	TGC	TGT	7.0038	0.0000	0.0000	False	0.4284	3.0002	2.0000	1.0013	1.0009	0.0014	0.5309683189
C	TGT	TGC	1.0157	0.0000	0.0000	False	0.9850	1.0005	0.0096	0.0035	0.0018	0.0004	
D	GAC	GAT	13.4261	0.0035	0.0000	False	0.2236	3.0017	3.0003	2.0000	2.0000	2.0000	0.5280565969000001
D	GAT	GAC	28.9390	0.0000	0.0000	False	0.6888	19.9335	3.0014	1.0003	1.0000	1.0000	0.5390509790000001
E	GAA	GAG	20.0126	0.0000	0.0000	False	0.2501	5.0044	3.0006	2.0042	2.0001	2.0000	0.5359708680999999
E	GAG	GAA	18.0553	0.0000	0.0000	False	0.3878	7.0021	4.0004	3.0000	2.0175	1.0231	0.5184251111
F	TTC	TTT	40.3707	0.0000	0.0000	False	0.2046	8.2616	3.9981	3.0913	3.0006	3.0000	0.5318400815000001
F	TTT	TTC	11.1871	0.0000	0.0000	False	0.3585	4.0105	2.0000	1.9876	1.1366	1.0000	0.5201458334999998
G	GGA	GGC	1.0002	0.0000	0.0000	False	0.9998	1.0000	0.0001	0.0001	0.0000	0.0000	
G	GGA	GGG	12.0369	0.0003	0.0000	False	0.2501	3.0098	3.0066	3.0063	1.0064	1.0000	0.5118193607
G	GGA	GGT	0.0021	0.0000	0.0000	False	0.1240	0.0003	0.0003	0.0002	0.0002	0.0001	
G	GGC	GGA	1.0003	0.0000	0.0000	False	0.9997	1.0000	0.0002	0.0000	0.0000	0.0000	
G	GGC	GGG	0.0018	0.0000	0.0000	False	0.9113	0.0017	0.0000	0.0000	0.0000	0.0000	
G	GGC	GGT	16.0802	0.0000	0.0000	False	0.5608	9.0173	3.0459	2.0001	1.0114	1.0000	0.5318330653000001
G	GGG	GGA	14.3130	0.0000	0.0000	False	0.2097	3.0019	2.1928	2.0018	2.0001	1.0001	0.5281127264
G	GGG	GGC	2.0005	0.0000	0.0000	False	0.5000	1.0002	1.0000	0.0001	0.0000	0.0000	0.5244783357999999
G	GGG	GGT	6.0062	0.0000	0.0000	False	0.1671	1.0035	1.0001	1.0001	1.0000	1.0000	0.4987990513999999
G	GGT	GGA	1.0060	0.0000	0.0000	False	0.9942	1.0001	0.0032	0.0010	0.0003	0.0002	
G	GGT	GGC	16.1197	0.0000	0.0000	False	0.2491	4.0160	4.0001	4.0000	1.0968	1.0040	0.5281127264
G	GGT	GGG	1.0148	0.0000	0.0000	False	0.9981	1.0128	0.0008	0.0002	0.0002	0.0002	
H	CAC	CAT	3.0131	0.0000	0.0000	False	0.3325	1.0020	1.0001	1.0001	0.0043	0.0037	0.5102968457
H	CAT	CAC	9.0163	0.0000	0.0000	False	0.5551	5.0047	2.0001	1.0001	1.0000	0.0106	0.5274128607
I	ATA	ATC	1.0000	0.0000	0.0000	False	1.0000	1.0000	0.0000	0.0000	0.0000	0.0000	
I	ATA	ATT	0.0088	0.0000	0.0000	False	0.5966	0.0052	0.0035	0.0000	0.0000	0.0000	
I	ATC	ATA	0.0004	0.0000	0.0000	False	0.9258	0.0004	0.0000	0.0000	0.0000	0.0000	
I	ATC	ATT	25.3003	2.0000	0.0000	False	0.3152	7.9750	6.0000	3.0000	2.4066	2.0006	0.5281127264
I	ATT	ATA	5.0013	0.0000	0.0000	False	0.7998	4.0001	1.0000	0.0006	0.0006	0.0000	0.0917385416
I	ATT	ATC	20.2008	1.0000	0.0000	False	0.3453	6.9748	6.0062	4.9064	1.3032	1.0000	0.5344308127
K	AAA	AAG	1.0038	0.0000	0.0000	False	0.9963	1.0000	0.0015	0.0014	0.0007	0.0000	
K	AAG	AAA	16.0105	0.0000	0.0000	False	0.2500	4.0032	4.0003	3.0066	3.0000	1.0000	0.5213859467
L	CTA	CTC	0.0043	0.0000	0.0000	False	0.6591	0.0029	0.0007	0.0007	0.0000	0.0000	
L	CTA	CTG	0.9945	0.0000	0.0000	False	0.9996	0.9941	0.0003	0.0001	0.0000	0.0000	
L	CTA	CTT	0.2157	0.0000	0.0000	False	0.9922	0.2140	0.0015	0.0001	0.0000	0.0000	
L	CTA	TTA	6.0270	0.0000	0.0000	False	0.3321	2.0014	2.0001	1.0000	1.0000	0.0168	0.48991479079999994
L	CTA	TTG	0.0061	0.0000	0.0000	False	0.5418	0.0033	0.0023	0.0003	0.0001	0.0001	
L	CTC	CTA	1.0166	0.0000	0.0000	False	0.9837	1.0000	0.0166	0.0000	0.0000	0.0000	
L	CTC	CTG	1.0022	0.0000	0.0000	False	0.9978	1.0000	0.0015	0.0007	0.0000	0.0000	
L	CTC	CTT	19.5261	0.9996	0.0000	False	0.3841	7.5001	7.0003	4.0163	1.0028	0.0059	0.5297054033
L	CTC	TTA	0.9173	0.0000	0.0000	False	1.0000	0.9173	0.0000	0.0000	0.0000	0.0000	
L	CTC	TTG	0.0131	0.0000	0.0000	False	0.9985	0.0130	0.0000	0.0000	0.0000	0.0000	
L	CTG	CTA	4.0009	0.0000	0.0000	False	0.7499	3.0001	1.0000	0.0008	0.0000	0.0000	0.5220682719000002
L	CTG	CTC	0.0008	0.0000	0.0000	False	0.6878	0.0006	0.0003	0.0000	0.0000	0.0000	
L	CTG	CTT	1.0017	0.0000	0.0000	False	0.9983	1.0000	0.0017	0.0000	0.0000	0.0000	
L	CTG	TTA	0.0013	0.0000	0.0000	False	0.9768	0.0013	0.0000	0.0000	0.0000	0.0000	
L	CTG	TTG	10.0420	0.0000	0.0000	False	0.4019	4.0358	3.0000	2.0007	1.0053	0.0001	0.5250115669
L	CTT	CTA	1.0900	0.0000	0.0000	False	0.9175	1.0001	0.0898	0.0000	0.0000	0.0000	
L	CTT	CTC	9.5106	0.0000	0.0000	False	0.4208	4.0018	3.0015	1.5012	1.0000	0.0049	0.5348991438
L	CTT	CTG	1.0016	0.0000	0.0000	False	0.9983	0.9999	0.0015	0.0003	0.0000	0.0000	
L	CTT	TTA	0.0173	0.0000	0.0000	False	0.9234	0.0159	0.0012	0.0000	0.0000	0.0000	
L	CTT	TTG	0.0009	0.0000	0.0000	False	0.8563	0.0008	0.0000	0.0000	0.0000	0.0000	
L	TTA	CTA	4.9268	0.0000	0.0000	False	0.4061	2.0009	1.0035	1.0009	0.9126	0.0024	0.5124455564
L	TTA	CTC	0.0079	0.0000	0.0000	False	0.9962	0.0078	0.0000	0.0000	0.0000	0.0000	
L	TTA	CTG	1.0007	0.0000	0.0000	False	0.9993	1.0000	0.0006	0.0000	0.0000	0.0000	
L	TTA	CTT	0.7874	0.0000	0.0000	False	0.9982	0.7860	0.0008	0.0003	0.0002	0.0000	
L	TTA	TTG	6.0140	0.0000	0.0000	False	0.3322	1.9977	1.0007	1.0006	1.0000	1.0000	0.5185057973999999
L	TTG	CTA	1.0008	0.0000	0.0000	False	0.9992	1.0000	0.0006	0.0001	0.0000	0.0000	
L	TTG	CTC	0.0015	0.0000	0.0000	False	0.9469	0.0014	0.0001	0.0000	0.0000	0.0000	
L	TTG	CTG	4.0109	0.0000	0.0000	False	0.2493	1.0000	1.0000	1.0000	1.0000	0.0036	0.5121771868
L	TTG	CTT	1.0007	0.0000	0.0000	False	0.9993	1.0000	0.0006	0.0000	0.0000	0.0000	
L	TTG	TTA	8.4109	0.0000	0.0000	False	0.2378	2.0000	1.3901	1.0022	1.0011	1.0000	0.5220682719000002
N	AAC	AAT	5.1273	0.0000	0.0000	False	0.3907	2.0031	1.0083	1.0000	1.0000	0.0847	0.5213859467
N	AAT	AAC	24.0408	0.0000	0.0000	False	0.3751	9.0189	7.0019	4.0001	1.0181	1.0011	0.5281127264
P	CCA	CCC	1.0001	0.0000	0.0000	False	0.9998	0.9999	0.0001	0.0000	0.0000	0.0000	
P	CCA	CCG	4.0104	0.0000	0.0000	False	0.5002	2.0061	1.0010	1.0000	0.0033	0.0001	0.0672888461
P	CCA	CCT	3.0003	0.0000	0.0000	False	0.9999	3.0001	0.0001	0.0000	0.0000	0.0000	0.5359673600000001
P	CCC	CCA	0.0011	0.0000	0.0000	False	0.8838	0.0010	0.0000	0.0000	0.0000	0.0000	
P	CCC	CCG	1.0007	0.0000	0.0000	False	0.9997	1.0004	0.0001	0.0001	0.0000	0.0000	
P	CCC	CCT	12.3692	0.0000	0.0000	False	0.4338	5.3660	2.0000	2.0000	1.0005	1.0000	0.5082691645999999
P	CCG	CCA	4.0012	0.0000	0.0000	False	0.7499	3.0003	1.0000	0.0006	0.0003	0.0001	0.0650699736
P	CCG	CCC	1.0031	0.0000	0.0000	False	0.9969	1.0000	0.0029	0.0001	0.0000	0.0000	
P	CCG	CCT	0.0001	0.0000	0.0000	False	0.4177	0.0000	0.0000	0.0000	0.0000	0.0000	
P	CCT	CCA	1.0003	0.0000	0.0000	False	0.9997	1.0000	0.0001	0.0001	0.0000	0.0000	
P	CCT	CCC	10.0114	0.0000	0.0000	False	0.4009	4.0131	3.9911	1.0004	1.0000	0.0030	0.5191372552000001
P	CCT	CCG	0.0000	0.0000	0.0000	False	0.2582	0.0000	0.0000	0.0000	0.0000	0.0000	
Q	CAA	CAG	3.0079	0.0000	0.0000	False	0.9976	3.0006	0.0060	0.0013	0.0000	0.0000	0.0640578871
Q	CAG	CAA	6.0013	0.0000	0.0000	False	0.3334	2.0007	2.0003	1.0000	1.0000	0.0003	0.5280355482000001
R	AGA	AGG	4.0009	0.0000	0.0000	False	0.7501	3.0009	1.0000	0.0000	0.0000	0.0000	0.0761397799
R	AGA	CGA	0.0002	0.0000	0.0000	False	0.2608	0.0001	0.0000	0.0000	0.0000	0.0000	
R	AGA	CGC	1.0000	0.0000	0.0000	False	1.0000	1.0000	0.0000	0.0000	0.0000	0.0000	
R	AGA	CGG	0.0000	0.0000	0.0000	False	1.0000	0.0000	0.0000	0.0000	0.0000	0.0000	
R	AGA	CGT	0.0002	0.0000	0.0000	False	0.4798	0.0001	0.0000	0.0000	0.0000	0.0000	
R	AGG	AGA	0.0135	0.0000	0.0000	False	0.9978	0.0135	0.0000	0.0000	0.0000	0.0000	
R	AGG	CGA	0.0000	0.0000	0.0000	False	0.9953	0.0000	0.0000	0.0000	0.0000	0.0000	
R	AGG	CGC	0.0000	0.0000	0.0000	False	1.0000	0.0000	0.0000	0.0000	0.0000	0.0000	
R	AGG	CGG	0.0000	0.0000	0.0000	False	1.0000	0.0000	0.0000	0.0000	0.0000	0.0000	
R	AGG	CGT	0.0000	0.0000	0.0000	False	1.0000	0.0000	0.0000	0.0000	0.0000	0.0000	
R	CGA	AGA	0.0002	0.0000	0.0000	False	0.2475	0.0001	0.0000	0.0000	0.0000	0.0000	
R	CGA	AGG	0.0000	0.0000	0.0000	False	0.9970	0.0000	0.0000	0.0000	0.0000	0.0000	
R	CGA	CGC	0.0006	0.0000	0.0000	False	0.5916	0.0004	0.0001	0.0001	0.0000	0.0000	
R	CGA	CGG	4.0000	0.0000	0.0000	False	0.5000	2.0000	1.0000	1.0000	0.0000	0.0000	0.4759788677
R	CGA	CGT	0.0026	0.0000	0.0000	False	0.7791	0.0020	0.0001	0.0001	0.0001	0.0001	
R	CGC	AGA	0.0002	0.0000	0.0000	False	1.0000	0.0002	0.0000	0.0000	0.0000	0.0000	
R	CGC	AGG	0.0000	0.0000	0.0000	False	1.0000	0.0000	0.0000	0.0000	0.0000	0.0000	
R	CGC	CGA	0.0017	0.0000	0.0000	False	0.9236	0.0016	0.0000	0.0000	0.0000	0.0000	
R	CGC	CGG	0.0000	0.0000	0.0000	False	0.8460	0.0000	0.0000	0.0000	0.0000	0.0000	
R	CGC	CGT	15.4199	0.0000	0.0000	False	0.2594	4.0001	3.3121	2.0507	2.0005	2.0001	0.5390509790000001
R	CGG	AGA	0.0000	0.0000	0.0000	False							
R	CGG	AGG	0.0000	0.0000	0.0000	False							
R	CGG	CGA	0.0002	0.0000	0.0000	False	1.0000	0.0002	0.0000	0.0000	0.0000	0.0000	
R	CGG	CGC	0.0000	0.0000	0.0000	False							
R	CGG	CGT	0.0000	0.0000	0.0000	False	1.0000	0.0000	0.0000	0.0000	0.0000	0.0000	
R	CGT	AGA	0.0011	0.0000	0.0000	False	0.9058	0.0010	0.0000	0.0000	0.0000	0.0000	
R	CGT	AGG	0.0001	0.0000	0.0000	False	1.0000	0.0001	0.0000	0.0000	0.0000	0.0000	
R	CGT	CGA	0.0032	0.0000	0.0000	False	0.8441	0.0027	0.0001	0.0001	0.0001	0.0001	
R	CGT	CGC	14.7178	0.0000	0.0000	False	0.2957	4.3517	4.0138	4.0000	2.0113	0.3151	0.5140294630999999
R	CGT	CGG	1.0000	0.0000	0.0000	False	1.0000	1.0000	0.0000	0.0000	0.0000	0.0000	
S	AGC	AGT	0.0014	0.0000	0.0000	False	1.0000	0.0014	0.0000	0.0000	0.0000	0.0000	
S	AGC	TCA	0.0000	0.0000	0.0000	False							
S	AGC	TCC	0.0000	0.0000	0.0000	False							
S	AGC	TCG	0.0000	0.0000	0.0000	False							
S	AGC	TCT	0.0000	0.0000	0.0000	False							
S	AGT	AGC	4.0003	0.0000	0.0000	False	0.7500	3.0003	1.0000	0.0000	0.0000	0.0000	0.5281127264
S	AGT	TCA	0.0000	0.0000	0.0000	False							
S	AGT	TCC	0.0000	0.0000	0.0000	False							
S	AGT	TCG	0.0000	0.0000	0.0000	False							
S	AGT	TCT	0.0000	0.0000	0.0000	False							
S	TCA	AGC	0.0000	0.0000	0.0000	False							
S	TCA	AGT	0.0000	0.0000	0.0000	False							
S	TCA	TCC	0.0000	0.0000	0.0000	False	1.0000	0.0000	0.0000	0.0000	0.0000	0.0000	
S	TCA	TCG	0.0006	0.0000	0.0000	False	1.0000	0.0006	0.0000	0.0000	0.0000	0.0000	
S	TCA	TCT	0.0001	0.0000	0.0000	False	0.7143	0.0001	0.0000	0.0000	0.0000	0.0000	
S	TCC	AGC	0.0000	0.0000	0.0000	False							
S	TCC	AGT	0.0000	0.0000	0.0000	False							
S	TCC	TCA	0.0000	0.0000	0.0000	False	1.0000	0.0000	0.0000	0.0000	0.0000	0.0000	
S	TCC	TCG	0.0004	0.0000	0.0000	False	0.8220	0.0004	0.0000	0.0000	0.0000	0.0000	
S	TCC	TCT	9.1548	0.0049	0.0000	False	0.2185	2.0003	2.0003	2.0000	1.0068	1.0000	0.5318400815000001
S	TCG	AGC	0.0000	0.0000	0.0000	False							
S	TCG	AGT	0.0000	0.0000	0.0000	False							
S	TCG	TCA	2.0000	0.0000	0.0000	False	1.0000	2.0000	0.0000	0.0000	0.0000	0.0000	0.049241431
S	TCG	TCC	0.0001	0.0000	0.0000	False	0.2500	0.0000	0.0000	0.0000	0.0000	0.0000	
S	TCG	TCT	0.0019	0.0000	0.0000	False	0.7947	0.0015	0.0004	0.0000	0.0000	0.0000	
S	TCT	AGC	0.0000	0.0000	0.0000	False							
S	TCT	AGT	0.0000	0.0000	0.0000	False							
S	TCT	TCA	0.0000	0.0000	0.0000	False	0.9945	0.0000	0.0000	0.0000	0.0000	0.0000	
S	TCT	TCC	13.8622	0.0000	0.0000	False	0.5771	8.0005	2.0045	2.0000	1.0000	0.8526	0.5102056352
S	TCT	TCG	1.0000	0.0000	0.0000	False	1.0000	1.0000	0.0000	0.0000	0.0000	0.0000	
T	ACA	ACC	3.0018	0.0000	0.0000	False	0.9999	3.0015	0.0002	0.0000	0.0000	0.0000	0.5201458334999998
T	ACA	ACG	5.0017	0.0000	0.0000	False	0.5998	3.0000	1.0007	1.0001	0.0009	0.0000	0.5318400815000001
T	ACA	ACT	1.0016	0.0000	0.0000	False	0.9985	1.0000	0.0014	0.0001	0.0000	0.0000	
T	ACC	ACA	2.0044	0.0000	0.0000	False	0.5001	1.0025	1.0019	0.0000	0.0000	0.0000	0.039466113399999996
T	ACC	ACG	1.0152	0.0000	0.0000	False	0.9851	1.0000	0.0129	0.0018	0.0001	0.0001	
T	ACC	ACT	14.0033	0.0001	0.0000	False	0.2142	3.0001	2.9995	2.0025	2.0000	1.0001	0.531464715
T	ACG	ACA	6.0162	0.0000	0.0000	False	0.3348	2.0145	2.0000	1.0000	1.0000	0.0014	0.5359673600000001
T	ACG	ACC	4.0010	0.0000	0.0000	False	0.4999	2.0001	1.0001	1.0000	0.0002	0.0001	0.4607186373
T	ACG	ACT	0.0018	0.0000	0.0000	False	0.9723	0.0018	0.0000	0.0000	0.0000	0.0000	
T	ACT	ACA	1.0005	0.0000	0.0000	False	0.9995	1.0000	0.0003	0.0001	0.0000	0.0000	
T	ACT	ACC	5.1459	0.0000	0.0000	False	0.5830	3.0001	1.0070	1.0003	0.1340	0.0023	0.0715897754
T	ACT	ACG	1.0001	0.0000	0.0000	False	0.9999	1.0000	0.0001	0.0000	0.0000	0.0000	
V	GTA	GTC	2.0014	0.0000	0.0000	False	0.4996	1.0000	1.0000	0.0012	0.0001	0.0001	0.5256325004
V	GTA	GTG	4.0084	0.0000	0.0000	False	0.7504	3.0080	1.0000	0.0003	0.0001	0.0000	0.5172727005
V	GTA	GTT	2.0002	0.0000	0.0000	False	0.9998	1.9998	0.0001	0.0001	0.0001	0.0001	0.5348991438000001
V	GTC	GTA	2.0101	0.0000	0.0000	False	0.5017	1.0086	1.0000	0.0015	0.0000	0.0000	0.5017388383999999
V	GTC	GTG	0.0002	0.0000	0.0000	False	0.5279	0.0001	0.0000	0.0000	0.0000	0.0000	
V	GTC	GTT	12.8159	0.0000	0.0000	False	0.2341	3.0002	2.0000	2.0000	2.0000	1.8125	0.5337344549999999
V	GTG	GTA	2.0171	0.0000	0.0000	False	0.9925	2.0020	0.0149	0.0002	0.0000	0.0000	0.4505100694
V	GTG	GTC	1.0002	0.0000	0.0000	False	0.9998	1.0000	0.0001	0.0000	0.0000	0.0000	
V	GTG	GTT	2.0001	0.0000	0.0000	False	1.0000	2.0000	0.0001	0.0000	0.0000	0.0000	0.0579643192
V	GTT	GTA	0.0007	0.0000	0.0000	False	0.5244	0.0004	0.0001	0.0001	0.0000	0.0000	
V	GTT	GTC	6.1632	0.0000	0.0000	False	0.5113	3.1514	3.0091	0.0010	0.0009	0.0003	0.0625511585
V	GTT	GTG	0.0014	0.0000	0.0000	False	0.9612	0.0014	0.0000	0.0000	0.0000	0.0000	
Y	TAC	TAT	22.0202	0.0000	0.0000	False	0.1822	4.0115	3.0006	3.0005	2.0032	2.0020	0.5390509790000001
Y	TAT	TAC	11.0581	0.0000	0.0000	False	0.8147	9.0087	1.0101	1.0000	0.0141	0.0132	0.08041439839999999
